-- MySQL dump 10.13  Distrib 5.7.31, for osx10.15 (x86_64)
--
-- Host: goosetunetv-development.ceq1pdgylh31.ap-northeast-1.rds.amazonaws.com    Database: goosetunetv_development
-- ------------------------------------------------------
-- Server version	5.7.38-log

/*!40101 SET @OLD_CHARACTER_SET_CLIENT=@@CHARACTER_SET_CLIENT */;
/*!40101 SET @OLD_CHARACTER_SET_RESULTS=@@CHARACTER_SET_RESULTS */;
/*!40101 SET @OLD_COLLATION_CONNECTION=@@COLLATION_CONNECTION */;
/*!40101 SET NAMES utf8 */;
/*!40103 SET @OLD_TIME_ZONE=@@TIME_ZONE */;
/*!40103 SET TIME_ZONE='+00:00' */;
/*!40014 SET @OLD_UNIQUE_CHECKS=@@UNIQUE_CHECKS, UNIQUE_CHECKS=0 */;
/*!40014 SET @OLD_FOREIGN_KEY_CHECKS=@@FOREIGN_KEY_CHECKS, FOREIGN_KEY_CHECKS=0 */;
/*!40101 SET @OLD_SQL_MODE=@@SQL_MODE, SQL_MODE='NO_AUTO_VALUE_ON_ZERO' */;
/*!40111 SET @OLD_SQL_NOTES=@@SQL_NOTES, SQL_NOTES=0 */;

--
-- Table structure for table `ar_internal_metadata`
--

DROP TABLE IF EXISTS `ar_internal_metadata`;
/*!40101 SET @saved_cs_client     = @@character_set_client */;
/*!40101 SET character_set_client = utf8 */;
CREATE TABLE `ar_internal_metadata` (
  `key` varchar(255) NOT NULL,
  `value` varchar(255) DEFAULT NULL,
  `created_at` datetime NOT NULL,
  `updated_at` datetime NOT NULL,
  PRIMARY KEY (`key`)
) ENGINE=InnoDB DEFAULT CHARSET=utf8;
/*!40101 SET character_set_client = @saved_cs_client */;

--
-- Dumping data for table `ar_internal_metadata`
--

LOCK TABLES `ar_internal_metadata` WRITE;
/*!40000 ALTER TABLE `ar_internal_metadata` DISABLE KEYS */;
INSERT INTO `ar_internal_metadata` VALUES ('environment','development','2019-07-12 12:38:45','2019-07-12 12:38:45');
/*!40000 ALTER TABLE `ar_internal_metadata` ENABLE KEYS */;
UNLOCK TABLES;

--
-- Table structure for table `artists`
--

DROP TABLE IF EXISTS `artists`;
/*!40101 SET @saved_cs_client     = @@character_set_client */;
/*!40101 SET character_set_client = utf8 */;
CREATE TABLE `artists` (
  `id` int(11) NOT NULL AUTO_INCREMENT,
  `name` varchar(255) COLLATE utf8_unicode_ci DEFAULT NULL,
  `reading` varchar(255) COLLATE utf8_unicode_ci DEFAULT NULL,
  `created_at` datetime DEFAULT NULL,
  `updated_at` datetime DEFAULT NULL,
  PRIMARY KEY (`id`)
) ENGINE=InnoDB AUTO_INCREMENT=382 DEFAULT CHARSET=utf8 COLLATE=utf8_unicode_ci;
/*!40101 SET character_set_client = @saved_cs_client */;

--
-- Dumping data for table `artists`
--

LOCK TABLES `artists` WRITE;
/*!40000 ALTER TABLE `artists` DISABLE KEYS */;
INSERT INTO `artists` VALUES (1,'Goose house','グースハウス','2014-05-09 09:59:20','2019-07-14 04:09:27'),(2,'MUSH&CO.','ムッシュアンドコー','2014-05-09 09:59:20','2015-11-17 16:29:16'),(3,'back number','バックナンバー','2014-05-09 09:59:20','2015-11-17 16:29:26'),(4,'miwa','ミワ','2014-05-09 09:59:20','2015-11-17 16:29:37'),(5,'福山雅治','フクヤママサハル','2014-05-09 09:59:20','2015-11-17 16:29:52'),(6,'九州男','クスオ','2014-05-09 09:59:20','2015-11-17 16:30:04'),(7,'ゆず','ユズ','2014-05-09 09:59:20','2015-11-17 16:53:54'),(8,'d-iZe','ダイズ','2014-05-09 09:59:20','2015-11-17 16:54:04'),(9,'槇原敬之','マキハラノリユキ','2014-05-09 09:59:21','2015-11-17 16:54:17'),(10,'YUI','ユイ','2014-05-09 09:59:21','2015-11-17 16:54:25'),(11,'E-girls','イーガールズ','2014-05-09 09:59:21','2015-11-17 16:54:42'),(12,'BAAD','バード','2014-05-09 09:59:21','2015-11-17 16:54:51'),(13,'コブクロ','コブクロ','2014-05-09 09:59:21','2015-11-17 16:54:59'),(14,'アンジェラ・アキ','アンジェラアキ','2014-05-09 09:59:21','2015-11-17 16:55:12'),(15,'竹渕 慶','タケブチケイ','2014-05-09 09:59:21','2015-11-17 17:00:13'),(16,'FUNKY MONKEY BABYS','ファンキーモンキーベイビーズ','2014-05-09 09:59:21','2015-11-17 17:00:33'),(17,'阿部真央','アベマオ','2014-05-09 09:59:21','2015-11-17 23:38:16'),(18,'東京事変','トウキョウジヘン','2014-05-09 09:59:21','2015-11-17 23:38:33'),(19,'吉田山田','ヨシダヤマダ','2014-05-09 09:59:21','2015-11-17 23:38:51'),(20,'BUMP OF CHICKEN','バンプオブチキン','2014-05-09 09:59:21','2015-11-17 23:39:11'),(21,'中島美嘉','ナカシマミカ','2014-05-09 09:59:21','2015-11-17 23:39:38'),(22,'いきものがかり','イキモノガカリ','2014-05-09 09:59:21','2015-11-17 23:40:40'),(23,'ゴールデンボンバー','ゴールデンボンバー','2014-05-09 09:59:21','2015-11-17 23:41:58'),(24,'EXILE','エグザイル','2014-05-09 09:59:21','2015-11-17 23:42:15'),(25,'秦基博','ハタモトヒロ','2014-05-09 09:59:21','2015-11-17 23:42:28'),(26,'SPICY CHOCOLATE','スパイシーチョコレート','2014-05-09 09:59:21','2015-11-17 23:42:41'),(27,'AAA','トリプルエー','2014-05-09 09:59:21','2015-11-17 23:42:55'),(28,'GReeeeN','グリーン','2014-05-09 09:59:21','2015-11-17 23:43:08'),(29,'銀杏BOYZ','ギンナンボーイズ','2014-05-09 09:59:21','2015-11-17 23:43:38'),(30,'Taylor Swift','テイラースウィフト','2014-05-09 09:59:21','2015-11-17 23:44:00'),(31,'モーニング娘。','モーニングムスメ','2014-05-09 09:59:21','2015-11-17 23:44:17'),(32,'西野カナ','ニシノカナ','2014-05-09 09:59:21','2015-11-17 23:44:31'),(33,'ポルノグラフィティ','ポルノグラフィティ','2014-05-09 09:59:21','2015-11-17 23:45:47'),(34,'片平里菜 Feat.kei','カタヒラリナフィーチャリングケイ','2014-05-09 09:59:21','2015-11-17 23:46:09'),(35,'氣志團','キシダン','2014-05-09 09:59:21','2015-11-17 23:46:22'),(36,'平井堅','ヒライケン','2014-05-09 09:59:21','2015-11-17 23:46:35'),(37,'Linked Horizon','リンクトホライズン','2014-05-09 09:59:21','2015-11-17 23:47:01'),(38,'ONE OK ROCK','ワンオクロック','2014-05-09 09:59:21','2015-11-17 23:47:12'),(39,'星野源','ホシノゲン','2014-05-09 09:59:21','2015-11-17 23:47:24'),(40,'井上陽水・安全地帯','イノウエヨウスイアンゼンチタイ','2014-05-09 09:59:21','2015-11-17 23:47:57'),(41,'荒井由実','アライユミ','2014-05-09 09:59:21','2015-11-17 23:48:12'),(42,'斉藤和義','サイトウカズヨシ','2014-05-09 09:59:21','2015-11-17 23:48:25'),(43,'JUJU','ジュジュ','2014-05-09 09:59:21','2015-11-17 23:50:28'),(44,'ヒルクライム','ヒルクライム','2014-05-09 09:59:21','2015-11-17 23:50:50'),(45,'スキマスイッチ','スキマスイッチ','2014-05-09 09:59:21','2015-11-17 23:51:15'),(46,'AKB48','エーケービーフォーティエイト','2014-05-09 09:59:21','2015-11-17 23:51:47'),(47,'livetune feat. 初音ミク','ライブチューンフィーチャリングハツネミク','2014-05-09 09:59:21','2015-11-17 23:52:19'),(48,'SEKAI NO OWARI','セカイノオワリ','2014-05-09 09:59:21','2015-11-17 23:53:28'),(49,'DALI','ダリ','2014-05-09 09:59:21','2015-11-17 23:54:10'),(50,'天野春子（小泉今日子）','アマノハルコ(コイズミキョウコ)','2014-05-09 09:59:21','2015-11-17 23:54:56'),(51,'加藤ミリヤ×清水翔太','カトウミリヤシミズショウタ','2014-05-09 09:59:21','2015-11-17 23:55:22'),(52,'きゃりーぱみゅぱみゅ','キャリーパミュパミュ','2014-05-09 09:59:21','2015-11-17 23:55:40'),(53,'ハナレグミ','ハナレグミ','2014-05-09 09:59:21','2015-11-17 23:55:54'),(54,'nobodyknows+','ノウバディノウズ','2014-05-09 09:59:21','2015-11-17 23:56:12'),(55,'ケラケラ','ケラケラ','2014-05-09 09:59:21','2015-11-17 23:56:24'),(56,'乃木坂46','ノギザカフォーティシックス','2014-05-09 09:59:21','2015-11-17 23:56:42'),(57,'山崎まさよし','ヤマザキマサヨシ','2014-05-09 09:59:21','2015-11-17 23:57:02'),(58,'湘南乃風','ショウナンノカゼ','2014-05-09 09:59:21','2015-11-17 23:57:26'),(59,'BENNIE K','ベニーケイ','2014-05-09 09:59:21','2015-11-17 23:57:39'),(60,'清 竜人','キヨシリュウジン','2014-05-09 09:59:21','2015-11-17 23:57:57'),(61,'RIP SLYME','リップスライム','2014-05-09 09:59:21','2015-11-17 23:58:09'),(62,'鬼束ちひろ','オニツカチヒロ','2014-05-09 09:59:21','2015-11-17 23:58:28'),(63,'桑田佳祐','クワタケイスケ','2014-05-09 09:59:21','2015-11-17 23:58:49'),(64,'SCANDAL','スキャンダル','2014-05-09 09:59:21','2015-11-17 23:59:05'),(65,'松本梨香','マツモトリカ','2014-05-09 09:59:21','2015-11-17 23:59:48'),(66,'本名陽子','ホンナヨウコ','2014-05-09 09:59:21','2015-11-18 00:00:37'),(67,'Bruno Mars','ブルーノマーズ','2014-05-09 09:59:21','2015-11-18 00:00:59'),(68,'mihimaru GT','ミヒマルジーティー','2014-05-09 09:59:21','2015-11-18 00:01:22'),(69,'ももいろクローバー','モモイロクローバー','2014-05-09 09:59:21','2015-11-18 00:08:52'),(70,'遊助','ユウスケ','2014-05-09 09:59:21','2015-11-18 00:11:00'),(71,'SIAM SHADE','シャムシェイド','2014-05-09 09:59:21','2015-11-18 00:11:26'),(72,'ORANGE RANGE','オレンジレンジ','2014-05-09 09:59:21','2015-11-18 00:11:47'),(73,'ASIAN KUNG-FU GENERATION','アジアンカンフージェネレーション','2014-05-09 09:59:21','2015-11-18 00:12:39'),(74,'三木道三','ミキドウザン','2014-05-09 09:59:21','2015-11-18 00:12:53'),(75,'m-flo','エムフロー','2014-05-09 09:59:21','2015-11-18 00:13:06'),(76,'RADWIMPS','ラッドウィンプス','2014-05-09 09:59:21','2015-11-18 00:13:56'),(77,'GOING STEADY','ゴーイングステディ','2014-05-09 09:59:21','2015-11-18 00:14:10'),(78,'バブルガム・ブラザーズ','バブルガムブラザーズ','2014-05-09 09:59:21','2015-11-18 00:14:26'),(79,'I WiSH','アイウィッシュ','2014-05-09 09:59:21','2015-11-18 00:14:44'),(80,'片平里菜 featuring d-iZe','カタヒラリナフィーチャリングダイズ','2014-05-09 09:59:21','2015-11-18 00:15:03'),(81,'Mr.Children','ミスターチルドレン','2014-05-09 09:59:21','2015-11-18 00:15:20'),(82,'ケツメイシ','ケツメイシ','2014-05-09 09:59:21','2015-11-18 00:15:31'),(83,'スターダスト・レビュー','スターダストレビュー','2014-05-09 09:59:21','2015-11-18 00:15:52'),(84,'花は咲くプロジェクト','ハナハサクプロジェクト','2014-05-09 09:59:21','2015-11-18 00:16:11'),(85,'星野 源','ホシノゲン','2014-05-09 09:59:21','2015-11-18 00:16:28'),(86,'松任谷由実','マツトウヤユミ','2014-05-09 09:59:21','2015-11-18 00:16:43'),(87,'HY','エイチワイ','2014-05-09 09:59:21','2015-11-18 00:17:00'),(89,'Crystal Kay','クリスタルケイ','2014-05-09 09:59:21','2015-11-21 09:25:40'),(90,'かりゆし58','カリユシゴジュウハチ','2014-05-09 09:59:21','2015-11-18 00:19:24'),(91,'ティーナ・カリーナ','ティーナカリーナ','2014-05-09 09:59:21','2015-11-18 00:19:41'),(92,'スピッツ','スピッツ','2014-05-09 09:59:21','2015-11-18 00:19:53'),(93,'UVERworld','ウーバーワールド','2014-05-09 09:59:21','2015-11-18 00:20:16'),(94,'THE BLUE HEARTS','ザブルーハーツ','2014-05-09 09:59:21','2015-11-18 00:21:09'),(96,'サカナクション','サカナクション','2014-05-09 09:59:21','2015-11-18 00:21:36'),(97,'サザンオールスターズ','サザンオールスターズ','2014-05-09 09:59:21','2015-11-18 00:22:03'),(98,'ハジ→','ハジー','2014-05-09 09:59:21','2015-11-18 00:22:21'),(99,'KG','ケイジー','2014-05-09 09:59:22','2015-11-18 00:22:34'),(100,'家入レオ','イエイリレオ','2014-05-09 09:59:22','2015-11-18 00:22:50'),(101,'ナオト・インティライミ','ナオトインティライミ','2014-05-09 09:59:22','2015-11-18 00:25:35'),(102,'東京スカパラダイスオーケストラ','トウキョウスカパラダイスオーケストラ','2014-05-09 09:59:22','2015-11-18 00:25:55'),(103,'BENI','ベニ','2014-05-09 09:59:22','2015-11-18 00:26:21'),(104,'Whiteberry','ホワイトベリー','2014-05-09 09:59:22','2015-11-18 00:26:49'),(105,'世界の終わり','セカイノオワリ','2014-05-09 09:59:22','2015-11-18 00:27:12'),(106,'Superfly','スーパーフライ','2014-05-09 09:59:22','2015-11-18 00:27:34'),(107,'Rolling In The Deep/ David Choi with Goosehouse','ローリングインザディープ','2014-05-09 09:59:22','2015-11-18 00:28:21'),(108,'Perfume','パヒューム','2014-05-09 09:59:22','2015-11-18 00:29:13'),(109,'清水翔太','シミズショウタ','2014-05-09 09:59:22','2015-11-18 00:29:47'),(110,'Supercell','スーパーセル','2014-05-09 09:59:22','2015-11-18 00:30:05'),(111,'イルカ','イルカ','2014-05-09 09:59:22','2015-11-18 00:30:16'),(112,'サスケ','サスケ','2014-05-09 09:59:22','2015-11-18 00:30:24'),(113,'AI','アイ','2014-05-09 09:59:22','2015-11-18 00:30:34'),(114,'BIGBANG','ビッグバン','2014-05-09 09:59:22','2015-11-18 00:30:45'),(115,'片平里菜','カタヒラリナ','2014-05-09 09:59:22','2015-11-18 00:30:57'),(117,'Aqua Timez','アクアタイムズ','2014-05-09 09:59:22','2015-11-18 00:33:35'),(118,'LGMonkees','エルジーモンキース','2014-05-09 09:59:22','2015-11-18 00:33:51'),(119,'スチャダラパー feat 小沢健二','スチャダラパーフィーチャリングオザワケンジ','2014-05-09 09:59:22','2015-11-18 00:35:23'),(120,'安室奈美恵','アムロナミエ','2014-05-09 09:59:22','2015-11-18 00:35:38'),(121,'平松愛理','ヒラマツエリ','2014-05-09 09:59:22','2015-11-18 00:36:03'),(122,'Winter wonderland','ウィンターワンダーランド','2014-05-09 09:59:22','2015-11-18 00:36:21'),(123,'Something Else','サムシングエルス','2014-05-09 09:59:22','2015-11-18 00:38:26'),(124,'浜田雅功と槙原敬之','ハマダマサトシとマキハラノリユキ','2014-05-09 09:59:22','2015-11-18 00:38:58'),(125,'レミオロメン','レミオロメン','2014-05-09 09:59:22','2015-11-18 00:39:21'),(126,'ソナーポケット','ソナーポケット','2014-05-09 09:59:22','2015-11-18 00:39:38'),(127,'SOFFet','ソッフェ','2014-05-09 09:59:22','2015-11-18 00:39:56'),(128,'kylee','カイリー','2014-05-09 09:59:22','2015-11-18 00:40:12'),(129,'ClariS','クラリス','2014-05-09 09:59:22','2015-11-18 00:40:29'),(130,'flumpool','フランプール','2014-05-09 09:59:22','2015-11-18 00:40:48'),(131,'SUPER BUTTER DOG','スーパーバタードッグ','2014-05-09 09:59:22','2015-11-18 00:41:08'),(132,'ユニコーン','ユニコーン','2014-05-09 09:59:22','2015-11-18 00:41:20'),(133,'moumoon','ムームーン','2014-05-09 09:59:22','2015-11-18 00:41:42'),(134,'ぱすぽ☆','パスポ','2014-05-09 09:59:22','2015-11-18 00:41:55'),(135,'クラムボン','クラムボン','2014-05-09 09:59:22','2015-11-18 00:42:08'),(136,'NICO Touches the Walls','ニコタッチズザウォールズ','2014-05-09 09:59:22','2015-11-18 00:42:42'),(137,'高橋優','タカハシユウ','2014-05-09 09:59:22','2015-11-18 00:43:14'),(138,'手嶌葵','テシマアオイ','2014-05-09 09:59:22','2015-11-18 00:43:32'),(139,'KARA','カラ','2014-05-09 09:59:22','2015-11-18 00:43:45'),(140,'MONKEY MAJIK','モンキーマジック','2014-05-09 09:59:22','2015-11-18 00:43:59'),(141,'ZONE','ゾーン','2014-05-09 09:59:22','2015-11-18 00:44:14'),(142,'SHINee','シャイニー','2014-05-09 09:59:22','2015-11-18 00:44:28'),(143,'DEEN','ディーン','2014-05-09 09:59:22','2015-11-18 00:44:44'),(144,'スガシカオ','スガシカオ','2014-05-09 09:59:22','2015-11-18 00:44:59'),(145,'Rake','レイク','2014-05-09 09:59:22','2015-11-18 11:16:27'),(146,'チャットモンチー','チャットモンチー','2014-05-09 09:59:22','2015-11-18 11:16:43'),(147,'オレンジ・ペコー','オレンジペコー','2014-05-09 09:59:22','2015-11-18 11:16:59'),(148,'宇多田ヒカル','ウタダヒカル','2014-05-09 09:59:22','2015-11-18 11:17:18'),(149,'mongol800','モンゴルハッピャク','2014-05-09 09:59:22','2015-11-18 11:17:39'),(150,'not yet','ノットイェット','2014-05-09 09:59:22','2015-11-18 11:17:58'),(151,'TEE','ティー','2014-05-09 09:59:22','2015-11-18 11:18:40'),(152,'Cyndi Lauper','シンディローパー','2014-05-09 09:59:22','2015-11-18 11:19:33'),(153,'柴咲コウ','シバサキコウ','2014-05-09 09:59:23','2015-11-18 11:19:53'),(154,'フレンチ・キス','フレンチキス','2014-05-09 09:59:23','2015-11-18 11:20:08'),(155,'Secret Garden','シークレットガーデン','2014-05-09 09:59:23','2015-11-18 11:20:25'),(156,'kiroro','キロロ','2014-05-09 09:59:23','2015-11-18 11:20:36'),(158,'森山直太朗','モリヤマナオタロウ','2014-05-09 09:59:23','2015-11-18 11:20:53'),(159,'Play You. House','プレイユウハウス','2014-05-09 09:59:23','2015-11-18 11:21:09'),(160,'フィンガー５','フィンガーファイブ','2014-05-09 09:59:23','2015-11-18 11:21:31'),(161,'三代目 J Soul Brothers','サンダイメジェイソウルブラザーズ','2014-05-09 09:59:23','2015-11-18 11:22:01'),(162,'国生さゆり','コクショウサユリ','2014-05-09 09:59:23','2015-11-18 11:22:16'),(163,'坂本冬美','サカモトフユミ','2014-05-09 09:59:23','2015-11-18 11:22:34'),(164,'高橋洋子','タカハシヨウコ','2014-05-09 09:59:23','2015-11-18 11:22:57'),(165,'少女時代','ショウジョジダイ','2014-05-09 09:59:23','2015-11-18 11:23:13'),(166,'木村カエラ','キムラカエラ','2014-05-09 09:59:23','2015-11-18 11:23:27'),(167,'田中星児','タナカセイジ','2014-05-09 09:59:23','2015-11-18 11:24:04'),(168,'石川さゆり','イシカワサユリ','2014-05-09 09:59:23','2015-11-18 11:24:19'),(169,'MISIA','ミーシャ','2014-05-09 09:59:23','2015-11-18 11:26:41'),(170,'広瀬香美','ヒロセコウミ','2014-05-09 09:59:23','2015-11-18 11:27:02'),(171,'絢香','アヤカ','2014-05-09 09:59:23','2015-11-18 11:27:15'),(172,'エコーズ','エコーズ','2014-05-09 09:59:23','2015-11-18 11:27:27'),(173,'沢田知可子','サワダチカコ','2014-05-09 09:59:23','2015-11-18 11:27:43'),(174,'プリンセスプリンセス','プリンセスプリンセス','2014-05-09 09:59:23','2015-11-18 11:27:56'),(175,'フジファブリック','フジファブリック','2014-05-09 09:59:23','2015-11-18 11:28:17'),(176,'太田裕美','オオタヒロミ','2014-05-09 09:59:23','2015-11-18 11:28:41'),(177,'さだまさし','サダマサシ','2014-05-09 09:59:23','2015-11-18 11:28:54'),(178,'Sugar','シュガー','2014-05-09 09:59:23','2015-11-18 11:29:03'),(179,'Dragon Ash','ドラゴンアッシュ','2014-05-09 09:59:23','2015-11-18 11:29:17'),(180,'天空の城ラピュタ','テンクウノシロラピュタ','2014-05-09 09:59:23','2015-11-18 11:29:38'),(181,'チューリップ','チューリップ','2014-05-09 09:59:23','2015-11-18 11:29:49'),(182,'小沢健二','オザワケンジ','2014-05-09 09:59:23','2015-11-18 11:30:02'),(183,'山口百恵','ヤマグチモモエ','2014-05-09 09:59:23','2015-11-18 11:30:16'),(184,'くるり','クルリ','2014-05-09 09:59:23','2015-11-18 11:30:37'),(185,'猿岩石','サルガンセキ','2014-05-09 09:59:23','2015-11-18 11:31:15'),(186,'ウルフルズ','ウルフルズ','2014-05-09 09:59:23','2015-11-18 11:31:26'),(187,'Singer Songer','シンガーソンガー\r\n','2014-05-09 09:59:23','2015-11-18 11:31:43'),(188,'村下孝蔵','ムラシタコウゾウ','2014-05-09 09:59:23','2015-11-18 11:32:06'),(189,'安藤裕子','アンドウユウコ','2014-05-09 09:59:23','2015-11-18 11:32:25'),(190,'矢野顕子','ヤノケイコ','2014-05-09 09:59:23','2015-11-18 11:32:43'),(193,'Sugar Soul feat.Kenji','シュガーソウルフィーチャリングケンジ','2014-05-09 09:59:23','2015-11-18 11:35:42'),(194,'関取花＆齋藤ジョニー','セキトリハナアンドサイトウジョニー','2014-05-09 09:59:23','2015-11-18 11:36:10'),(195,'神田莉緒香','カンダリオカ','2014-05-09 09:59:23','2015-11-18 11:36:29'),(196,'k.k.','ケイケイ','2014-05-09 09:59:23','2015-11-18 11:37:06'),(198,'にんげんっていいな','ニンゲンッテイイナ','2014-05-09 09:59:23','2015-11-18 11:37:42'),(199,'椎名林檎','シイナリンゴ','2014-05-09 09:59:23','2015-11-18 11:38:02'),(200,'カーペンターズ','カーペンターズ','2014-05-09 09:59:23','2015-11-18 11:38:14'),(201,'SHIT HAPPENING','シットハプニング','2014-05-09 09:59:23','2015-11-18 11:38:53'),(202,'松室政哉','マツムロマサヤ','2014-05-09 09:59:23','2015-11-18 11:39:24'),(203,'森良太','モリリョウタ','2014-05-09 09:59:23','2015-11-18 13:30:46'),(204,'中村瑛彦','ナカムラアキヒコ','2014-05-09 09:59:23','2015-11-18 13:31:37'),(206,'EGO WRAPPIN\'','エゴラッピン','2014-05-09 09:59:23','2015-11-18 13:25:47'),(207,'山田タマル＋PYHOUSE','ヤマダタマルプラスプレイユウハウス','2014-05-09 09:59:23','2015-11-18 13:37:34'),(208,'山田タマル','ヤマダタマル','2014-05-09 09:59:23','2015-11-18 13:37:40'),(209,'My First Kiss  はじめてのチュウ','マイファーストキスハジメテノチュウ','2014-05-09 09:59:24','2015-11-18 13:38:09'),(210,'ルパン三世のテーマ','ルパンサンセイノテーマ','2014-05-09 09:59:24','2015-11-18 13:42:02'),(211,'創聖のアクエリオン','ソウセイノアクエリオン','2014-05-09 09:59:24','2015-11-18 13:42:16'),(212,'ひみつのアッコちゃん','ヒミツノアッコチャン','2014-05-09 09:59:24','2015-11-18 13:42:34'),(213,'ゴダイゴ','ゴダイゴ','2014-05-09 09:59:24','2015-11-18 13:26:08'),(214,'NANA','ナナ','2014-05-09 09:59:24','2015-11-18 13:28:04'),(215,'THE HIGH-LOWS','ザハイロウズ','2014-05-09 09:59:24','2015-11-18 13:28:32'),(216,'伊藤由奈','イトウユナ','2014-05-09 09:59:24','2015-11-18 13:42:47'),(217,'織田裕二','オダユウジ','2014-05-09 09:59:24','2015-11-18 13:42:58'),(218,'一青窈','ヒトトヨウ','2014-05-09 09:59:24','2015-11-18 13:43:12'),(219,'puffy','パフィー','2014-05-09 09:59:24','2015-11-18 13:43:32'),(220,'bonnie pink','ボニーピンク','2014-05-09 09:59:24','2015-11-18 13:43:47'),(221,'松田聖子','マツダセイコ','2014-05-09 09:59:24','2015-11-18 13:44:01'),(222,'Def Tech','デフテック','2014-05-09 09:59:24','2015-11-18 13:54:53'),(223,'Utada Hikaru 宇多田ヒカル','ウタダヒカル','2014-05-09 09:59:24','2015-11-18 13:27:36'),(224,'絢香xコブクロ','アヤカコブクロ','2014-05-09 09:59:24','2015-11-18 13:55:37'),(225,'久保田利伸','クボタトシノブ','2014-05-09 09:59:24','2015-11-18 13:55:53'),(226,'Every Little Thing','エブリリトルシング','2014-06-20 17:50:33','2015-11-18 13:56:13'),(227,'YEN TOWN BAND','イェンタウンバンド\r\n','2014-06-20 17:50:33','2015-11-18 13:56:32'),(228,'影山ヒロノブ','カゲヤマヒロノブ','2014-06-20 17:50:33','2015-11-18 13:56:51'),(229,'アンダーグラフ','アンダーグラフ','2014-06-20 17:50:33','2015-11-18 13:57:01'),(230,'ブラックビスケッツ','ブラックビスケッツ','2014-06-20 17:50:33','2015-11-18 13:57:33'),(231,'サンボマスター','サンボマスター','2014-06-20 17:50:34','2015-11-18 13:57:44'),(232,'松尾レミ','マツオレミ','2014-06-20 17:50:34','2015-11-18 13:59:41'),(233,'井上陽水','イノウエヨウスイ','2014-06-20 17:50:34','2015-11-18 14:00:05'),(234,'the boom','サブーム','2014-06-20 17:50:34','2015-11-18 14:00:20'),(235,'尾崎豊','オザキユタカ','2014-06-20 17:50:34','2015-11-18 14:01:13'),(236,'キャンディーズ','キャンディーズ','2014-07-06 10:43:33','2015-11-18 14:01:46'),(237,'岩崎良美','イワサキヨシミ','2014-07-06 10:43:33','2015-11-18 14:02:08'),(238,'東方神起','トウホウシンキ','2014-08-05 15:30:05','2015-11-18 14:02:24'),(239,'GLAY','グレイ','2014-08-05 15:30:05','2015-11-18 14:02:33'),(240,'B.B.クイーンズ','ビービークィーンズ','2014-08-05 15:30:06','2015-11-18 14:02:53'),(241,'松谷祐子','マツタニユウコ','2014-10-29 11:19:58','2015-11-18 14:03:11'),(242,'KICK THE CAN CREW','キックザカンクルー','2014-10-29 11:19:58','2015-11-18 14:03:26'),(243,'小田和正','オダカズマサ','2014-10-29 11:19:58','2015-11-18 14:03:43'),(245,'赤い公園','アカイコウエン','2014-12-11 12:13:11','2015-11-18 14:03:56'),(246,'H Jungle with t','エイチジャングルウィズ ティー','2014-12-11 12:13:11','2015-11-18 14:04:25'),(247,'吉幾三','ヨシイクゾウ','2014-12-11 12:13:11','2015-11-18 14:04:40'),(248,'Snail Ramp','スネイルランプ','2014-12-11 12:13:11','2015-11-18 14:08:08'),(249,'Dreams Come True','ドリームズカムトゥルー','2014-12-11 12:13:11','2015-11-18 14:08:31'),(251,'MAHO堂','マホウドウ','2015-02-09 00:09:43','2015-11-18 14:10:17'),(252,'KANA-BOON','カナブーン','2015-03-09 14:43:13','2015-11-18 14:10:31'),(253,'前川陽子','マエカワヨウコ','2015-03-10 13:28:18','2015-11-18 14:10:52'),(254,'上々颱風','シャンシャンタイフーン','2015-04-12 08:04:25','2015-11-18 14:11:23'),(255,'ももいろクローバーZ','モモイロクローバーゼット','2015-04-12 08:04:25','2015-11-18 14:11:39'),(256,'河口恭吾','カワグチキョウゴ','2015-04-12 08:04:25','2015-11-18 14:11:53'),(258,'EAST END×YURI','イーストエンドプラスユリ','2015-05-06 01:15:37','2015-11-18 14:12:58'),(260,'片平里菜 feat.ワタナベシュウヘイ','カタヒラリナフィーチャリングワタナベシュウヘイ','2015-06-27 08:53:36','2015-11-18 00:31:21'),(261,'若旦那','ワカダンナ','2015-06-27 08:53:36','2015-11-18 14:14:27'),(262,'中島みゆき','ナカジマミユキ','2015-06-27 08:53:36','2015-11-18 14:14:52'),(263,'ゲスの極み乙女。','ゲスノキワミオトメ','2015-06-27 08:53:36','2015-11-18 14:15:14'),(265,'tofubeats','トーフビーツ','2015-07-18 08:09:00','2015-11-18 14:15:35'),(266,'中西保志','ナカニシヤスシ',NULL,'2015-11-18 14:16:19'),(267,'T.M.Revolution','ティエムレボリューション','2015-08-22 10:26:57','2015-11-18 13:50:49'),(268,'m-flo loves melody.&山本領平','エムフロウラブズメロディアンドヤマモトリョウヘイ','2015-08-22 10:26:57','2015-11-18 14:07:50'),(269,'きただにひろし','キタダニヒロシ','2015-08-22 10:26:57','2015-11-18 14:16:40'),(270,'竹内まりや','タケウチマリヤ','2015-08-22 10:26:57','2015-11-18 14:17:00'),(272,'山下達郎','ヤマシタタツロウ','2015-09-12 07:25:19','2015-11-18 14:17:25'),(273,'大塚愛','オオツカアイ','2015-09-12 07:25:19','2015-11-18 14:17:40'),(274,'MAN WITH A MISSION','マンウィズアミッション','2015-09-12 07:25:19','2015-11-18 14:24:53'),(275,'ORIGINAL LOVE','オリジナルラブ','2015-09-12 07:25:19','2015-11-18 14:25:08'),(276,'風味堂','フウミドウ','2015-09-23 05:16:34','2015-11-18 14:20:35'),(277,'シャ乱Q','シャランキュウ','2015-09-23 05:22:52','2015-11-18 14:20:22'),(278,'エンジェルスハーモニー','エンジェルスハーモニー','2015-09-26 11:09:46','2015-11-18 14:20:05'),(279,'GO!GO!7188','ゴーゴーナナイチハチハチ','2015-09-26 11:16:39','2015-11-18 14:19:39'),(280,'奥田民生','オクダタミオ','2015-09-26 12:50:53','2015-11-18 14:19:09'),(281,'chara','チャラ','2015-09-26 13:26:11','2015-11-18 14:18:52'),(282,'MY LITTLE LOVER','マイリトルラバー','2015-09-26 13:30:22','2015-11-18 14:18:03'),(283,'UNISON SQUARE GARDEN','ユニゾンスクエアガーデン','2015-11-21 08:16:03','2015-11-21 08:16:37'),(284,'米津玄師','ヨネズケンシ','2015-11-21 08:16:44','2015-11-21 08:18:09'),(285,'キマグレン','キマグレン','2015-11-26 10:51:06','2015-11-26 11:50:44'),(286,'閃光花火＋PYHouse','センコウハナビプラスプレイユウハウス','2015-11-26 10:51:07','2015-11-26 11:51:05'),(287,'齊藤ジョニー','サイトウジョニー','2015-11-29 07:48:24','2015-11-29 07:57:33'),(288,'[Alexandros]','アレキサンドロス','2015-12-18 11:55:50','2016-02-19 14:33:01'),(289,'竹澤 汀','タケザワミギワ','2016-01-23 06:09:48','2016-01-31 14:52:29'),(290,'片平里菜feat. 齊藤ジョニー','カタヒラリナフィーチャリングサイトウジョニー','2016-02-01 14:30:59','2016-04-17 00:04:59'),(292,'竹澤汀 feat.沙夜香','タケザワミギワフィーチャリングサヤカ','2016-03-20 16:35:25','2016-04-17 00:05:26'),(293,'レキシ','レキシ','2016-03-20 16:35:26','2016-04-17 00:05:57'),(296,'マナミ','マナミ','2016-04-18 11:41:02','2016-04-18 11:44:31'),(297,'浦島太郎（桐谷健太）','ウラシマタロウ(キリタニケンタ)','2016-05-23 13:25:33','2016-08-14 05:12:10'),(298,'19','ジューク','2016-06-22 13:58:21','2016-08-14 05:12:28'),(299,'欅坂46','ケヤキザカフォーティシックス','2016-06-22 13:58:21','2016-08-14 05:12:57'),(300,'ワタナベシュウヘイ','ワタナベシュウヘイ','2016-06-22 13:58:21','2016-08-14 05:13:17'),(301,'CHiCO with HoneyWorks','チコウィズハニーワークス','2016-06-22 13:58:22','2016-08-14 05:14:32'),(302,'BABYMETAL','ベビーメタル','2016-08-03 10:47:35','2016-08-14 05:15:27'),(303,'キリンジ','キリンジ','2016-08-03 10:47:35','2016-08-14 05:16:10'),(304,'フレデリック','フレデリック','2016-08-28 10:38:58','2016-08-28 10:51:06'),(305,'森高千里','モリタカチサト','2016-09-14 10:11:28','2016-10-01 05:52:47'),(306,'Nissy-西島隆弘','ニッシー(ニシジマタカヒロ)','2016-09-14 10:17:51','2016-10-01 05:53:42'),(307,'Aimer','エメ','2016-09-14 10:17:51','2016-10-01 05:54:04'),(308,'坂本九','サカモトキュウ','2016-10-15 10:11:51','2016-10-15 10:52:10'),(309,'Suchmos','サチモス','2016-10-15 10:11:51','2016-10-15 10:52:32'),(310,'WANIMA','ワニマ','2016-11-24 10:26:16','2016-11-24 10:36:55'),(312,'Mrs. GREEN APPLE','ミセス・グリーンアップル','2017-03-04 06:40:47','2017-10-28 09:35:59'),(313,'水曜日のカンパネラ','スイヨウビノカンパネラ','2017-03-19 14:41:54','2017-03-19 14:47:39'),(314,'ロードオブメジャー','ロードオブメジャー','2017-04-29 04:01:09','2017-04-29 04:11:07'),(315,'Anly＋スキマスイッチ','アンリィスキマスイッチ','2017-04-29 04:01:09','2017-04-29 04:11:34'),(316,'Doughnuts Hole','ドーナツホール','2017-04-29 04:01:09','2017-04-29 04:12:07'),(317,'Annie','アニー','2017-05-31 14:18:43','2017-06-06 13:21:22'),(318,'BiSH','ビッシュ','2017-05-31 14:18:43','2017-06-06 13:21:32'),(319,'My Hair is Bad','マイヘアーイズバッド','2017-06-04 14:36:04','2017-06-06 13:21:07'),(320,'倉木麻衣','クラキマイ','2017-06-04 14:36:04','2017-06-06 13:21:57'),(322,'TWICE','トゥワイス','2017-09-14 15:24:55','2017-10-05 11:02:48'),(323,'センチメンタル・バス','センチメンタル・バス','2017-09-14 15:24:55','2017-10-05 11:02:58'),(325,'岡本真夜','オカモトマヨ','2017-09-14 15:24:55','2017-10-05 11:03:59'),(326,'シェネル','シェネル','2017-09-14 15:24:55','2017-10-05 11:04:09'),(330,'DAOKO × 米津玄師','ダヲコ×ヨネヅケンシ','2017-10-28 09:33:31','2017-10-28 09:52:58'),(331,'徳永英明','トクナガヒデアキ','2017-11-17 12:14:54','2019-04-07 04:53:46'),(332,'今井美樹','イマイミキ','2017-11-17 12:14:54','2019-04-07 04:53:33'),(334,'エレファントカシマシ','エレファントカシマシ','2017-11-17 13:17:43','2019-04-07 04:53:59'),(335,'あいみょん','アイミョン','2019-03-17 06:30:00','2019-04-07 05:02:10'),(336,'LiSA','リサ','2019-03-17 06:30:00','2019-04-07 05:01:54'),(337,'大きな古時計','オオキナフルドケイ','2019-03-17 06:30:00','2019-04-07 05:01:34'),(338,'コレサワ','コレサワ','2019-03-17 06:30:00','2019-04-07 04:54:25'),(339,'sumika','スミカ','2019-03-17 06:30:00','2019-04-07 04:54:18'),(340,'米米CLUB','コメコメクラブ','2019-03-17 06:30:00','2019-04-07 04:54:11'),(341,'坂道AKB','サカミチエーケービー','2019-03-17 06:30:01','2019-04-11 14:49:22'),(342,'三浦大知','ミウラダイチ','2019-03-17 06:30:01','2019-04-07 05:06:07'),(343,'SHISHAMO','シシャモ','2019-03-17 06:30:01','2019-04-07 05:05:38'),(344,'C&K','シーアンドケー','2019-03-17 06:30:01','2019-04-07 05:31:49'),(345,'SPYAIR','スパイエアー','2019-03-17 06:30:01','2019-04-07 05:04:03'),(346,'May’n・中島 愛','メイン・ナカジマメグミ','2019-03-17 06:30:01','2019-04-07 05:03:47'),(347,'岡崎体育','オカザキタイイク','2019-03-17 06:30:01','2019-04-07 05:02:39'),(351,'Official髭男dism','オフィシャルヒゲダンディズム','2019-07-13 14:42:08','2019-07-14 04:19:22'),(352,'Play.Goose','プレイグース','2019-07-13 14:42:08','2019-07-14 04:19:32'),(354,'King Gnu','キングヌー','2019-07-13 14:42:08','2019-07-14 04:19:47'),(355,'Foorin','フーリン','2019-07-13 14:42:09','2019-07-14 04:18:19'),(356,'Rose','ローズ','2019-07-13 14:42:09','2019-07-14 04:18:41'),(357,'Ko-saku','コーサク','2019-07-13 14:42:09','2019-07-13 14:55:22'),(358,'五條真由美','ゴジョウマユミ','2019-07-13 14:42:09','2019-07-14 04:19:03'),(359,'NiziU ( 니쥬 )','ニジュー','2021-05-30 02:54:50','2021-06-04 15:48:41'),(360,' Awesome City Club','オーサムシティクラブ','2021-05-30 02:54:50','2021-06-19 01:29:39'),(362,'GAHO','ガホ','2021-05-30 02:54:51','2021-06-19 01:29:18'),(364,'YOASOBI','ヨアソビ','2021-05-30 02:54:51','2021-06-19 01:29:25'),(365,'西野亮廣','ニシノアキヒロ','2021-05-30 02:54:52','2021-06-19 01:28:57'),(366,'ディズニー','ディズニー','2021-05-30 02:54:52','2021-06-19 01:29:02'),(369,'瑛人','エイト','2021-05-30 02:54:54','2021-06-19 01:28:20'),(370,'TM NETWORK','ティーエムネットワーク','2021-05-30 02:54:54','2021-06-19 01:28:35'),(373,'ヨルシカ','ヨルシカ','2021-05-30 02:54:56','2021-06-19 01:28:13'),(375,'wacci','ワッチ','2021-05-30 02:54:59','2021-06-19 01:28:07'),(376,'菅田将暉','スダマサキ','2021-05-30 02:55:00','2021-06-19 01:27:22'),(381,'ルロイ・アンダーソン','ルロイアンダーソン','2021-05-31 16:08:33','2021-06-19 01:30:39');
/*!40000 ALTER TABLE `artists` ENABLE KEYS */;
UNLOCK TABLES;

--
-- Table structure for table `artists_youtubes`
--

DROP TABLE IF EXISTS `artists_youtubes`;
/*!40101 SET @saved_cs_client     = @@character_set_client */;
/*!40101 SET character_set_client = utf8 */;
CREATE TABLE `artists_youtubes` (
  `youtube_id` varchar(255) COLLATE utf8_unicode_ci DEFAULT NULL,
  `artist_id` int(11) DEFAULT NULL
) ENGINE=InnoDB DEFAULT CHARSET=utf8 COLLATE=utf8_unicode_ci;
/*!40101 SET character_set_client = @saved_cs_client */;

--
-- Dumping data for table `artists_youtubes`
--

LOCK TABLES `artists_youtubes` WRITE;
/*!40000 ALTER TABLE `artists_youtubes` DISABLE KEYS */;
INSERT INTO `artists_youtubes` VALUES ('PRgOqCZID58',3),('OEDN7EPznoY',4),('CxwCDe8CbO0',5),('fUGZwd445EM',6),('HUCmag5dVxo',7),('qFK3Pu6YJQ8',8),('TfShgYAT8W8',1),('taLrAdk1rKM',9),('HQDWOrkPC6g',10),('tOQ7a7HiHCY',11),('0j8D0fZyiiQ',12),('rS87DCftyao',13),('9yunxAvbzCo',14),('m354q21Bxh4',15),('OS15080xVmY',16),('u3gPNKinadw',17),('OziIP5rbuE4',18),('FngB6Em17Zk',19),('DqS1HZcVxps',20),('UUzuLx_LLgk',21),('6c_X3wyarLo',1),('k0Al6_MABsQ',1),('6p-B0AgbXtA',15),('ZbhW_GDuk0c',22),('TohhjiAkmZ8',23),('GJXmBq47EGg',24),('k21LAaRZ-uM',26),('cjXr122Rxg4',27),('wj5pVZ2JbVU',28),('h-LH9rsnsz4',1),('54_e4udZyJk',1),('HHML2F7l2vU',1),('WUFw3IK-qs8',1),('weRWZIndnOA',29),('nOmppjvG7ks',30),('ttWlPvrIQZk',31),('jG_khMzhAGc',1),('h1M4X8GSpWA',32),('DPS3loXzGTw',33),('eNM6Xz7JMTY',34),('ogD3hP8e6TU',35),('Y7OHmxvuIwE',36),('TsKs0oGhTWo',37),('B7KK4DGnxyA',38),('5kfEOVCxikc',40),('q2TqOAir_Ow',41),('z__B_djrJc4',3),('HHNxnM9B7TM',42),('kl-0ABda1aA',43),('lg57i_222zg',44),('Ig_arzhGuhM',45),('Q54jE2K_OQ0',46),('fEsyBaG-uNw',47),('Co0TmFvqxvY',48),('Galpr9dwJuk',1),('JC5oFWeXIKY',49),('_FkPM-_RrCI',50),('yJptus8dsKY',51),('PYTLakk8lNo',52),('p7LcjQcAWtg',53),('ihCRNP9y9lg',54),('svEYFvGOF3U',55),('HRn2OIFs8DA',56),('H8TAOHLLT0w',57),('_5k_4Rkk6Do',59),('zo3pwwZCEcg',1),('Sn-Bj7wwAak',60),('viEz9OkWdk8',61),('v1LVAJYebL0',31),('GAwHAstt3lE',62),('7QHXcb0oqF4',63),('FOs04eyWBKQ',64),('UTmaAW-ZE50',1),('qngpExBNLCE',67),('pqrQ25psl6E',68),('EKSd6xUNPU4',69),('5kTbT9m9LNo',70),('qccq1cc9xZE',71),('StMYs21OhCE',1),('9bSc2tW4HpM',72),('hRtRadK1HFk',73),('x-THZrQTg5E',74),('bb_qJ33fmL4',48),('p5mFAYUxjnw',75),('7DOLntbtAow',76),('6w3Ep_Zu4UE',1),('fI3av1fRiYE',77),('C_Srcfj7qHA',78),('6KZksQWLN48',58),('zZ1g2tAXqWQ',1),('WVk70BIfxaQ',46),('WdhLlPWgF4Y',1),('DUhwkuh-5JM',1),('qcprnxnkBcs',79),('g3nZrrg_ulE',80),('_bzS83nl3oM',81),('Sr0lC5rWz9U',16),('6622p95gpNA',82),('csSLXUP9xk0',83),('aQ0VdvWdKsk',84),('fs1vP01vGeY',85),('VAP2AzRxDbs',42),('xXIm6ba1oxE',86),('8IJVS7pVWg8',87),('2G3KsrvDPKQ',1),('2nx81srj44c',1),('7KQjlUekhzk',1),('M8nu4gkOlbI',89),('N30PVsHHc4U',90),('J5CyzT7HUz4',91),('sWvuAO_LHiw',92),('npSkmTvIjO4',93),('G3Y6JALsXvk',20),('HOXXDj4OzDI',94),('iyRqY2775cA',38),('IXyctNFW25o',96),('qkgJ85oCodU',41),('s6CLngcj6Z8',1),('7_LUXNtGRdE',1),('yZKzGehDxmo',22),('wasKHC7X4Uw',81),('sXVAN3thxME',4),('pPscQ92DM8M',46),('kl4SC2DGud4',97),('VNluFrNy_5I',98),('97ZC3wje_mk',1),('2kXM9ZDe0PE',1),('4I9dHooPKxQ',1),('SO3JcsLYqAE',1),('W6yn0-AhgTM',1),('TtA6kpvVqOU',1),('cjQ2eORmIUo',7),('NukkrzLgRjY',1),('suIwWlyeEC4',99),('sVMj0sMfA2c',100),('mq9PU2XY3bQ',101),('HMzyU1zSO1o',102),('g5r6W3v54Js',36),('N5Vk_9K7C9g',96),('Mc-pN4rZK84',1),('DKtmZBFmS7s',103),('rlma_TP8lr4',24),('LcWXIbcCxEQ',104),('roqFL0oEZYw',1),('fphH41xbWEQ',72),('fUbFZkfjpfQ',105),('fTs3gXDsWEU',106),('jmBDn9WyRKc',1),('Vhosr_SjjN0',107),('C7xvp72iCDg',1),('K5n4KLOgIjY',1),('CENfFHw9Kg8',96),('twb8cB9dRHU',108),('dj93e1nLGwE',22),('vk2bq8tPe9g',1),('zTuBeNrUU9I',109),('PY9qT5FtqHY',1),('qHmo8Bx3fSg',1),('pj-TgIco_ug',1),('ul8aqTw8-30',1),('EkT7tnpipPM',1),('vk9LlFDkCb0',1),('4LkmEIdb4Oo',1),('GUIDZik9M_I',16),('vkpxsCZo2tk',111),('4GYmD7Ogusc',112),('iT3zGRN4mFs',1),('He79ZLV0x-0',113),('Ip_0YtVxJGE',114),('GtLmBjkFQ7k',115),('-87Q50gqRFM',3),('jYIDnOifvfA',20),('tpO0ATpYRw8',1),('Z-kO6n23Ydg',117),('AXHr_3l0wng',46),('SMVY1cm3eV8',118),('LVPcTo5nGnU',108),('zkLCprHkqYY',20),('e3g1rnkneBE',1),('UpqC6wYC14U',119),('jZ1GWob9Bxk',120),('keA2A8FCo5w',87),('1UVodfF7aZI',5),('sMCXMH8VAE4',121),('WqlL3YC_Bgg',122),('JMCKOpQ-pIM',123),('w0f1ojQbKzw',92),('fa5biSOaFJg',124),('HJg7WkOHxMs',125),('Nn1_KZZdUMk',126),('EPcPGc7f-aE',20),('jfIeFt4Wou0',1),('F9p9qAmk11c',1),('Ks9G4_vTFN4',1),('jKNbfiPczqo',76),('_KiCtINRalc',127),('C138QPKNU2U',109),('0mrm8OKOjCM',128),('KzfvVe2Ph6w',129),('6JrNLMLg7RE',130),('PJ7xVKz8I6w',1),('z_PB3Jfo03o',131),('oVaeZVYgEfs',132),('Ocy2RqL8Ac0',73),('anYPlVAkPSQ',133),('WHZMt-6stQs',134),('2mXPSsoew9k',1),('3V3X9alrXTE',135),('NV0YUJ3DBIU',32),('0SSlJymmLMc',136),('mIq_QPuTWHo',82),('LITAGDY95g0',1),('PRebgmIeVb0',137),('rIH4hSA2kLc',7),('dT-I8vThSuA',138),('jJjWWRv1FT4',139),('Zjr_-7O43C4',1),('8I-qBnFbse0',140),('ggBcpLQJb0o',4),('dhQeNAv_RoA',25),('-aFHv3eLq8g',106),('YavNgBaqHoc',140),('JoaPnfcaM0M',141),('Pj6oFoJktLM',142),('c3PCcMAgIx8',143),('RqHZUWLxMdo',144),('ZV2jhl2OWMo',145),('B4F-sweNJoQ',92),('41S6liUvoq4',18),('PSYRdI-13dI',146),('Y3Wiwh3M__g',22),('44oPxIjUtGc',1),('ijBY_5nwxsc',1),('1hx1GVFO9Cs',147),('MUvXJu4i0a0',87),('APwg_YqvhbE',109),('nh1w1-QVRT4',1),('qKJhvyAv2fY',1),('ikX_TUSgb-0',148),('0Ji_xcV3zmI',108),('UyJ8Qbh_LH0',149),('h2IffIvIRm0',150),('B254xxs4ywM',151),('vtA_DWA6tx4',152),('EGqZM0sHBuY',1),('3si0q0M-PIQ',1),('oVfyt4BWJNQ',1),('3MEPz665D1E',1),('zvmlcwyHR5Q',1),('9_o3V4CVess',1),('u1kvlgf-tTM',20),('Xr2JQ3xW-Gc',9),('V0I8s5qldHo',82),('s8j5R4i3kq0',1),('y9oJXm3ygOE',153),('DM1iiAkOEK0',27),('TD-fhGL0Bzk',154),('ofL1q11CoxE',1),('pZN0nHB0qRQ',155),('pPZIVXDy53E',156),('MCXSldXbidI',1),('uH7xgGKEnz0',141),('Hx_RSNa2YDU',46),('jTJqPBMZXKs',158),('BjBsUko_-X0',86),('aPYRhBSxk5k',159),('JjwjyOQK9xI',159),('jxzI9XOfh6w',32),('M_ktlIXJhfc',160),('Ew2vD0pv3Pw',161),('0iNlmysyP5A',162),('UhCqdxsgc-M',22),('wFojgCbralk',108),('fMAd3fxoGyc',159),('RoWuNTc7djY',163),('VO7KrhjbrWg',22),('bDXjSP_8CAc',164),('_CddRkYpKtI',46),('cIDPdhKkfYI',24),('zs5NEaHNNu0',165),('5JGgFjdhVSo',159),('Kx7cvmpLyiE',166),('LA-JDnpt2iQ',167),('ZFWu2q04NtM',168),('t5m--7k60lE',169),('YOkxRDaYuDk',21),('rxbDuc0zhx4',170),('GJiARx6l66A',159),('ySC0apNduaQ',159),('emGiPyoAfz8',13),('nUxmX76ghUs',159),('NkIxOZKtOQo',171),('dACw-xCioBE',120),('_ZJtGAx7siw',58),('GazyY-e5Xto',16),('8yS8GOvKfSs',172),('V58EqJxODSo',159),('3Rsf_Tahgk4',87),('gN2OjERZqCQ',173),('iI74IGxvugQ',174),('368MlsCI25M',175),('0S8GPdo5XbI',89),('2sgCzV51tj0',24),('41-0qVxPSt0',176),('hMYpSLRbXMs',159),('GaEQJYgQNi0',159),('ysjEib8E_no',120),('vb5BhEY2Gpw',177),('MFNETL-PbeI',125),('PKvwQ4f_XpE',13),('Zw100vOIk5c',178),('tF4s6l_3o7M',166),('iksQUFp1gDg',1),('Zy46FW5heU0',179),('J5urSMpUFMc',180),('XIFkD5J8GjQ',181),('wfpPt8z2aEA',182),('b9lwmxbis8M',183),('mv6GMGf8L5Y',184),('uKqydUNfi80',185),('l_t88F98snM',159),('CYBl8uNMfKQ',16),('mMG-EoDpd2w',186),('HJBgWizZuSk',159),('jnGrjfh9gHE',187),('UDK0GQmN8aI',188),('yY9O-V0DDqk',41),('sbGzz8BfBu4',189),('veemHKlHB6Q',159),('UIqH9bZlqlo',9),('EjS1IREdOjE',113),('jFZ67_poJjM',33),('Qv46dvfWa8Q',159),('a_-clIaVvko',190),('ZUTqVx49NAQ',193),('7FnP1K3JJBw',42),('dCKMLrTvV04',159),('14Zl8mWKUzk',194),('JhjQps5WcUc',194),('cP6x1-YIBmM',195),('aBO3dePaUYw',196),('1xBjwzIF_e4',175),('-qzh4sRe_3w',22),('JFfWmMcOU5Q',159),('se36IdE1_Nw',198),('YK7jRR3BmBU',196),('-Ay0OakbX8U',199),('Xv4nXYbQQ34',184),('3trYIk73p0k',200),('hd41RDP2JDU',8),('ls9VW2oJhoE',196),('Eahu-s-CXkk',201),('wZaDIOJKEJA',202),('oI76VzHC_Go',203),('JmNUI29IKCs',204),('juVGd6ZApWU',17),('-G8uM2DKGME',206),('497mV85yhUM',207),('XU9_m8Ul7Cg',208),('Rx2Pk1AE4Fg',195),('uNHzJG-30Zs',10),('lotrw32qs38',209),('Yv2mnchq6LY',41),('hfVELQk27W4',210),('pwMHH4fTLxE',211),('rWHbK8dq1gU',212),('GGeRq0fE5oE',213),('Axl7VT0y63s',214),('2HYQpbqAe6w',36),('pp7ZiCKN3IQ',215),('uhEM8oALyII',216),('vqV6y8nH4R8',217),('g7PEIiD8V9Y',218),('yTzc2VnjkQw',219),('U2Sc19rRAl0',220),('WcOUxyhDVSY',221),('0qA8zwYOl9o',222),('O6mJvhdm5MQ',149),('7FtoNUdkfNc',223),('rGXLXImN7nI',106),('0LpfTphAfMI',224),('tGwtNyEbvVs',92),('6_unu2fNi4s',225),('GyFtL4hmoN0',45),('xzHGXopIjc0',10),('H-Wut0BVQ_U',7),('XHHh6mYrYNI',2),('2F1G2r59oZk',1),('ONNFHTOueXo',1),('9S1GUK5-x-g',81),('fxjSDJRCSAI',226),('P8dZLHQorjQ',227),('1nSF-Xta3IM',228),('DbpfjUyk_jw',229),('bCcuuRwMJjc',230),('XQHaWxYjPVw',165),('Wb0FT-6OjUE',36),('H_o753eDRVQ',171),('y03Xkh0mmC0',43),('KFivNGXdl34',195),('Tv5WMoPDUwo',231),('XXCzJK3-iZY',232),('hYmy7szIuIw',233),('_BVEt3xtYos',234),('Qa9XAmLO8l4',235),('r2BeDQvarJc',1),('ri35YKhV-ME',236),('aB8VTpTQ6zk',1),('EiCWuUGUNmE',148),('5SntLIEYTS4',38),('Mnrxf2nz-Hk',20),('1b-1LsKuroY',237),('A-BwQe8T23I',33),('-xUKsNrLOLQ',86),('rOpwGa6vRYI',238),('79q3h1X-Asw',239),('RIYejS2ujjo',16),('9OaZs3cKoTk',240),('DcoBmvRTEZ4',1),('0cHzwWzOs5A',96),('9MkWWrlx8qM',45),('Lgx0qoLGZzY',241),('lHxrb0GeCj4',242),('kPfJMaFlmhY',43),('R7CahEG5nf8',243),('iTO-XrNnbkk',1),('JdKiJd-tYu4',183),('39C5IQKCAHs',82),('x4ivn9pq7Gs',161),('BUfxw97avEU',5),('tk5VR35WEeU',171),('8dJVuB5qBVU',1),('xs6OmSnxlA0',76),('Mdo3uvX-yog',63),('HoUM-XxOm6I',245),('pOby4b4O8gE',32),('IeJTNN8_jLI',1),('dW-ed6J5zEE',1),('Q3sTM6AIf-A',246),('ZDlXM8anXtE',247),('SnXkhkEvNIM',1),('FS14OUzjLTk',248),('ddgcjiFfrd4',249),('s_u0o3uczEc',48),('qiMn053s_ZY',1),('XwW5_MFzC6A',20),('Jz-mEvSFmGE',156),('aEu2fSfd3j0',251),('7IcVeEOy9HE',235),('LxgMFO0xuEk',109),('q6FUuehuIdc',1),('fkbI4JBzsOI',1),('DPGYwAZHBlY',22),('PSKqDaWYa9I',148),('4Gc3vF6FX_o',3),('56uwv-goo-E',252),('BnGao9iV9N4',253),('zgnH_MNzlqs',222),('ghOsH6uY8oA',196),('HpJ93q51YW8',16),('mxi8SmFys2U',254),('7L8jGxljy04',255),('JRUrWXO3I8s',36),('yVGC5KMKgqw',108),('cSBSyoTyli0',256),('x5sEDpGMqkU',27),('8UR1tBp23mM',258),('jPClvL9a03M',1),('YbYH47XuOq0',52),('DctkTzlyDDg',33),('KqBZIxoe7OI',1),('u-IBAElG6n0',92),('UCaBIYTPy3M',260),('6E9Vr5SwsdY',261),('nZuKRhQMeSI',262),('whtiSq7k0Lg',186),('UJHeo4HI8zQ',106),('I1MXesXuVa0',263),('YGGc9PUOhhQ',1),('MuJHpjhFRAE',38),('JkEttKCNWJI',231),('iQ8MS6W9pF4',1),('XEu6gZzyx_U',135),('-ENWdLODjJs',101),('d_lR7EfEJKo',265),('lMB_rK8o6rE',266),('IKIus-hfSRY',25),('kxWHb0pUigg',1),('PaToFup-LD0',267),('5Q1DrlTIAZo',268),('oC66717nuRY',269),('arC9vRxCAuE',273),('msxEDL1yaak',22),('5pZ8-SLtyzE',32),('6T-Hc7QqSPE',274),('Z7ixtC4ntOw',275),('p0pf6B59HUI',276),('fhahd1bgksE',277),('eO35NeuPQqI',225),('o7V9T5YuUO4',158),('MIxeuUIeF3U',278),('4ckzJS0R3Zg',279),('zWXFyRHolHA',33),('K-ZS2MFQy1o',149),('2Sx4Kwowr7U',90),('CnV34wsvbCE',156),('ojFz98v3BHM',8),('FREAPyuceuM',92),('7u7tZSye8GQ',224),('s_8NZ8rn_Us',280),('s5WnkWu-_HE',57),('KsSFpuToNh8',221),('6Xm8EEJ6rjc',184),('1l3d7C243mQ',21),('XpH_xZaBrzQ',281),('BvsK5HN3WiU',282),('VBgzGP0ITUc',159),('Z5PM0FhFkoQ',159),('6e3KeO4ICKI',159),('_JUOD8LPHLQ',159),('oSL2nCSD17g',159),('kuQO-48SXOg',1),('C6xMKvMyngs',85),('cnQhFRSvVtQ',1),('cTbw-PqU514',249),('4NsQtYEQf4E',3),('4iUgg-bN3ig',199),('QzfC0_A73Hg',85),('G4FUjD_N8YU',286),('OkPoqIcWxEI',119),('8-Z0KX7pXKs',159),('uYaSmK6DUkw',140),('YEz3J4Ukmtk',94),('5TC3j2beOP4',46),('85nir6cByKk',15),('WD00QxwBTSY',15),('7Cp-e70yj6Y',20),('gS1QhVpSEds',1),('7MA0jtdjHSM',14),('6bM5SzQFpZQ',65),('G4FUjD_N8YU',66),('buA3V0f-GEI',81),('AwC5k3hpuGY',1),('tjSS4XIJg_M',32),('J6pSjwp4qxw',284),('-lfWAylktfw',283),('CZrChkoycBA',11),('lzk4efmFQW4',81),('1VobwuqSpuo',285),('TDu7CcYxA9g',159),('MXgTZqGHDhw',286),('lkLro07kYtA',36),('zCtE0PgptNs',159),('YgKjqN4mYSg',17),('ktfSsX43BFg',287),('bMd9r6hLGLY',1),('eP8uggsdhkU',1),('Lvfo3C3rGCI',1),('vkH29ILw_Qw',1),('Fm7Hn-k2rlk',11),('iciSfjGR2dk',288),('kUjpX8ZI6rw',48),('ALdAGOTBLOs',287),('UqNOXP5-qYc',289),('GXQj3f9HSdI',96),('docM0c2goms',106),('Bd52DT62MP0',89),('F89vTGtrelQ',24),('3lr2CG1_qFo',46),('Inrueu-anKA',39),('tMqCj2pDOEY',290),('k3CEKGoXkBs',289),('1OjpwEqsjNY',1),('Txpv33zgC7Q',292),('4yY19IoWodg',27),('Fp-d16pWIkA',293),('S9olG0marBg',295),('vYGje-wCb8g',296),('OYLcflSsOf4',138),('t1QnsduCdI0',25),('S9olG0marBg',144),('6h4XMbEUrB8',289),('vWMxlqCN29A',137),('nHelkaQVoSA',9),('XyvwQJnZwMo',1),('M7QXjdvEWzI',1),('Y4XhetPDUO4',1),('qNfPov8hI4U',1),('8BkkyWyiPMs',1),('50LD0HYpHGI',1),('4GFLQcyVX4M',1),('a4tMpRfc7DA',1),('_oi5EvPTzZQ',298),('j-eoIxIMgeA',299),('UYGtfq-ly1U',32),('Fabi5cq2Vwk',1),('_jRMfHiWhco',300),('_xQnNAEJTzU',301),('__ZMWE2oMI0',1),('Fd2x0o4T0hU',31),('S1aBMas4Jnw',36),('_d98KQ2DsiQ',302),('mNu85yWnSPk',303),('6Ozqy6PCMkg',1),('C7WtyHNqs4w',1),('V-KC0sxO0Y8',1),('CKl-rk50NMo',1),('G8Fyn-2A3J4',1),('l4h4R1-FyYA',1),('V0Er6P8p0T0',1),('wQeM-x1mtFk',1),('GIL0QlSXD2o',1),('H9bK_vdQMOc',1),('KVJpj0Zz1uQ',252),('og5bXjur6rc',3),('JFr_bzw-WfM',305),('J7zcelSTNHg',120),('7hCd4INUNbg',306),('82Y_lc-dxvU',307),('H8EFIge77XY',1),('_SPRn61EOMA',308),('mw-_h5WZdzU',309),('JW0E_SawH2U',76),('gmdOd997UWE',57),('SYXmdZ60LQY',310),('Dl9e-F2DHx8',177),('XaCSCOlC2Z8',109),('VsXnhjCfCoE',284),('9KB-z6T6Nqg',1),('dVBYPu1Oopg',3),('3Tqtpw7C4r8',25),('iLQUKTaatNk',39),('bwVkn8Z0YHk',20),('a3i0BNJ55wo',1),('3Rw3KiPgQ50',1),('nHQS2Oi9Pjw',1),('aQMmX5SAiZ4',1),('O629MDyEiDU',1),('7oXOV0wAk7Y',1),('P-qnbWFJtkU',1),('CTFojUn0u9w',22),('mt9rXp4SfWM',299),('QfJ-WFXRO-0',312),('qbg-ULcVQGk',148),('CVoOKCn3888',1),('8lTHyd96aPM',81),('ODEb7JY4WDo',92),('KU1yf-3AJag',181),('suTEAtURsag',313),('4XXIEK-XMZw',213),('5DhZzJv-_eg',314),('5nnEVC5ZCR8',7),('ZnGymLjQXLc',315),('8STVBxEuiXY',316),('IzhKqXo9ZE4',317),('rjxmDJLAkaM',1),('f4lmSr7YxHI',318),('ZhOXImVuD2w',199),('3Ppe8Xhl8qA',284),('wG6WP2Hqd9w',1),('Jh5owy0HPGU',319),('x7CKnBYg0GM',45),('bxNd3fJRHTs',320),('a5IzdMcC9uw',1),('mfKjDrO2q5w',310),('3SIaFsalSls',5),('sTiE3jNzXYs',36),('4XOWE1G31aU',308),('SH-93gq7Q00',1),('LswZYhaOagY',1),('TWht6nrQuJw',86),('rF2y3Akpj-8',113),('tJEBPb3EfUQ',322),('lZlg7HzSGAY',323),('dJ-Px0dZH8A',1),('J7bOzCjYzbY',48),('QR2baEPUUgI',3),('gYUE_Zu6leg',325),('Ea0l-yXlMKQ',326),('8yQSde4nxR0',1),('xkkgAVzB_pM',284),('sOzMZUux6Hw',322),('iFK3BTHRG_M',1),('qq1Jwfa6mgo',328),('WSVpM0UrQaQ',234),('ibZUsXC2OtY',81),('jcYNbUP50AA',329),('VVn-n2ROQXg',330),('qq1Jwfa6mgo',312),('jcYNbUP50AA',156),('V1AjaoTspbU',331),('l9wRjsQ_JII',27),('PUHgezDPiT0',332),('6HbdJMto_rg',156),('5T-qmS-Jq-o',1),('VEqmEzRzArw',334),('_uJU-ZiRvrM',1),('-cxSzWc1nRw',1),('YKwXix967PI',76),('hw5DmaD939A',1),('0lrDn2qmtpE',335),('VI1gspH68Lg',1),('045mtg6Nk6A',336),('JjWiVb4bbFE',339),('5vJDqlckxU8',81),('cDcIlV21oHI',340),('y7Jl81A9rV0',43),('dEHDd8S2HBQ',341),('AO9v1jliqx4',1),('0UkepPvSQUs',22),('42J0VKYB2u4',343),('4Eyd42mCo4Y',319),('Y4XHAEdaoVw',13),('iehulywj4Rc',184),('e_42DwxMr0U',345),('YWrIiJt_UOU',284),('VCIbjEia-oI',346),('ZrTKdUhsREk',48),('0-oZridYkGQ',347),('5bvpqpbIpMc',109),('eGBxC7RQxsY',307),('f3daOQ_LUTk',1),('KD7u5Zacp8g',338),('Mma_aps8Cik',7),('85_I2yVcbhU',58),('BwHi6k50f7A',16),('w8e_e6FMRmk',25),('Rx7YsP6Re2s',61),('WccI5RAdzek',1),('UB1oZZ6aaAU',81),('16VVZB0bnnE',7),('nCOoxRs9IOQ',1),('npNEdDxCNrk',76),('eyNqLvdZY-8',1),('UNOLELxhYQg',110),('K0kog-MfnPE',1),('GbnCm6jy1wo',108),('UBc4d0xMRDo',1),('ybzsKec_cW0',171),('KXnZfC7A5FM',304),('dWqZ5VRLoWA',185),('smDIBN_8KY8',297),('7m3s71jKSkc',13),('bhjCc-gKVvQ',1),('w40GiK_Cdgc',1),('zaKqtd4ZwsY',1),('yQgZCLGk050',225),('yoh1qy0mXM0',272),('ACTpRkbcqMk',270),('TY_N-Z4XCl8',56),('ZmJD-7A6H2A',1),('5TtSOLsAop4',337),('7UuNAKFV6KQ',299),('VTIdPlj449E',117),('z7XlZlaykxk',148),('7EPj2xZPEH0',344),('3kkvNitQOwU',299),('FARxrW_mzkM',1),('RRzUJ0oL9cc',342),('MgqhzoiBaX4',3),('CALZ26GuQ1E',56),('qzXJ1lDE_as',352),('n_je2-DsMVE',1),('NPJ5I_plhp0',1),('EwQTjf2RPJI',1),('jZWnKbBN5Yg',1),('Wj2wSs-uxhs',1),('HQha2iPF034',352),('btLtlF4OVyY',308),('XvO8lFROzMs',1),('bdvoqsZhzGw',352),('VWl9W4um-qc',352),('dCXoOWgPnHc',352),('T_N8CR6PSrI',352),('1cilQLjjrYo',1),('BTBXci-bd9s',196),('g5epn3yh76k',358),('qt4Z1Uh_Mpg',66),('B1ZE9K-pcWs',284),('dgiOMveoFko',1),('19kj9kOncgQ',352),('Gpnj27IFqzs',357),('puWYFqtR8ig',335),('PieJYJjUNtY',149),('5ynpZbozOCw',352),('61BUubgjSJU',352),('lKqpRP3c64o',1),('qiaEUasF6CM',352),('NCfK7xoP3x4',356),('EkC96Zc2UkI',1),('j2qYG7tIS9k',355),('qtU_pHArtCo',352),('m2yeCwwcL0I',352),('Nyh3SwGeT-8',352),('kgXBg5MHu6g',354),('RXTCaIroztk',1),('gCxVOXYmqJU',352),('2vTBWJQm4hI',1),('nvbnFpzuj2w',1),('paE6EgFaAQs',1),('8jrgAHJepDU',351),('axWTpRpeb9I',85),('RKfLFJ--kmc',366),('CKafUF9GCsU',366),('lb95IJcsg9I',1),('OVI5G2ImNqU',1),('H6KfUwLz1hc',1),('QdQdp6kirlA',1),('V0J-HfhYvbs',381),('maWBI3ORTMA',376),('IHsfDoM0lbo',352),('5Y-3CM8xr0c',352),('pMAan8vdHjs',375),('qx15nHyMuVg',352),('PyGXSzVnPdw',352),('pYqtIjRhAoc',352),('M_Zbs9_u1tc',351),('-sJt3PhLPUE',352),('WAd6nqF_VSw',359),('VHvlgpGhlQ8',222),('RH7_wXQTdQk',362),('T0nV-8iSAw0',352),('aNJLXRxEw2k',352),('9MnWz-Z8c4g',366),('ppFAscSbFGk',366),('BNh4-uSSg9w',366),('MEAj4qTAoiM',352),('oQyeP6bf8ME',56),('TrFJCmopAEk',369),('Rp64vMj9GHc',370),('opMTyD7DWHs',359),('5L587lit3GQ',352),('1pb1UvioXT8',352),('09VjcF_vp9o',352),('vIwhKCAyB3I',284),('U6YDyXEpktM',352),('C59zJ-olG34',352),('rl0lbJESshw',373),('Dlp-u__XN4s',352),('ts_otOMkKkI',339),('w2VIMvIPMtk',352),('sh7GDuFVqfo',56),('gH7jI3g7obA',352),('S-KlAPV-LXM',336),('jPjG5xZEBDI',352),('_su2Xx4iZ-Y',352),('i4cftlI_4Pk',364),('-3xGyRiepe0',236),('YC4OsRtCBQs',360),('a28GXKGHgrE',376),('ioEe7YS1aFI',362),('KpX4Ko-5cEA',262),('TkgrbHVUkpc',336),('VZc9nZUbrOk',364),('wG2XgJnk2t8',365),('77Cg7oowEhs',366),('tfIHfI4Pgec',299),('ch-hn0rMkWc',352);
/*!40000 ALTER TABLE `artists_youtubes` ENABLE KEYS */;
UNLOCK TABLES;

--
-- Table structure for table `cds`
--

DROP TABLE IF EXISTS `cds`;
/*!40101 SET @saved_cs_client     = @@character_set_client */;
/*!40101 SET character_set_client = utf8 */;
CREATE TABLE `cds` (
  `id` int(11) NOT NULL AUTO_INCREMENT,
  `title` varchar(255) COLLATE utf8_unicode_ci DEFAULT NULL,
  `release_at` date DEFAULT NULL,
  `created_at` datetime NOT NULL,
  `updated_at` datetime NOT NULL,
  `url` varchar(255) COLLATE utf8_unicode_ci DEFAULT NULL,
  PRIMARY KEY (`id`)
) ENGINE=InnoDB AUTO_INCREMENT=17 DEFAULT CHARSET=utf8 COLLATE=utf8_unicode_ci;
/*!40101 SET character_set_client = @saved_cs_client */;

--
-- Dumping data for table `cds`
--

LOCK TABLES `cds` WRITE;
/*!40000 ALTER TABLE `cds` DISABLE KEYS */;
INSERT INTO `cds` VALUES (1,'Goose house Phrase #01','2011-06-26','2016-03-20 09:09:31','2016-03-25 18:16:43','Goose_house_Phrase_01'),(2,'Goose house Phrase #02 Sky','2011-11-13','2016-03-26 06:59:06','2016-03-26 06:59:06','Goose_house_Phrase_02'),(3,'Goose house Phrase #03 Wandering','2012-05-23','2016-03-26 07:06:52','2016-03-26 07:06:52','Goose_house_Phrase_03'),(4,'Goose house Phrase #04 Beautiful Life','2012-10-24','2016-03-26 07:36:01','2016-03-26 07:36:01','Goose_house_Phrase_04'),(5,'Goose house Phrase #05 「この指とまれ」','2013-03-20','2016-03-26 07:45:15','2016-03-26 07:45:15','Goose_house_Phrase_05'),(6,'Goose house Phrase #06 「サクラへ」','2013-03-20','2016-03-26 07:47:21','2016-03-26 07:47:21','Goose_house_Phrase_06'),(7,'Goose house Phrase #07 Soundtrack?','2013-07-31','2016-03-26 07:53:08','2016-03-26 07:53:08','Goose_house_Phrase_07'),(8,'Goose house Phrase #08 オトノナルホウヘ→／恋はヒラひらり','2014-02-19','2016-03-26 08:05:41','2016-03-26 08:05:41','Goose_house_Phrase_08'),(9,'Goose house Phrase #09 「光るなら」','2014-11-19','2016-03-26 08:11:49','2016-03-26 08:11:49','Goose_house_Phrase_09'),(10,'Goose house Phrase #10 「Milk」','2015-02-25','2016-03-26 08:19:23','2016-03-26 08:19:23','Goose_house_Phrase_10'),(11,'Goose house Phrase #11 「Bitter」','2015-02-25','2016-03-26 08:24:45','2016-03-26 08:24:45','Goose_house_Phrase_11'),(12,'Goose house Phrase #12 「LOVE & LIFE」','2015-12-09','2016-03-26 08:28:52','2016-03-26 08:28:52','Goose_house_Phrase_12'),(13,'恋愛小説と、通過列車と、1gのため息。','2016-07-06','2016-06-18 05:49:55','2016-08-29 23:10:04','Goose_house_1g'),(14,'Goose house Phrase #13 「Fly High, So High」','2016-08-10','2016-08-29 23:03:09','2016-08-29 23:03:39','Goose_house_Phrase_13'),(15,'Goose house Phrase #14 僕らだけの等身大','2017-01-06','2017-01-30 11:33:26','2017-01-30 11:35:13','Goose_house_Phrase_14'),(16,'Goose house Phrase #15 HEPTAGON','2017-02-22','2017-01-30 11:34:57','2017-01-30 11:34:57','Goose_house_Phrase_15');
/*!40000 ALTER TABLE `cds` ENABLE KEYS */;
UNLOCK TABLES;

--
-- Table structure for table `cds_youtubes`
--

DROP TABLE IF EXISTS `cds_youtubes`;
/*!40101 SET @saved_cs_client     = @@character_set_client */;
/*!40101 SET character_set_client = utf8 */;
CREATE TABLE `cds_youtubes` (
  `youtube_id` varchar(255) COLLATE utf8_unicode_ci NOT NULL,
  `cd_id` int(11) NOT NULL,
  KEY `index_cds_youtubes_on_youtube_id` (`youtube_id`),
  KEY `index_cds_youtubes_on_cd_id` (`cd_id`)
) ENGINE=InnoDB DEFAULT CHARSET=utf8 COLLATE=utf8_unicode_ci;
/*!40101 SET character_set_client = @saved_cs_client */;

--
-- Dumping data for table `cds_youtubes`
--

LOCK TABLES `cds_youtubes` WRITE;
/*!40000 ALTER TABLE `cds_youtubes` DISABLE KEYS */;
INSERT INTO `cds_youtubes` VALUES ('2mXPSsoew9k',1),('9_o3V4CVess',1),('LITAGDY95g0',1),('nh1w1-QVRT4',1),('MCXSldXbidI',1),('qKJhvyAv2fY',1),('zvmlcwyHR5Q',1),('3MEPz665D1E',1),('EGqZM0sHBuY',1),('e3g1rnkneBE',2),('tpO0ATpYRw8',2),('F9p9qAmk11c',2),('vk2bq8tPe9g',2),('2G3KsrvDPKQ',2),('ul8aqTw8-30',2),('EkT7tnpipPM',3),('eyNqLvdZY-8',3),('Mc-pN4rZK84',3),('NukkrzLgRjY',3),('4LkmEIdb4Oo',3),('PY9qT5FtqHY',3),('zCtE0PgptNs',1),('GJiARx6l66A',1),('Zjr_-7O43C4',1),('PJ7xVKz8I6w',3),('jmBDn9WyRKc',3),('vk9LlFDkCb0',3),('iTO-XrNnbkk',3),('7_LUXNtGRdE',4),('2nx81srj44c',4),('s6CLngcj6Z8',4),('TtA6kpvVqOU',4),('SO3JcsLYqAE',4),('W6yn0-AhgTM',4),('4I9dHooPKxQ',4),('97ZC3wje_mk',4),('2kXM9ZDe0PE',4),('zZ1g2tAXqWQ',5),('DUhwkuh-5JM',5),('nCOoxRs9IOQ',6),('WdhLlPWgF4Y',6),('6c_X3wyarLo',7),('Galpr9dwJuk',7),('aB8VTpTQ6zk',7),('jG_khMzhAGc',7),('zo3pwwZCEcg',7),('UTmaAW-ZE50',7),('ONNFHTOueXo',8),('2F1G2r59oZk',8),('h-LH9rsnsz4',8),('HHML2F7l2vU',8),('SnXkhkEvNIM',9),('8dJVuB5qBVU',9),('DcoBmvRTEZ4',9),('IeJTNN8_jLI',9),('SnXkhkEvNIM',10),('ONNFHTOueXo',10),('kxWHb0pUigg',10),('KqBZIxoe7OI',10),('cnQhFRSvVtQ',10),('AwC5k3hpuGY',11),('ZmJD-7A6H2A',11),('iQ8MS6W9pF4',11),('jPClvL9a03M',11),('YGGc9PUOhhQ',8),('YGGc9PUOhhQ',11),('bhjCc-gKVvQ',12),('gS1QhVpSEds',12),('zaKqtd4ZwsY',12),('a4tMpRfc7DA',13),('50LD0HYpHGI',13),('4GFLQcyVX4M',13),('8BkkyWyiPMs',13),('qNfPov8hI4U',13),('Y4XhetPDUO4',13),('M7QXjdvEWzI',13),('6Ozqy6PCMkg',14);
/*!40000 ALTER TABLE `cds_youtubes` ENABLE KEYS */;
UNLOCK TABLES;

--
-- Table structure for table `genres`
--

DROP TABLE IF EXISTS `genres`;
/*!40101 SET @saved_cs_client     = @@character_set_client */;
/*!40101 SET character_set_client = utf8 */;
CREATE TABLE `genres` (
  `id` int(11) NOT NULL AUTO_INCREMENT,
  `name` varchar(255) COLLATE utf8_unicode_ci DEFAULT NULL,
  `description` varchar(255) COLLATE utf8_unicode_ci DEFAULT NULL,
  `created_at` datetime NOT NULL,
  `updated_at` datetime NOT NULL,
  PRIMARY KEY (`id`)
) ENGINE=InnoDB AUTO_INCREMENT=10 DEFAULT CHARSET=utf8 COLLATE=utf8_unicode_ci;
/*!40101 SET character_set_client = @saved_cs_client */;

--
-- Dumping data for table `genres`
--

LOCK TABLES `genres` WRITE;
/*!40000 ALTER TABLE `genres` DISABLE KEYS */;
INSERT INTO `genres` VALUES (1,'アニメ','アニメの主題歌など','2015-05-10 08:19:34','2015-05-10 08:19:34'),(2,'洋楽','洋楽全般','2015-05-10 08:19:49','2015-05-10 08:19:49'),(3,'ドラマ','ドラマの主題歌や挿入歌など','2015-05-10 08:31:38','2015-05-10 08:31:38'),(4,'映画','','2015-05-10 08:38:14','2015-05-10 08:38:14'),(5,'メドレー','','2015-09-26 11:39:40','2015-09-26 11:39:40'),(7,'CMソング','CMに使用された曲','2017-03-06 10:54:08','2017-03-06 10:54:08'),(8,'トレイラー','','2017-03-06 10:55:31','2017-03-06 10:55:31'),(9,'番組主題歌・テーマソング','','2017-03-06 11:00:56','2017-03-06 11:00:56');
/*!40000 ALTER TABLE `genres` ENABLE KEYS */;
UNLOCK TABLES;

--
-- Table structure for table `genres_youtubes`
--

DROP TABLE IF EXISTS `genres_youtubes`;
/*!40101 SET @saved_cs_client     = @@character_set_client */;
/*!40101 SET character_set_client = utf8 */;
CREATE TABLE `genres_youtubes` (
  `youtube_id` varchar(255) COLLATE utf8_unicode_ci NOT NULL,
  `genre_id` int(11) NOT NULL,
  KEY `index_genres_youtubes_on_youtube_id` (`youtube_id`),
  KEY `index_genres_youtubes_on_genre_id` (`genre_id`)
) ENGINE=InnoDB DEFAULT CHARSET=utf8 COLLATE=utf8_unicode_ci;
/*!40101 SET character_set_client = @saved_cs_client */;

--
-- Dumping data for table `genres_youtubes`
--

LOCK TABLES `genres_youtubes` WRITE;
/*!40000 ALTER TABLE `genres_youtubes` DISABLE KEYS */;
INSERT INTO `genres_youtubes` VALUES ('3trYIk73p0k',2),('vtA_DWA6tx4',2),('pZN0nHB0qRQ',2),('qngpExBNLCE',2),('pwMHH4fTLxE',1),('GGeRq0fE5oE',1),('rWHbK8dq1gU',1),('hfVELQk27W4',1),('lotrw32qs38',1),('9OaZs3cKoTk',1),('Tv5WMoPDUwo',3),('sXVAN3thxME',3),('xXIm6ba1oxE',3),('VAP2AzRxDbs',3),('9bSc2tW4HpM',4),('G4FUjD_N8YU',4),('q2TqOAir_Ow',4),('0j8D0fZyiiQ',1),('1nSF-Xta3IM',1),('ONNFHTOueXo',1),('1b-1LsKuroY',1),('SnXkhkEvNIM',1),('aEu2fSfd3j0',1),('BnGao9iV9N4',1),('JC5oFWeXIKY',1),('q2TqOAir_Ow',1),('6bM5SzQFpZQ',1),('G4FUjD_N8YU',1),('qkgJ85oCodU',1),('bDXjSP_8CAc',1),('dT-I8vThSuA',1),('pwMHH4fTLxE',4),('dCKMLrTvV04',5),('JFfWmMcOU5Q',5),('buA3V0f-GEI',1),('buA3V0f-GEI',4),('docM0c2goms',3),('GXQj3f9HSdI',4),('3lr2CG1_qFo',3),('Bd52DT62MP0',3),('nOmppjvG7ks',2),('t1QnsduCdI0',3),('OYLcflSsOf4',3),('KVJpj0Zz1uQ',1),('og5bXjur6rc',4),('qbg-ULcVQGk',7),('P-qnbWFJtkU',5),('P-qnbWFJtkU',8),('dVBYPu1Oopg',4),('bwVkn8Z0YHk',3),('iLQUKTaatNk',3),('3Tqtpw7C4r8',4),('JW0E_SawH2U',4),('mw-_h5WZdzU',7),('gmdOd997UWE',4),('J7zcelSTNHg',9),('KVJpj0Zz1uQ',7),('S1aBMas4Jnw',7),('UYGtfq-ly1U',3),('_xQnNAEJTzU',1),('vWMxlqCN29A',7),('nHelkaQVoSA',3),('S9olG0marBg',9),('4yY19IoWodg',7),('Fp-d16pWIkA',7),('F89vTGtrelQ',7),('Inrueu-anKA',9),('iciSfjGR2dk',4),('iciSfjGR2dk',7),('kUjpX8ZI6rw',7),('8lTHyd96aPM',3),('KU1yf-3AJag',3),('KU1yf-3AJag',4),('KU1yf-3AJag',7),('5DhZzJv-_eg',7),('4XXIEK-XMZw',3),('5nnEVC5ZCR8',9),('8STVBxEuiXY',3),('ZnGymLjQXLc',3),('3Ppe8Xhl8qA',1),('sTiE3jNzXYs',3),('Ea0l-yXlMKQ',3),('lZlg7HzSGAY',7),('TWht6nrQuJw',3),('rF2y3Akpj-8',3),('J7bOzCjYzbY',4),('gYUE_Zu6leg',3),('qq1Jwfa6mgo',3),('VVn-n2ROQXg',4),('6HbdJMto_rg',7),('PUHgezDPiT0',3),('V1AjaoTspbU',3),('5T-qmS-Jq-o',9),('xkkgAVzB_pM',4),('ybzsKec_cW0',3),('KXnZfC7A5FM',1),('dWqZ5VRLoWA',4),('smDIBN_8KY8',7),('7m3s71jKSkc',4),('3kkvNitQOwU',7);
/*!40000 ALTER TABLE `genres_youtubes` ENABLE KEYS */;
UNLOCK TABLES;

--
-- Table structure for table `hoys`
--

DROP TABLE IF EXISTS `hoys`;
/*!40101 SET @saved_cs_client     = @@character_set_client */;
/*!40101 SET character_set_client = utf8 */;
CREATE TABLE `hoys` (
  `id` int(11) NOT NULL AUTO_INCREMENT,
  `year` int(11) DEFAULT NULL,
  `ranking` mediumint(9) DEFAULT NULL,
  `youtube_id` varchar(255) COLLATE utf8_unicode_ci DEFAULT NULL,
  `created_at` datetime DEFAULT NULL,
  `updated_at` datetime DEFAULT NULL,
  PRIMARY KEY (`id`)
) ENGINE=InnoDB AUTO_INCREMENT=71 DEFAULT CHARSET=utf8 COLLATE=utf8_unicode_ci;
/*!40101 SET character_set_client = @saved_cs_client */;

--
-- Dumping data for table `hoys`
--

LOCK TABLES `hoys` WRITE;
/*!40000 ALTER TABLE `hoys` DISABLE KEYS */;
INSERT INTO `hoys` VALUES (1,2014,1,'ZbhW_GDuk0c','2014-12-23 08:12:31','2014-12-23 08:12:31'),(2,2014,2,'9MkWWrlx8qM','2014-12-23 08:12:31','2014-12-23 08:12:31'),(3,2014,3,'A-BwQe8T23I','2014-12-23 08:12:31','2014-12-23 08:12:31'),(4,2014,4,'HoUM-XxOm6I','2014-12-23 08:12:31','2014-12-23 08:12:31'),(5,2014,5,'ddgcjiFfrd4','2014-12-23 08:12:31','2014-12-23 08:12:31'),(6,2014,6,'xs6OmSnxlA0','2014-12-23 08:12:31','2014-12-23 08:12:31'),(7,2014,7,'ri35YKhV-ME','2014-12-23 08:12:31','2014-12-23 08:12:31'),(8,2014,8,'Lgx0qoLGZzY','2014-12-23 08:12:31','2014-12-23 08:12:31'),(9,2014,9,'FngB6Em17Zk','2014-12-23 08:12:31','2014-12-23 08:12:31'),(10,2014,10,'0cHzwWzOs5A','2014-12-23 08:12:31','2014-12-23 08:12:31'),(11,2013,1,'p5mFAYUxjnw','2014-12-23 08:12:31','2014-12-23 08:12:31'),(12,2013,2,'Q54jE2K_OQ0','2014-12-23 08:12:31','2014-12-23 08:12:31'),(13,2013,3,'B7KK4DGnxyA','2014-12-23 08:12:31','2014-12-23 08:12:31'),(14,2013,4,'z__B_djrJc4','2014-12-23 08:12:31','2014-12-23 08:12:31'),(15,2013,5,'qcprnxnkBcs','2014-12-23 08:12:31','2014-12-23 08:12:31'),(16,2013,6,'G4FUjD_N8YU','2014-12-23 08:12:31','2014-12-23 08:12:31'),(17,2013,7,'WVk70BIfxaQ','2014-12-23 08:12:31','2014-12-23 08:12:31'),(18,2013,8,'svEYFvGOF3U','2014-12-23 08:12:31','2014-12-23 08:12:31'),(19,2013,9,'6bM5SzQFpZQ','2014-12-23 08:12:31','2014-12-23 08:12:31'),(20,2013,10,'7DOLntbtAow','2014-12-23 08:12:31','2014-12-23 08:12:31'),(21,2012,1,'UpqC6wYC14U','2014-12-23 08:12:31','2014-12-23 08:12:31'),(22,2012,2,'dj93e1nLGwE','2014-12-23 08:12:31','2014-12-23 08:12:31'),(23,2012,3,'UB1oZZ6aaAU','2014-12-23 08:12:31','2014-12-23 08:12:31'),(24,2012,4,'AXHr_3l0wng','2014-12-23 08:12:31','2014-12-23 08:12:31'),(25,2012,5,'fTs3gXDsWEU','2014-12-23 08:12:31','2014-12-23 08:12:31'),(26,2012,6,'qkgJ85oCodU','2014-12-23 08:12:31','2014-12-23 08:12:31'),(27,2012,7,'iyRqY2775cA','2014-12-23 08:12:31','2014-12-23 08:12:31'),(28,2012,8,'UNOLELxhYQg','2014-12-23 08:12:31','2014-12-23 08:12:31'),(29,2012,9,'suIwWlyeEC4','2014-12-23 08:12:31','2014-12-23 08:12:31'),(30,2012,10,'WccI5RAdzek','2014-12-23 08:12:31','2014-12-23 08:12:31'),(31,2011,1,'0SSlJymmLMc','2014-12-23 08:12:31','2014-12-23 08:12:31'),(32,2011,2,'UyJ8Qbh_LH0','2014-12-23 08:12:31','2014-12-23 08:12:31'),(33,2011,3,'MUvXJu4i0a0','2014-12-23 08:12:31','2014-12-23 08:12:31'),(34,2011,4,'jKNbfiPczqo','2014-12-23 08:12:31','2014-12-23 08:12:31'),(35,2011,5,'Ocy2RqL8Ac0','2014-12-23 08:12:31','2014-12-23 08:12:31'),(36,2011,6,'fa5biSOaFJg','2014-12-23 08:12:31','2014-12-23 08:12:31'),(37,2011,7,'zs5NEaHNNu0','2014-12-23 08:12:31','2014-12-23 08:12:31'),(38,2011,8,'ZV2jhl2OWMo','2014-12-23 08:12:31','2014-12-23 08:12:31'),(39,2011,9,'Wb0FT-6OjUE','2014-12-23 08:12:31','2014-12-23 08:12:31'),(40,2011,10,'0mrm8OKOjCM','2014-12-23 08:12:31','2014-12-23 08:12:31'),(51,2015,1,'C6xMKvMyngs','2015-12-27 09:49:21','2015-12-27 09:49:21'),(52,2015,2,'x5sEDpGMqkU','2015-12-27 09:49:28','2015-12-27 09:49:28'),(53,2015,3,'-lfWAylktfw','2015-12-27 09:49:34','2015-12-27 09:49:34'),(54,2015,4,'XwW5_MFzC6A','2015-12-27 09:49:40','2015-12-27 09:49:40'),(55,2015,5,'aEu2fSfd3j0','2015-12-27 09:49:47','2015-12-27 09:49:47'),(56,2015,6,'d_lR7EfEJKo','2015-12-27 09:49:56','2015-12-27 09:49:56'),(57,2015,7,'IKIus-hfSRY','2015-12-27 09:50:02','2015-12-27 09:50:02'),(58,2015,8,'mxi8SmFys2U','2015-12-27 09:50:10','2015-12-27 09:50:10'),(59,2015,9,'MuJHpjhFRAE','2015-12-27 09:50:16','2015-12-27 09:50:16'),(60,2015,10,'iciSfjGR2dk','2015-12-27 09:50:23','2015-12-27 09:50:23'),(61,2016,10,'Fp-d16pWIkA',NULL,NULL),(62,2016,9,'Fd2x0o4T0hU',NULL,NULL),(63,2016,8,'j-eoIxIMgeA',NULL,NULL),(64,2016,7,'Dl9e-F2DHx8',NULL,NULL),(65,2016,6,'KXnZfC7A5FM',NULL,NULL),(66,2016,5,'_SPRn61EOMA',NULL,NULL),(67,2016,4,'ybzsKec_cW0',NULL,NULL),(68,2016,3,'JW0E_SawH2U',NULL,NULL),(69,2016,2,'_oi5EvPTzZQ',NULL,NULL),(70,2016,1,'iLQUKTaatNk',NULL,NULL);
/*!40000 ALTER TABLE `hoys` ENABLE KEYS */;
UNLOCK TABLES;

--
-- Table structure for table `members`
--

DROP TABLE IF EXISTS `members`;
/*!40101 SET @saved_cs_client     = @@character_set_client */;
/*!40101 SET character_set_client = utf8 */;
CREATE TABLE `members` (
  `id` int(11) NOT NULL AUTO_INCREMENT,
  `name` varchar(255) COLLATE utf8_unicode_ci DEFAULT NULL,
  `created_at` datetime DEFAULT NULL,
  `updated_at` datetime DEFAULT NULL,
  PRIMARY KEY (`id`)
) ENGINE=InnoDB AUTO_INCREMENT=13 DEFAULT CHARSET=utf8 COLLATE=utf8_unicode_ci;
/*!40101 SET character_set_client = @saved_cs_client */;

--
-- Dumping data for table `members`
--

LOCK TABLES `members` WRITE;
/*!40000 ALTER TABLE `members` DISABLE KEYS */;
INSERT INTO `members` VALUES (1,'d-iZe','2014-07-06 19:37:58','2014-07-06 19:37:58'),(2,'関取 花','2014-07-07 11:21:13','2014-07-07 11:21:13'),(3,'中村千尋','2014-07-07 11:29:42','2014-07-07 11:29:42'),(4,'木村正英','2014-07-07 11:32:20','2014-07-07 11:32:20'),(5,'神田莉緒香','2014-07-07 11:34:09','2014-07-07 11:34:09'),(6,'齊藤 ジョニー','2014-07-07 11:36:01','2014-07-07 11:36:01'),(7,'竹渕 慶','2014-07-07 11:36:35','2014-07-07 11:36:35'),(8,'工藤秀平','2014-07-07 11:39:41','2014-07-07 11:39:41'),(9,'竹澤 汀','2014-07-07 11:41:55','2014-07-07 11:41:55'),(10,'マナミ','2014-07-07 12:09:18','2014-07-07 12:09:18'),(11,'沙夜香','2014-07-07 12:13:15','2014-07-07 12:13:15'),(12,'ワタナベシュウヘイ','2014-07-07 12:25:28','2014-07-07 12:25:28');
/*!40000 ALTER TABLE `members` ENABLE KEYS */;
UNLOCK TABLES;

--
-- Table structure for table `members_unit_groups`
--

DROP TABLE IF EXISTS `members_unit_groups`;
/*!40101 SET @saved_cs_client     = @@character_set_client */;
/*!40101 SET character_set_client = utf8 */;
CREATE TABLE `members_unit_groups` (
  `member_id` int(11) NOT NULL,
  `unit_group_id` int(11) NOT NULL,
  KEY `index_members_unit_groups_on_member_id` (`member_id`),
  KEY `index_members_unit_groups_on_unit_group_id` (`unit_group_id`)
) ENGINE=InnoDB DEFAULT CHARSET=utf8 COLLATE=utf8_unicode_ci;
/*!40101 SET character_set_client = @saved_cs_client */;

--
-- Dumping data for table `members_unit_groups`
--

LOCK TABLES `members_unit_groups` WRITE;
/*!40000 ALTER TABLE `members_unit_groups` DISABLE KEYS */;
INSERT INTO `members_unit_groups` VALUES (1,1),(6,1),(2,2),(6,2),(4,3),(5,3),(8,3),(5,4),(6,4),(1,5),(7,5),(8,6),(9,6),(1,7),(8,7),(9,7),(1,8),(4,8),(5,9),(10,9),(1,10),(10,10),(11,10),(5,11),(9,11),(10,11),(11,11),(5,12),(8,12),(10,12),(7,13),(10,13),(12,13),(6,14),(11,14),(12,14),(8,15),(11,15),(10,16),(12,16),(6,17),(8,17),(10,17),(7,18),(10,18),(8,19),(10,19),(12,19),(7,20),(9,20),(10,20),(7,21),(9,21),(11,21),(8,22),(12,22),(8,23),(9,23),(10,23),(8,24),(11,24),(12,24),(8,25),(9,25),(12,25);
/*!40000 ALTER TABLE `members_unit_groups` ENABLE KEYS */;
UNLOCK TABLES;

--
-- Table structure for table `members_youtubes`
--

DROP TABLE IF EXISTS `members_youtubes`;
/*!40101 SET @saved_cs_client     = @@character_set_client */;
/*!40101 SET character_set_client = utf8 */;
CREATE TABLE `members_youtubes` (
  `youtube_id` varchar(255) COLLATE utf8_unicode_ci DEFAULT NULL,
  `member_id` int(11) DEFAULT NULL
) ENGINE=InnoDB DEFAULT CHARSET=utf8 COLLATE=utf8_unicode_ci;
/*!40101 SET character_set_client = @saved_cs_client */;

--
-- Dumping data for table `members_youtubes`
--

LOCK TABLES `members_youtubes` WRITE;
/*!40000 ALTER TABLE `members_youtubes` DISABLE KEYS */;
INSERT INTO `members_youtubes` VALUES ('-87Q50gqRFM',5),('-87Q50gqRFM',8),('-87Q50gqRFM',10),('aB8VTpTQ6zk',6),('aB8VTpTQ6zk',7),('aB8VTpTQ6zk',8),('aB8VTpTQ6zk',9),('aB8VTpTQ6zk',10),('aB8VTpTQ6zk',11),('aB8VTpTQ6zk',12),('ri35YKhV-ME',7),('ri35YKhV-ME',9),('ri35YKhV-ME',11),('EiCWuUGUNmE',6),('EiCWuUGUNmE',8),('cjXr122Rxg4',1),('cjXr122Rxg4',6),('5SntLIEYTS4',7),('5SntLIEYTS4',10),('5SntLIEYTS4',12),('Mnrxf2nz-Hk',6),('Mnrxf2nz-Hk',9),('Mnrxf2nz-Hk',11),('1b-1LsKuroY',8),('1b-1LsKuroY',10),('1b-1LsKuroY',12),('r2BeDQvarJc',6),('r2BeDQvarJc',7),('r2BeDQvarJc',8),('r2BeDQvarJc',9),('r2BeDQvarJc',10),('r2BeDQvarJc',11),('r2BeDQvarJc',12),('ONNFHTOueXo',6),('ONNFHTOueXo',7),('ONNFHTOueXo',8),('ONNFHTOueXo',9),('ONNFHTOueXo',10),('ONNFHTOueXo',11),('ONNFHTOueXo',12),('9S1GUK5-x-g',7),('9S1GUK5-x-g',9),('9S1GUK5-x-g',10),('P8dZLHQorjQ',9),('P8dZLHQorjQ',11),('P8dZLHQorjQ',12),('1nSF-Xta3IM',8),('1nSF-Xta3IM',10),('1nSF-Xta3IM',12),('bCcuuRwMJjc',6),('bCcuuRwMJjc',8),('bCcuuRwMJjc',11),('DbpfjUyk_jw',6),('DbpfjUyk_jw',7),('DbpfjUyk_jw',8),('DbpfjUyk_jw',9),('DbpfjUyk_jw',10),('DbpfjUyk_jw',11),('DbpfjUyk_jw',12),('XHHh6mYrYNI',6),('XHHh6mYrYNI',8),('XHHh6mYrYNI',11),('2F1G2r59oZk',6),('2F1G2r59oZk',7),('2F1G2r59oZk',8),('2F1G2r59oZk',9),('2F1G2r59oZk',10),('2F1G2r59oZk',11),('2F1G2r59oZk',12),('CxwCDe8CbO0',7),('CxwCDe8CbO0',9),('CxwCDe8CbO0',11),('HUCmag5dVxo',7),('HUCmag5dVxo',10),('PRgOqCZID58',8),('PRgOqCZID58',9),('PRgOqCZID58',12),('TfShgYAT8W8',7),('TfShgYAT8W8',10),('HQDWOrkPC6g',7),('HQDWOrkPC6g',11),('HQDWOrkPC6g',12),('OEDN7EPznoY',6),('OEDN7EPznoY',10),('OEDN7EPznoY',12),('fUGZwd445EM',6),('fUGZwd445EM',7),('fUGZwd445EM',8),('fUGZwd445EM',9),('fUGZwd445EM',10),('fUGZwd445EM',11),('fUGZwd445EM',12),('qFK3Pu6YJQ8',1),('taLrAdk1rKM',6),('taLrAdk1rKM',7),('taLrAdk1rKM',8),('taLrAdk1rKM',9),('taLrAdk1rKM',10),('taLrAdk1rKM',11),('taLrAdk1rKM',12),('9yunxAvbzCo',8),('9yunxAvbzCo',12),('m354q21Bxh4',7),('OS15080xVmY',8),('OS15080xVmY',10),('OS15080xVmY',11),('TohhjiAkmZ8',8),('TohhjiAkmZ8',9),('TohhjiAkmZ8',10),('6c_X3wyarLo',1),('6c_X3wyarLo',6),('6c_X3wyarLo',7),('6c_X3wyarLo',8),('6c_X3wyarLo',9),('6c_X3wyarLo',10),('6c_X3wyarLo',11),('6c_X3wyarLo',12),('rS87DCftyao',6),('rS87DCftyao',7),('rS87DCftyao',10),('tOQ7a7HiHCY',6),('tOQ7a7HiHCY',9),('tOQ7a7HiHCY',10),('0j8D0fZyiiQ',8),('0j8D0fZyiiQ',9),('0j8D0fZyiiQ',11),('u3gPNKinadw',6),('u3gPNKinadw',8),('ZbhW_GDuk0c',1),('ZbhW_GDuk0c',6),('ZbhW_GDuk0c',7),('ZbhW_GDuk0c',8),('ZbhW_GDuk0c',9),('ZbhW_GDuk0c',10),('ZbhW_GDuk0c',11),('ZbhW_GDuk0c',12),('UUzuLx_LLgk',1),('UUzuLx_LLgk',7),('UUzuLx_LLgk',9),('OziIP5rbuE4',6),('OziIP5rbuE4',7),('OziIP5rbuE4',9),('DqS1HZcVxps',11),('DqS1HZcVxps',12),('FngB6Em17Zk',1),('FngB6Em17Zk',10),('FngB6Em17Zk',12),('k0Al6_MABsQ',7),('k21LAaRZ-uM',6),('k21LAaRZ-uM',8),('k21LAaRZ-uM',9),('GJXmBq47EGg',6),('GJXmBq47EGg',11),('GJXmBq47EGg',12),('54_e4udZyJk',6),('54_e4udZyJk',7),('54_e4udZyJk',8),('54_e4udZyJk',9),('54_e4udZyJk',10),('54_e4udZyJk',11),('54_e4udZyJk',12),('h-LH9rsnsz4',6),('h-LH9rsnsz4',7),('h-LH9rsnsz4',8),('h-LH9rsnsz4',9),('h-LH9rsnsz4',10),('h-LH9rsnsz4',11),('h-LH9rsnsz4',12),('HHML2F7l2vU',6),('HHML2F7l2vU',7),('HHML2F7l2vU',8),('HHML2F7l2vU',9),('HHML2F7l2vU',10),('HHML2F7l2vU',11),('HHML2F7l2vU',12),('WUFw3IK-qs8',6),('WUFw3IK-qs8',7),('WUFw3IK-qs8',8),('WUFw3IK-qs8',9),('WUFw3IK-qs8',10),('WUFw3IK-qs8',11),('WUFw3IK-qs8',12),('weRWZIndnOA',6),('_FkPM-_RrCI',6),('_FkPM-_RrCI',7),('6p-B0AgbXtA',7),('wj5pVZ2JbVU',7),('wj5pVZ2JbVU',10),('wj5pVZ2JbVU',12),('DPS3loXzGTw',6),('DPS3loXzGTw',11),('DPS3loXzGTw',12),('nOmppjvG7ks',6),('nOmppjvG7ks',7),('HHNxnM9B7TM',10),('HHNxnM9B7TM',12),('ogD3hP8e6TU',6),('ogD3hP8e6TU',7),('ogD3hP8e6TU',8),('ogD3hP8e6TU',9),('ogD3hP8e6TU',10),('ogD3hP8e6TU',11),('ogD3hP8e6TU',12),('eNM6Xz7JMTY',7),('Q54jE2K_OQ0',6),('Q54jE2K_OQ0',7),('Q54jE2K_OQ0',8),('B7KK4DGnxyA',7),('B7KK4DGnxyA',10),('B7KK4DGnxyA',11),('ttWlPvrIQZk',7),('ttWlPvrIQZk',10),('ttWlPvrIQZk',12),('jG_khMzhAGc',8),('jG_khMzhAGc',10),('jG_khMzhAGc',11),('h1M4X8GSpWA',6),('h1M4X8GSpWA',8),('TsKs0oGhTWo',6),('TsKs0oGhTWo',8),('TsKs0oGhTWo',10),('JC5oFWeXIKY',8),('JC5oFWeXIKY',10),('JC5oFWeXIKY',12),('Y7OHmxvuIwE',8),('Y7OHmxvuIwE',9),('Y7OHmxvuIwE',12),('Galpr9dwJuk',1),('Galpr9dwJuk',8),('Galpr9dwJuk',9),('QzfC0_A73Hg',7),('QzfC0_A73Hg',9),('5kfEOVCxikc',6),('5kfEOVCxikc',11),('5kfEOVCxikc',12),('q2TqOAir_Ow',9),('q2TqOAir_Ow',11),('q2TqOAir_Ow',12),('yJptus8dsKY',7),('yJptus8dsKY',11),('yJptus8dsKY',12),('svEYFvGOF3U',1),('svEYFvGOF3U',6),('svEYFvGOF3U',7),('svEYFvGOF3U',8),('svEYFvGOF3U',9),('svEYFvGOF3U',10),('svEYFvGOF3U',11),('svEYFvGOF3U',12),('kl-0ABda1aA',1),('kl-0ABda1aA',7),('FOs04eyWBKQ',6),('FOs04eyWBKQ',10),('Ig_arzhGuhM',6),('Ig_arzhGuhM',9),('GAwHAstt3lE',1),('GAwHAstt3lE',11),('GAwHAstt3lE',12),('zo3pwwZCEcg',1),('zo3pwwZCEcg',6),('zo3pwwZCEcg',7),('zo3pwwZCEcg',8),('zo3pwwZCEcg',9),('zo3pwwZCEcg',10),('zo3pwwZCEcg',11),('zo3pwwZCEcg',12),('HRn2OIFs8DA',7),('HRn2OIFs8DA',10),('HRn2OIFs8DA',12),('z__B_djrJc4',1),('z__B_djrJc4',6),('z__B_djrJc4',7),('z__B_djrJc4',8),('z__B_djrJc4',9),('z__B_djrJc4',10),('z__B_djrJc4',11),('z__B_djrJc4',12),('ihCRNP9y9lg',1),('ihCRNP9y9lg',6),('ihCRNP9y9lg',8),('ihCRNP9y9lg',12),('5kTbT9m9LNo',8),('5kTbT9m9LNo',11),('PYTLakk8lNo',1),('PYTLakk8lNo',6),('Co0TmFvqxvY',1),('Co0TmFvqxvY',6),('Co0TmFvqxvY',7),('Co0TmFvqxvY',8),('Co0TmFvqxvY',9),('Co0TmFvqxvY',10),('Co0TmFvqxvY',11),('Co0TmFvqxvY',12),('v1LVAJYebL0',1),('v1LVAJYebL0',6),('v1LVAJYebL0',7),('_5k_4Rkk6Do',1),('_5k_4Rkk6Do',8),('_5k_4Rkk6Do',9),('lg57i_222zg',8),('lg57i_222zg',10),('lg57i_222zg',11),('fEsyBaG-uNw',9),('fEsyBaG-uNw',10),('fEsyBaG-uNw',11),('p7LcjQcAWtg',9),('p7LcjQcAWtg',10),('p7LcjQcAWtg',11),('viEz9OkWdk8',8),('viEz9OkWdk8',10),('viEz9OkWdk8',11),('H8TAOHLLT0w',6),('H8TAOHLLT0w',11),('H8TAOHLLT0w',12),('Sn-Bj7wwAak',8),('Sn-Bj7wwAak',9),('7QHXcb0oqF4',7),('7QHXcb0oqF4',9),('7QHXcb0oqF4',12),('UTmaAW-ZE50',1),('UTmaAW-ZE50',6),('UTmaAW-ZE50',7),('UTmaAW-ZE50',8),('UTmaAW-ZE50',9),('UTmaAW-ZE50',10),('UTmaAW-ZE50',11),('UTmaAW-ZE50',12),('G4FUjD_N8YU',1),('G4FUjD_N8YU',6),('G4FUjD_N8YU',7),('G4FUjD_N8YU',8),('G4FUjD_N8YU',9),('G4FUjD_N8YU',10),('G4FUjD_N8YU',11),('G4FUjD_N8YU',12),('6bM5SzQFpZQ',6),('6bM5SzQFpZQ',11),('6bM5SzQFpZQ',12),('qngpExBNLCE',1),('qngpExBNLCE',7),('pqrQ25psl6E',7),('pqrQ25psl6E',9),('pqrQ25psl6E',10),('EKSd6xUNPU4',1),('EKSd6xUNPU4',9),('EKSd6xUNPU4',12),('qccq1cc9xZE',6),('qccq1cc9xZE',8),('qccq1cc9xZE',10),('StMYs21OhCE',9),('hRtRadK1HFk',8),('hRtRadK1HFk',10),('9bSc2tW4HpM',6),('9bSc2tW4HpM',11),('9bSc2tW4HpM',12),('bb_qJ33fmL4',6),('bb_qJ33fmL4',9),('bb_qJ33fmL4',11),('p5mFAYUxjnw',1),('p5mFAYUxjnw',6),('p5mFAYUxjnw',7),('x-THZrQTg5E',1),('x-THZrQTg5E',8),('x-THZrQTg5E',9),('7DOLntbtAow',7),('7DOLntbtAow',10),('7DOLntbtAow',12),('6w3Ep_Zu4UE',1),('6w3Ep_Zu4UE',6),('6w3Ep_Zu4UE',7),('6w3Ep_Zu4UE',8),('6w3Ep_Zu4UE',9),('6w3Ep_Zu4UE',10),('6w3Ep_Zu4UE',11),('6w3Ep_Zu4UE',12),('fI3av1fRiYE',1),('fI3av1fRiYE',10),('fI3av1fRiYE',11),('zZ1g2tAXqWQ',1),('zZ1g2tAXqWQ',5),('zZ1g2tAXqWQ',7),('zZ1g2tAXqWQ',8),('zZ1g2tAXqWQ',9),('zZ1g2tAXqWQ',10),('zZ1g2tAXqWQ',11),('zZ1g2tAXqWQ',12),('6KZksQWLN48',7),('6KZksQWLN48',9),('C_Srcfj7qHA',8),('C_Srcfj7qHA',12),('WVk70BIfxaQ',1),('WVk70BIfxaQ',5),('WVk70BIfxaQ',7),('WVk70BIfxaQ',8),('6622p95gpNA',5),('6622p95gpNA',7),('6622p95gpNA',9),('Sr0lC5rWz9U',8),('Sr0lC5rWz9U',10),('qcprnxnkBcs',1),('qcprnxnkBcs',5),('qcprnxnkBcs',7),('qcprnxnkBcs',8),('qcprnxnkBcs',9),('qcprnxnkBcs',10),('qcprnxnkBcs',11),('qcprnxnkBcs',12),('aQ0VdvWdKsk',1),('aQ0VdvWdKsk',7),('aQ0VdvWdKsk',11),('aQ0VdvWdKsk',12),('csSLXUP9xk0',5),('csSLXUP9xk0',11),('csSLXUP9xk0',12),('g3nZrrg_ulE',1),('_bzS83nl3oM',8),('_bzS83nl3oM',9),('_bzS83nl3oM',10),('VAP2AzRxDbs',10),('VAP2AzRxDbs',12),('fs1vP01vGeY',1),('fs1vP01vGeY',8),('fs1vP01vGeY',10),('xXIm6ba1oxE',5),('xXIm6ba1oxE',9),('xXIm6ba1oxE',11),('xXIm6ba1oxE',12),('qkgJ85oCodU',5),('qkgJ85oCodU',7),('7_LUXNtGRdE',1),('7_LUXNtGRdE',5),('7_LUXNtGRdE',7),('7_LUXNtGRdE',8),('7_LUXNtGRdE',9),('7_LUXNtGRdE',10),('7_LUXNtGRdE',11),('7_LUXNtGRdE',12),('CZrChkoycBA',8),('CZrChkoycBA',9),('CZrChkoycBA',10),('2nx81srj44c',1),('2nx81srj44c',7),('2nx81srj44c',8),('2nx81srj44c',9),('8IJVS7pVWg8',1),('8IJVS7pVWg8',5),('8IJVS7pVWg8',7),('2G3KsrvDPKQ',1),('2G3KsrvDPKQ',5),('2G3KsrvDPKQ',7),('2G3KsrvDPKQ',8),('2G3KsrvDPKQ',9),('2G3KsrvDPKQ',10),('2G3KsrvDPKQ',11),('2G3KsrvDPKQ',12),('OkPoqIcWxEI',1),('OkPoqIcWxEI',8),('OkPoqIcWxEI',9),('7KQjlUekhzk',1),('7KQjlUekhzk',5),('7KQjlUekhzk',7),('7KQjlUekhzk',8),('7KQjlUekhzk',9),('7KQjlUekhzk',10),('7KQjlUekhzk',11),('7KQjlUekhzk',12),('M8nu4gkOlbI',5),('M8nu4gkOlbI',7),('M8nu4gkOlbI',11),('N30PVsHHc4U',1),('N30PVsHHc4U',8),('N30PVsHHc4U',12),('J5CyzT7HUz4',1),('J5CyzT7HUz4',11),('sWvuAO_LHiw',5),('sWvuAO_LHiw',9),('npSkmTvIjO4',8),('npSkmTvIjO4',9),('npSkmTvIjO4',10),('npSkmTvIjO4',12),('iyRqY2775cA',1),('iyRqY2775cA',7),('iyRqY2775cA',10),('VNluFrNy_5I',1),('VNluFrNy_5I',8),('VNluFrNy_5I',11),('G3Y6JALsXvk',7),('G3Y6JALsXvk',10),('HOXXDj4OzDI',1),('HOXXDj4OzDI',5),('HOXXDj4OzDI',7),('HOXXDj4OzDI',8),('HOXXDj4OzDI',9),('HOXXDj4OzDI',10),('HOXXDj4OzDI',11),('HOXXDj4OzDI',12),('IXyctNFW25o',1),('IXyctNFW25o',5),('IXyctNFW25o',12),('s6CLngcj6Z8',1),('s6CLngcj6Z8',5),('s6CLngcj6Z8',7),('s6CLngcj6Z8',8),('s6CLngcj6Z8',9),('s6CLngcj6Z8',10),('s6CLngcj6Z8',11),('s6CLngcj6Z8',12),('yZKzGehDxmo',5),('yZKzGehDxmo',7),('yZKzGehDxmo',9),('wasKHC7X4Uw',7),('wasKHC7X4Uw',10),('sXVAN3thxME',8),('sXVAN3thxME',10),('pPscQ92DM8M',1),('pPscQ92DM8M',5),('pPscQ92DM8M',12),('kl4SC2DGud4',9),('kl4SC2DGud4',12),('TtA6kpvVqOU',1),('TtA6kpvVqOU',5),('TtA6kpvVqOU',7),('TtA6kpvVqOU',8),('TtA6kpvVqOU',9),('TtA6kpvVqOU',10),('TtA6kpvVqOU',11),('TtA6kpvVqOU',12),('cjQ2eORmIUo',11),('cjQ2eORmIUo',12),('NukkrzLgRjY',5),('NukkrzLgRjY',9),('NukkrzLgRjY',10),('sVMj0sMfA2c',8),('sVMj0sMfA2c',11),('suIwWlyeEC4',1),('suIwWlyeEC4',7),('mq9PU2XY3bQ',5),('mq9PU2XY3bQ',8),('mq9PU2XY3bQ',10),('HMzyU1zSO1o',9),('HMzyU1zSO1o',12),('Mc-pN4rZK84',1),('Mc-pN4rZK84',8),('Mc-pN4rZK84',9),('DKtmZBFmS7s',1),('DKtmZBFmS7s',6),('DKtmZBFmS7s',7),('N5Vk_9K7C9g',8),('N5Vk_9K7C9g',10),('N5Vk_9K7C9g',11),('N5Vk_9K7C9g',12),('g5r6W3v54Js',5),('g5r6W3v54Js',9),('g5r6W3v54Js',11),('roqFL0oEZYw',1),('roqFL0oEZYw',5),('roqFL0oEZYw',7),('roqFL0oEZYw',8),('roqFL0oEZYw',9),('roqFL0oEZYw',10),('roqFL0oEZYw',11),('roqFL0oEZYw',12),('rlma_TP8lr4',6),('rlma_TP8lr4',12),('LcWXIbcCxEQ',5),('LcWXIbcCxEQ',7),('LcWXIbcCxEQ',10),('fphH41xbWEQ',8),('fphH41xbWEQ',11),('fTs3gXDsWEU',1),('fTs3gXDsWEU',12),('fUbFZkfjpfQ',1),('fUbFZkfjpfQ',5),('jmBDn9WyRKc',1),('jmBDn9WyRKc',5),('jmBDn9WyRKc',7),('jmBDn9WyRKc',8),('jmBDn9WyRKc',9),('jmBDn9WyRKc',10),('jmBDn9WyRKc',11),('jmBDn9WyRKc',12),('Vhosr_SjjN0',1),('Vhosr_SjjN0',7),('C7xvp72iCDg',1),('C7xvp72iCDg',5),('C7xvp72iCDg',7),('C7xvp72iCDg',8),('C7xvp72iCDg',9),('C7xvp72iCDg',10),('C7xvp72iCDg',11),('K5n4KLOgIjY',1),('K5n4KLOgIjY',5),('K5n4KLOgIjY',7),('CENfFHw9Kg8',6),('CENfFHw9Kg8',7),('CENfFHw9Kg8',8),('twb8cB9dRHU',8),('twb8cB9dRHU',9),('twb8cB9dRHU',10),('vk2bq8tPe9g',1),('vk2bq8tPe9g',5),('vk2bq8tPe9g',6),('vk2bq8tPe9g',7),('vk2bq8tPe9g',8),('vk2bq8tPe9g',9),('vk2bq8tPe9g',10),('vk2bq8tPe9g',11),('dj93e1nLGwE',1),('dj93e1nLGwE',6),('PY9qT5FtqHY',5),('PY9qT5FtqHY',6),('PY9qT5FtqHY',7),('PY9qT5FtqHY',8),('zTuBeNrUU9I',1),('zTuBeNrUU9I',9),('zTuBeNrUU9I',11),('qHmo8Bx3fSg',1),('qHmo8Bx3fSg',4),('qHmo8Bx3fSg',5),('qHmo8Bx3fSg',6),('qHmo8Bx3fSg',8),('qHmo8Bx3fSg',9),('qHmo8Bx3fSg',10),('qHmo8Bx3fSg',11),('pj-TgIco_ug',5),('pj-TgIco_ug',7),('ul8aqTw8-30',1),('ul8aqTw8-30',4),('ul8aqTw8-30',5),('ul8aqTw8-30',6),('ul8aqTw8-30',7),('ul8aqTw8-30',8),('ul8aqTw8-30',9),('ul8aqTw8-30',10),('ul8aqTw8-30',11),('EkT7tnpipPM',1),('EkT7tnpipPM',5),('EkT7tnpipPM',6),('EkT7tnpipPM',7),('EkT7tnpipPM',8),('EkT7tnpipPM',9),('EkT7tnpipPM',10),('EkT7tnpipPM',11),('vk9LlFDkCb0',5),('vk9LlFDkCb0',7),('vk9LlFDkCb0',9),('vk9LlFDkCb0',10),('vk9LlFDkCb0',11),('4LkmEIdb4Oo',1),('4LkmEIdb4Oo',7),('4LkmEIdb4Oo',11),('GUIDZik9M_I',5),('GUIDZik9M_I',7),('GUIDZik9M_I',8),('4GYmD7Ogusc',1),('4GYmD7Ogusc',6),('4GYmD7Ogusc',10),('vkpxsCZo2tk',1),('vkpxsCZo2tk',9),('7MA0jtdjHSM',6),('7MA0jtdjHSM',9),('XQHaWxYjPVw',5),('XQHaWxYjPVw',7),('XQHaWxYjPVw',8),('He79ZLV0x-0',1),('He79ZLV0x-0',7),('He79ZLV0x-0',10),('He79ZLV0x-0',11),('Ip_0YtVxJGE',1),('Ip_0YtVxJGE',6),('Ip_0YtVxJGE',11),('jYIDnOifvfA',9),('tpO0ATpYRw8',1),('tpO0ATpYRw8',5),('tpO0ATpYRw8',6),('tpO0ATpYRw8',7),('tpO0ATpYRw8',8),('tpO0ATpYRw8',9),('tpO0ATpYRw8',10),('tpO0ATpYRw8',11),('Z-kO6n23Ydg',1),('Z-kO6n23Ydg',8),('Z-kO6n23Ydg',9),('AXHr_3l0wng',5),('AXHr_3l0wng',6),('AXHr_3l0wng',7),('AXHr_3l0wng',9),('SMVY1cm3eV8',5),('SMVY1cm3eV8',10),('SMVY1cm3eV8',11),('LVPcTo5nGnU',1),('LVPcTo5nGnU',6),('LVPcTo5nGnU',7),('zkLCprHkqYY',6),('zkLCprHkqYY',10),('zkLCprHkqYY',11),('e3g1rnkneBE',1),('e3g1rnkneBE',5),('e3g1rnkneBE',7),('e3g1rnkneBE',8),('e3g1rnkneBE',9),('e3g1rnkneBE',10),('e3g1rnkneBE',11),('UpqC6wYC14U',1),('UpqC6wYC14U',8),('UpqC6wYC14U',9),('jZ1GWob9Bxk',1),('jZ1GWob9Bxk',10),('jZ1GWob9Bxk',11),('keA2A8FCo5w',9),('keA2A8FCo5w',11),('1UVodfF7aZI',5),('1UVodfF7aZI',8),('1UVodfF7aZI',10),('sMCXMH8VAE4',5),('sMCXMH8VAE4',7),('WqlL3YC_Bgg',5),('WqlL3YC_Bgg',7),('WqlL3YC_Bgg',9),('JMCKOpQ-pIM',1),('JMCKOpQ-pIM',5),('JMCKOpQ-pIM',10),('w0f1ojQbKzw',2),('w0f1ojQbKzw',7),('tGwtNyEbvVs',2),('H-Wut0BVQ_U',1),('H-Wut0BVQ_U',4),('H-Wut0BVQ_U',6),('H-Wut0BVQ_U',8),('xzHGXopIjc0',1),('xzHGXopIjc0',4),('xzHGXopIjc0',5),('xzHGXopIjc0',6),('xzHGXopIjc0',7),('xzHGXopIjc0',8),('rGXLXImN7nI',5),('rGXLXImN7nI',6),('rGXLXImN7nI',7),('rGXLXImN7nI',8),('fa5biSOaFJg',1),('fa5biSOaFJg',7),('fa5biSOaFJg',11),('GyFtL4hmoN0',1),('GyFtL4hmoN0',4),('GyFtL4hmoN0',5),('GyFtL4hmoN0',6),('GyFtL4hmoN0',7),('GyFtL4hmoN0',8),('fMAd3fxoGyc',4),('fMAd3fxoGyc',5),('fMAd3fxoGyc',6),('fMAd3fxoGyc',8),('RoWuNTc7djY',4),('RoWuNTc7djY',5),('RoWuNTc7djY',8),('6e3KeO4ICKI',1),('6e3KeO4ICKI',4),('6e3KeO4ICKI',5),('6e3KeO4ICKI',6),('6e3KeO4ICKI',7),('6e3KeO4ICKI',8),('6e3KeO4ICKI',9),('VO7KrhjbrWg',1),('VO7KrhjbrWg',7),('VO7KrhjbrWg',9),('bDXjSP_8CAc',1),('bDXjSP_8CAc',7),('6_unu2fNi4s',1),('6_unu2fNi4s',6),('6_unu2fNi4s',7),('0LpfTphAfMI',1),('0LpfTphAfMI',4),('0LpfTphAfMI',5),('0LpfTphAfMI',6),('0LpfTphAfMI',7),('0LpfTphAfMI',8),('Kx7cvmpLyiE',4),('Kx7cvmpLyiE',5),('Kx7cvmpLyiE',6),('Kx7cvmpLyiE',9),('y9oJXm3ygOE',1),('y9oJXm3ygOE',5),('y9oJXm3ygOE',6),('y9oJXm3ygOE',7),('y9oJXm3ygOE',9),('M_ktlIXJhfc',4),('M_ktlIXJhfc',6),('M_ktlIXJhfc',8),('ysjEib8E_no',1),('ysjEib8E_no',7),('8I-qBnFbse0',3),('8I-qBnFbse0',6),('8I-qBnFbse0',9),('_CddRkYpKtI',4),('_CddRkYpKtI',5),('_CddRkYpKtI',6),('_CddRkYpKtI',8),('_CddRkYpKtI',9),('WHZMt-6stQs',1),('WHZMt-6stQs',6),('anYPlVAkPSQ',4),('anYPlVAkPSQ',5),('anYPlVAkPSQ',6),('WcOUxyhDVSY',1),('WcOUxyhDVSY',5),('WcOUxyhDVSY',6),('UDK0GQmN8aI',3),('UDK0GQmN8aI',6),('3trYIk73p0k',4),('3trYIk73p0k',6),('3trYIk73p0k',7),('3trYIk73p0k',8),('7Cp-e70yj6Y',4),('7Cp-e70yj6Y',7),('jFZ67_poJjM',1),('jFZ67_poJjM',5),('jFZ67_poJjM',7),('zvmlcwyHR5Q',5),('zvmlcwyHR5Q',7),('zvmlcwyHR5Q',9),('0S8GPdo5XbI',1),('0S8GPdo5XbI',6),('dT-I8vThSuA',4),('dT-I8vThSuA',5),('zgnH_MNzlqs',1),('zgnH_MNzlqs',6),('TD-fhGL0Bzk',1),('TD-fhGL0Bzk',6),('_JUOD8LPHLQ',4),('_JUOD8LPHLQ',5),('_JUOD8LPHLQ',6),('_JUOD8LPHLQ',9),('EPcPGc7f-aE',9),('EPcPGc7f-aE',10),('HJBgWizZuSk',3),('HJBgWizZuSk',5),('HJBgWizZuSk',6),('GaEQJYgQNi0',1),('GaEQJYgQNi0',5),('GaEQJYgQNi0',7),('GaEQJYgQNi0',9),('HJg7WkOHxMs',5),('HJg7WkOHxMs',9),('vtA_DWA6tx4',1),('vtA_DWA6tx4',6),('vtA_DWA6tx4',7),('7FtoNUdkfNc',1),('7FtoNUdkfNc',5),('7FtoNUdkfNc',6),('7FtoNUdkfNc',7),('Qa9XAmLO8l4',1),('Qa9XAmLO8l4',2),('Qa9XAmLO8l4',5),('s5WnkWu-_HE',5),('s5WnkWu-_HE',6),('ZFWu2q04NtM',6),('ZFWu2q04NtM',9),('B254xxs4ywM',1),('B254xxs4ywM',8),('B254xxs4ywM',9),('44oPxIjUtGc',1),('44oPxIjUtGc',5),('44oPxIjUtGc',9),('jKNbfiPczqo',1),('jKNbfiPczqo',5),('jKNbfiPczqo',7),('jKNbfiPczqo',9),('jKNbfiPczqo',10),('jKNbfiPczqo',11),('uH7xgGKEnz0',7),('uH7xgGKEnz0',9),('0mrm8OKOjCM',7),('0mrm8OKOjCM',9),('Ks9G4_vTFN4',1),('Ks9G4_vTFN4',4),('Ks9G4_vTFN4',6),('Ks9G4_vTFN4',7),('Ks9G4_vTFN4',8),('Ks9G4_vTFN4',9),('Ew2vD0pv3Pw',6),('Ew2vD0pv3Pw',7),('ojFz98v3BHM',1),('ojFz98v3BHM',5),('ojFz98v3BHM',7),('ojFz98v3BHM',8),('EjS1IREdOjE',3),('EjS1IREdOjE',5),('EjS1IREdOjE',7),('GJiARx6l66A',1),('GJiARx6l66A',4),('GJiARx6l66A',5),('GJiARx6l66A',6),('GJiARx6l66A',7),('GJiARx6l66A',8),('GJiARx6l66A',9),('cP6x1-YIBmM',2),('cP6x1-YIBmM',4),('cP6x1-YIBmM',5),('cP6x1-YIBmM',6),('cP6x1-YIBmM',7),('mMG-EoDpd2w',4),('mMG-EoDpd2w',5),('mMG-EoDpd2w',6),('mMG-EoDpd2w',8),('mMG-EoDpd2w',9),('jTJqPBMZXKs',7),('jTJqPBMZXKs',9),('z_PB3Jfo03o',8),('z_PB3Jfo03o',10),('c3PCcMAgIx8',1),('c3PCcMAgIx8',5),('ZV2jhl2OWMo',1),('ZV2jhl2OWMo',7),('ZV2jhl2OWMo',9),('PRebgmIeVb0',8),('PRebgmIeVb0',9),('qKJhvyAv2fY',5),('qKJhvyAv2fY',7),('qKJhvyAv2fY',9),('jxzI9XOfh6w',5),('jxzI9XOfh6w',9),('fhahd1bgksE',5),('fhahd1bgksE',6),('fhahd1bgksE',8),('fhahd1bgksE',9),('emGiPyoAfz8',1),('emGiPyoAfz8',5),('PKvwQ4f_XpE',5),('PKvwQ4f_XpE',9),('Nn1_KZZdUMk',1),('Nn1_KZZdUMk',5),('Nn1_KZZdUMk',10),('EGqZM0sHBuY',1),('EGqZM0sHBuY',4),('EGqZM0sHBuY',5),('EGqZM0sHBuY',6),('EGqZM0sHBuY',7),('EGqZM0sHBuY',8),('EGqZM0sHBuY',9),('oVaeZVYgEfs',6),('oVaeZVYgEfs',10),('3MEPz665D1E',1),('3MEPz665D1E',6),('3MEPz665D1E',7),('0iNlmysyP5A',5),('0iNlmysyP5A',6),('0iNlmysyP5A',7),('0iNlmysyP5A',9),('9_o3V4CVess',1),('9_o3V4CVess',6),('9_o3V4CVess',7),('gN2OjERZqCQ',3),('gN2OjERZqCQ',5),('7FnP1K3JJBw',1),('7FnP1K3JJBw',3),('7FnP1K3JJBw',4),('7FnP1K3JJBw',5),('7FnP1K3JJBw',6),('7FnP1K3JJBw',7),('7FnP1K3JJBw',8),('7FnP1K3JJBw',9),('oSL2nCSD17g',4),('oSL2nCSD17g',5),('oSL2nCSD17g',6),('oSL2nCSD17g',7),('oSL2nCSD17g',8),('oSL2nCSD17g',9),('oVfyt4BWJNQ',1),('oVfyt4BWJNQ',4),('oVfyt4BWJNQ',5),('oVfyt4BWJNQ',6),('oVfyt4BWJNQ',7),('oVfyt4BWJNQ',8),('_BVEt3xtYos',1),('_BVEt3xtYos',5),('_BVEt3xtYos',6),('0qA8zwYOl9o',1),('0qA8zwYOl9o',6),('U2Sc19rRAl0',1),('U2Sc19rRAl0',6),('O6mJvhdm5MQ',1),('O6mJvhdm5MQ',2),('O6mJvhdm5MQ',5),('O6mJvhdm5MQ',6),('O6mJvhdm5MQ',7),('3V3X9alrXTE',4),('3V3X9alrXTE',7),('2sgCzV51tj0',1),('2sgCzV51tj0',4),('2sgCzV51tj0',6),('2sgCzV51tj0',8),('rxbDuc0zhx4',4),('rxbDuc0zhx4',5),('rxbDuc0zhx4',6),('rxbDuc0zhx4',9),('B4F-sweNJoQ',1),('B4F-sweNJoQ',5),('B4F-sweNJoQ',6),('B4F-sweNJoQ',7),('B4F-sweNJoQ',9),('Ocy2RqL8Ac0',4),('Ocy2RqL8Ac0',9),('hYmy7szIuIw',1),('hYmy7szIuIw',5),('hYmy7szIuIw',6),('yTzc2VnjkQw',1),('yTzc2VnjkQw',5),('yTzc2VnjkQw',6),('0Ji_xcV3zmI',5),('0Ji_xcV3zmI',6),('-Ay0OakbX8U',6),('-Ay0OakbX8U',7),('XIFkD5J8GjQ',1),('XIFkD5J8GjQ',3),('XIFkD5J8GjQ',5),('pPZIVXDy53E',5),('pPZIVXDy53E',6),('pPZIVXDy53E',9),('_ZJtGAx7siw',5),('_ZJtGAx7siw',7),('_ZJtGAx7siw',9),('H_o753eDRVQ',1),('H_o753eDRVQ',5),('pZN0nHB0qRQ',1),('pZN0nHB0qRQ',7),('8-Z0KX7pXKs',1),('8-Z0KX7pXKs',5),('8-Z0KX7pXKs',9),('MCXSldXbidI',4),('MCXSldXbidI',5),('MCXSldXbidI',8),('Hx_RSNa2YDU',5),('Hx_RSNa2YDU',6),('BjBsUko_-X0',5),('BjBsUko_-X0',6),('BjBsUko_-X0',7),('BjBsUko_-X0',9),('aPYRhBSxk5k',7),('JjwjyOQK9xI',5),('JjwjyOQK9xI',6),('JjwjyOQK9xI',9),('ofL1q11CoxE',1),('ofL1q11CoxE',4),('ofL1q11CoxE',5),('ofL1q11CoxE',7),('ofL1q11CoxE',8),('ofL1q11CoxE',9),('DM1iiAkOEK0',1),('DM1iiAkOEK0',6),('DM1iiAkOEK0',7),('s8j5R4i3kq0',5),('s8j5R4i3kq0',6),('V0I8s5qldHo',4),('V0I8s5qldHo',7),('V0I8s5qldHo',8),('Xr2JQ3xW-Gc',1),('Xr2JQ3xW-Gc',6),('Xr2JQ3xW-Gc',9),('u1kvlgf-tTM',5),('u1kvlgf-tTM',7),('u1kvlgf-tTM',9),('3si0q0M-PIQ',1),('3si0q0M-PIQ',4),('3si0q0M-PIQ',5),('3si0q0M-PIQ',6),('3si0q0M-PIQ',7),('3si0q0M-PIQ',8),('PJ7xVKz8I6w',1),('PJ7xVKz8I6w',4),('PJ7xVKz8I6w',5),('PJ7xVKz8I6w',6),('PJ7xVKz8I6w',7),('PJ7xVKz8I6w',8),('PJ7xVKz8I6w',9),('PJ7xVKz8I6w',10),('Wb0FT-6OjUE',1),('Wb0FT-6OjUE',7),('6JrNLMLg7RE',5),('6JrNLMLg7RE',8),('6JrNLMLg7RE',9),('KzfvVe2Ph6w',5),('KzfvVe2Ph6w',10),('C138QPKNU2U',1),('C138QPKNU2U',5),('C138QPKNU2U',11),('_KiCtINRalc',1),('_KiCtINRalc',10),('_KiCtINRalc',11),('F9p9qAmk11c',1),('F9p9qAmk11c',4),('F9p9qAmk11c',5),('F9p9qAmk11c',6),('F9p9qAmk11c',7),('F9p9qAmk11c',8),('F9p9qAmk11c',9),('jfIeFt4Wou0',1),('jfIeFt4Wou0',2),('jfIeFt4Wou0',5),('jfIeFt4Wou0',7),('jfIeFt4Wou0',9),('jfIeFt4Wou0',10),('jfIeFt4Wou0',11),('2kXM9ZDe0PE',1),('2kXM9ZDe0PE',5),('2kXM9ZDe0PE',7),('2kXM9ZDe0PE',8),('2kXM9ZDe0PE',9),('2kXM9ZDe0PE',10),('2kXM9ZDe0PE',11),('2kXM9ZDe0PE',12),('97ZC3wje_mk',1),('97ZC3wje_mk',5),('97ZC3wje_mk',7),('97ZC3wje_mk',8),('97ZC3wje_mk',9),('97ZC3wje_mk',10),('97ZC3wje_mk',11),('97ZC3wje_mk',12),('4I9dHooPKxQ',1),('4I9dHooPKxQ',5),('4I9dHooPKxQ',7),('4I9dHooPKxQ',8),('4I9dHooPKxQ',9),('4I9dHooPKxQ',10),('4I9dHooPKxQ',11),('4I9dHooPKxQ',12),('W6yn0-AhgTM',1),('W6yn0-AhgTM',5),('W6yn0-AhgTM',7),('W6yn0-AhgTM',8),('W6yn0-AhgTM',9),('W6yn0-AhgTM',10),('W6yn0-AhgTM',11),('W6yn0-AhgTM',12),('SO3JcsLYqAE',1),('SO3JcsLYqAE',5),('SO3JcsLYqAE',7),('SO3JcsLYqAE',8),('SO3JcsLYqAE',9),('SO3JcsLYqAE',10),('SO3JcsLYqAE',11),('SO3JcsLYqAE',12),('NV0YUJ3DBIU',1),('NV0YUJ3DBIU',4),('WdhLlPWgF4Y',1),('WdhLlPWgF4Y',5),('WdhLlPWgF4Y',7),('WdhLlPWgF4Y',8),('WdhLlPWgF4Y',9),('WdhLlPWgF4Y',10),('WdhLlPWgF4Y',11),('WdhLlPWgF4Y',12),('DUhwkuh-5JM',1),('DUhwkuh-5JM',5),('DUhwkuh-5JM',7),('DUhwkuh-5JM',8),('DUhwkuh-5JM',9),('DUhwkuh-5JM',10),('DUhwkuh-5JM',11),('DUhwkuh-5JM',12),('g7PEIiD8V9Y',1),('g7PEIiD8V9Y',2),('g7PEIiD8V9Y',4),('g7PEIiD8V9Y',5),('g7PEIiD8V9Y',7),('g7PEIiD8V9Y',8),('pp7ZiCKN3IQ',1),('pp7ZiCKN3IQ',2),('pp7ZiCKN3IQ',4),('pp7ZiCKN3IQ',5),('pp7ZiCKN3IQ',7),('pp7ZiCKN3IQ',8),('uhEM8oALyII',1),('uhEM8oALyII',7),('2HYQpbqAe6w',1),('2HYQpbqAe6w',2),('2HYQpbqAe6w',5),('2HYQpbqAe6w',7),('Axl7VT0y63s',1),('Axl7VT0y63s',4),('Axl7VT0y63s',8),('GGeRq0fE5oE',1),('GGeRq0fE5oE',2),('GGeRq0fE5oE',4),('GGeRq0fE5oE',5),('GGeRq0fE5oE',7),('GGeRq0fE5oE',8),('rWHbK8dq1gU',2),('rWHbK8dq1gU',5),('rWHbK8dq1gU',7),('pwMHH4fTLxE',1),('pwMHH4fTLxE',7),('hfVELQk27W4',1),('hfVELQk27W4',4),('hfVELQk27W4',8),('Yv2mnchq6LY',2),('Yv2mnchq6LY',4),('Yv2mnchq6LY',5),('lotrw32qs38',5),('lotrw32qs38',7),('lotrw32qs38',8),('uNHzJG-30Zs',2),('uNHzJG-30Zs',5),('uNHzJG-30Zs',6),('uNHzJG-30Zs',7),('Rx2Pk1AE4Fg',5),('497mV85yhUM',2),('497mV85yhUM',5),('497mV85yhUM',6),('497mV85yhUM',7),('-G8uM2DKGME',6),('WD00QxwBTSY',5),('WD00QxwBTSY',7),('juVGd6ZApWU',2),('juVGd6ZApWU',5),('juVGd6ZApWU',6),('juVGd6ZApWU',7),('YEz3J4Ukmtk',1),('YEz3J4Ukmtk',2),('YEz3J4Ukmtk',5),('Tv5WMoPDUwo',1),('Tv5WMoPDUwo',4),('Tv5WMoPDUwo',5),('Tv5WMoPDUwo',8),('4ckzJS0R3Zg',1),('4ckzJS0R3Zg',5),('ls9VW2oJhoE',4),('ls9VW2oJhoE',8),('zWXFyRHolHA',1),('zWXFyRHolHA',4),('zWXFyRHolHA',5),('zWXFyRHolHA',8),('KFivNGXdl34',5),('hd41RDP2JDU',1),('K-ZS2MFQy1o',1),('K-ZS2MFQy1o',4),('K-ZS2MFQy1o',5),('K-ZS2MFQy1o',8),('MIxeuUIeF3U',4),('MIxeuUIeF3U',6),('Xv4nXYbQQ34',4),('Xv4nXYbQQ34',6),('Xv4nXYbQQ34',7),('Xv4nXYbQQ34',8),('o7V9T5YuUO4',4),('o7V9T5YuUO4',6),('o7V9T5YuUO4',7),('o7V9T5YuUO4',8),('YK7jRR3BmBU',4),('YK7jRR3BmBU',6),('YK7jRR3BmBU',7),('YK7jRR3BmBU',8),('se36IdE1_Nw',4),('se36IdE1_Nw',6),('se36IdE1_Nw',7),('se36IdE1_Nw',8),('7u7tZSye8GQ',1),('7u7tZSye8GQ',2),('7u7tZSye8GQ',4),('7u7tZSye8GQ',5),('7u7tZSye8GQ',6),('7u7tZSye8GQ',7),('7u7tZSye8GQ',8),('JFfWmMcOU5Q',1),('JFfWmMcOU5Q',2),('JFfWmMcOU5Q',4),('JFfWmMcOU5Q',5),('JFfWmMcOU5Q',6),('JFfWmMcOU5Q',7),('JFfWmMcOU5Q',8),('FREAPyuceuM',2),('FREAPyuceuM',4),('FREAPyuceuM',5),('FREAPyuceuM',7),('-qzh4sRe_3w',6),('-qzh4sRe_3w',8),('1xBjwzIF_e4',5),('1xBjwzIF_e4',6),('85nir6cByKk',4),('85nir6cByKk',7),('Z5PM0FhFkoQ',1),('Z5PM0FhFkoQ',2),('Z5PM0FhFkoQ',4),('Z5PM0FhFkoQ',5),('Z5PM0FhFkoQ',6),('Z5PM0FhFkoQ',7),('Z5PM0FhFkoQ',8),('aBO3dePaUYw',1),('aBO3dePaUYw',4),('aBO3dePaUYw',6),('aBO3dePaUYw',8),('JhjQps5WcUc',2),('JhjQps5WcUc',6),('14Zl8mWKUzk',2),('14Zl8mWKUzk',6),('dCKMLrTvV04',1),('dCKMLrTvV04',2),('dCKMLrTvV04',4),('dCKMLrTvV04',5),('dCKMLrTvV04',6),('dCKMLrTvV04',7),('dCKMLrTvV04',8),('2Sx4Kwowr7U',1),('2Sx4Kwowr7U',2),('2Sx4Kwowr7U',4),('2Sx4Kwowr7U',5),('2Sx4Kwowr7U',6),('2Sx4Kwowr7U',7),('2Sx4Kwowr7U',8),('CnV34wsvbCE',1),('CnV34wsvbCE',2),('CnV34wsvbCE',4),('CnV34wsvbCE',5),('CnV34wsvbCE',6),('CnV34wsvbCE',7),('CnV34wsvbCE',8),('VBgzGP0ITUc',1),('VBgzGP0ITUc',2),('VBgzGP0ITUc',4),('VBgzGP0ITUc',5),('VBgzGP0ITUc',6),('VBgzGP0ITUc',7),('VBgzGP0ITUc',8),('ZUTqVx49NAQ',1),('ZUTqVx49NAQ',5),('ZUTqVx49NAQ',8),('uYaSmK6DUkw',3),('uYaSmK6DUkw',6),('uYaSmK6DUkw',9),('a_-clIaVvko',1),('a_-clIaVvko',3),('a_-clIaVvko',6),('BvsK5HN3WiU',4),('BvsK5HN3WiU',5),('BvsK5HN3WiU',8),('Qv46dvfWa8Q',1),('Qv46dvfWa8Q',3),('Qv46dvfWa8Q',4),('Qv46dvfWa8Q',5),('Qv46dvfWa8Q',6),('Qv46dvfWa8Q',7),('Qv46dvfWa8Q',8),('Qv46dvfWa8Q',9),('KsSFpuToNh8',9),('6Xm8EEJ6rjc',3),('6Xm8EEJ6rjc',5),('6Xm8EEJ6rjc',7),('6Xm8EEJ6rjc',9),('XpH_xZaBrzQ',3),('XpH_xZaBrzQ',5),('XpH_xZaBrzQ',9),('UIqH9bZlqlo',1),('UIqH9bZlqlo',7),('UIqH9bZlqlo',9),('1l3d7C243mQ',1),('veemHKlHB6Q',1),('veemHKlHB6Q',3),('veemHKlHB6Q',5),('veemHKlHB6Q',7),('veemHKlHB6Q',9),('HpJ93q51YW8',5),('HpJ93q51YW8',7),('HpJ93q51YW8',9),('ghOsH6uY8oA',1),('ghOsH6uY8oA',4),('ghOsH6uY8oA',5),('ghOsH6uY8oA',6),('ghOsH6uY8oA',7),('ghOsH6uY8oA',8),('ghOsH6uY8oA',9),('ySC0apNduaQ',5),('ySC0apNduaQ',7),('YOkxRDaYuDk',4),('YOkxRDaYuDk',9),('Pj6oFoJktLM',1),('Pj6oFoJktLM',5),('Pj6oFoJktLM',8),('t5m--7k60lE',5),('t5m--7k60lE',6),('JoaPnfcaM0M',1),('JoaPnfcaM0M',8),('YavNgBaqHoc',1),('YavNgBaqHoc',5),('YavNgBaqHoc',8),('-aFHv3eLq8g',1),('-aFHv3eLq8g',5),('-aFHv3eLq8g',6),('-aFHv3eLq8g',7),('-aFHv3eLq8g',9),('dhQeNAv_RoA',1),('dhQeNAv_RoA',7),('dhQeNAv_RoA',9),('ggBcpLQJb0o',1),('ggBcpLQJb0o',5),('ggBcpLQJb0o',9),('Zjr_-7O43C4',1),('Zjr_-7O43C4',3),('Zjr_-7O43C4',4),('Zjr_-7O43C4',5),('Zjr_-7O43C4',6),('Zjr_-7O43C4',7),('Zjr_-7O43C4',8),('Zjr_-7O43C4',9),('jJjWWRv1FT4',1),('jJjWWRv1FT4',4),('jJjWWRv1FT4',5),('jJjWWRv1FT4',8),('jJjWWRv1FT4',9),('rIH4hSA2kLc',1),('rIH4hSA2kLc',5),('rIH4hSA2kLc',9),('0SSlJymmLMc',1),('0SSlJymmLMc',7),('0SSlJymmLMc',8),('mIq_QPuTWHo',1),('mIq_QPuTWHo',8),('mIq_QPuTWHo',9),('LITAGDY95g0',1),('LITAGDY95g0',4),('LITAGDY95g0',5),('LITAGDY95g0',8),('LITAGDY95g0',9),('2mXPSsoew9k',1),('2mXPSsoew9k',4),('2mXPSsoew9k',6),('2mXPSsoew9k',7),('2mXPSsoew9k',8),('iT3zGRN4mFs',1),('iT3zGRN4mFs',5),('iT3zGRN4mFs',6),('iT3zGRN4mFs',7),('iT3zGRN4mFs',8),('iT3zGRN4mFs',9),('iT3zGRN4mFs',10),('iT3zGRN4mFs',11),('UhCqdxsgc-M',4),('UhCqdxsgc-M',5),('UhCqdxsgc-M',7),('UhCqdxsgc-M',8),('wFojgCbralk',4),('wFojgCbralk',5),('wFojgCbralk',6),('wFojgCbralk',7),('wFojgCbralk',8),('wFojgCbralk',9),('cIDPdhKkfYI',1),('cIDPdhKkfYI',4),('cIDPdhKkfYI',5),('cIDPdhKkfYI',6),('cIDPdhKkfYI',7),('cIDPdhKkfYI',8),('cIDPdhKkfYI',9),('zs5NEaHNNu0',1),('zs5NEaHNNu0',6),('5JGgFjdhVSo',1),('5JGgFjdhVSo',5),('5JGgFjdhVSo',6),('LA-JDnpt2iQ',5),('LA-JDnpt2iQ',6),('nUxmX76ghUs',1),('nUxmX76ghUs',4),('nUxmX76ghUs',5),('nUxmX76ghUs',6),('nUxmX76ghUs',7),('nUxmX76ghUs',8),('nUxmX76ghUs',9),('NkIxOZKtOQo',1),('NkIxOZKtOQo',5),('NkIxOZKtOQo',6),('NkIxOZKtOQo',7),('NkIxOZKtOQo',8),('NkIxOZKtOQo',9),('dACw-xCioBE',1),('dACw-xCioBE',6),('dACw-xCioBE',7),('GazyY-e5Xto',5),('GazyY-e5Xto',7),('GazyY-e5Xto',9),('8yS8GOvKfSs',1),('8yS8GOvKfSs',5),('8yS8GOvKfSs',6),('8yS8GOvKfSs',7),('8yS8GOvKfSs',8),('8yS8GOvKfSs',9),('vqV6y8nH4R8',1),('vqV6y8nH4R8',2),('vqV6y8nH4R8',4),('vqV6y8nH4R8',5),('vqV6y8nH4R8',7),('vqV6y8nH4R8',8),('RqHZUWLxMdo',1),('RqHZUWLxMdo',5),('RqHZUWLxMdo',8),('41S6liUvoq4',1),('41S6liUvoq4',6),('PSYRdI-13dI',5),('PSYRdI-13dI',6),('Y3Wiwh3M__g',5),('Y3Wiwh3M__g',7),('Y3Wiwh3M__g',9),('ijBY_5nwxsc',1),('ijBY_5nwxsc',5),('ijBY_5nwxsc',9),('1hx1GVFO9Cs',4),('1hx1GVFO9Cs',5),('MUvXJu4i0a0',1),('MUvXJu4i0a0',4),('MUvXJu4i0a0',5),('MUvXJu4i0a0',6),('MUvXJu4i0a0',7),('MUvXJu4i0a0',8),('MUvXJu4i0a0',9),('APwg_YqvhbE',1),('APwg_YqvhbE',8),('APwg_YqvhbE',9),('nh1w1-QVRT4',4),('nh1w1-QVRT4',5),('nh1w1-QVRT4',8),('ikX_TUSgb-0',1),('ikX_TUSgb-0',7),('UyJ8Qbh_LH0',1),('UyJ8Qbh_LH0',4),('UyJ8Qbh_LH0',5),('UyJ8Qbh_LH0',6),('UyJ8Qbh_LH0',7),('UyJ8Qbh_LH0',8),('UyJ8Qbh_LH0',9),('h2IffIvIRm0',4),('h2IffIvIRm0',5),('h2IffIvIRm0',6),('V58EqJxODSo',1),('V58EqJxODSo',3),('V58EqJxODSo',5),('V58EqJxODSo',6),('V58EqJxODSo',9),('3Rsf_Tahgk4',1),('3Rsf_Tahgk4',6),('3Rsf_Tahgk4',9),('iI74IGxvugQ',3),('iI74IGxvugQ',4),('iI74IGxvugQ',9),('368MlsCI25M',5),('368MlsCI25M',8),('368MlsCI25M',9),('41-0qVxPSt0',1),('41-0qVxPSt0',3),('41-0qVxPSt0',4),('41-0qVxPSt0',5),('41-0qVxPSt0',6),('41-0qVxPSt0',8),('41-0qVxPSt0',9),('hMYpSLRbXMs',3),('hMYpSLRbXMs',5),('hMYpSLRbXMs',7),('hMYpSLRbXMs',9),('y03Xkh0mmC0',1),('y03Xkh0mmC0',5),('y03Xkh0mmC0',7),('y03Xkh0mmC0',9),('vb5BhEY2Gpw',1),('vb5BhEY2Gpw',5),('vb5BhEY2Gpw',7),('MFNETL-PbeI',1),('MFNETL-PbeI',7),('MFNETL-PbeI',9),('Zw100vOIk5c',1),('Zw100vOIk5c',5),('Zw100vOIk5c',7),('Zw100vOIk5c',9),('tF4s6l_3o7M',1),('tF4s6l_3o7M',5),('tF4s6l_3o7M',7),('tF4s6l_3o7M',9),('iksQUFp1gDg',1),('iksQUFp1gDg',3),('iksQUFp1gDg',4),('iksQUFp1gDg',5),('iksQUFp1gDg',6),('iksQUFp1gDg',7),('iksQUFp1gDg',8),('iksQUFp1gDg',9),('Zy46FW5heU0',1),('Zy46FW5heU0',6),('Zy46FW5heU0',7),('J5urSMpUFMc',4),('J5urSMpUFMc',6),('J5urSMpUFMc',7),('J5urSMpUFMc',8),('wfpPt8z2aEA',1),('wfpPt8z2aEA',3),('wfpPt8z2aEA',4),('wfpPt8z2aEA',8),('b9lwmxbis8M',4),('b9lwmxbis8M',5),('b9lwmxbis8M',9),('mv6GMGf8L5Y',5),('mv6GMGf8L5Y',6),('mv6GMGf8L5Y',9),('uKqydUNfi80',1),('uKqydUNfi80',3),('uKqydUNfi80',4),('uKqydUNfi80',5),('uKqydUNfi80',6),('uKqydUNfi80',7),('uKqydUNfi80',8),('uKqydUNfi80',9),('l_t88F98snM',4),('l_t88F98snM',5),('l_t88F98snM',6),('l_t88F98snM',8),('l_t88F98snM',9),('CYBl8uNMfKQ',5),('CYBl8uNMfKQ',9),('eO35NeuPQqI',4),('eO35NeuPQqI',6),('eO35NeuPQqI',8),('p0pf6B59HUI',4),('p0pf6B59HUI',9),('jnGrjfh9gHE',3),('jnGrjfh9gHE',5),('jnGrjfh9gHE',6),('yY9O-V0DDqk',5),('yY9O-V0DDqk',6),('sbGzz8BfBu4',3),('sbGzz8BfBu4',5),('sbGzz8BfBu4',6),('s_8NZ8rn_Us',3),('s_8NZ8rn_Us',5),('s_8NZ8rn_Us',6),('A-BwQe8T23I',6),('A-BwQe8T23I',7),('A-BwQe8T23I',8),('A-BwQe8T23I',9),('A-BwQe8T23I',10),('A-BwQe8T23I',11),('A-BwQe8T23I',12),('79q3h1X-Asw',6),('79q3h1X-Asw',10),('79q3h1X-Asw',12),('rOpwGa6vRYI',7),('rOpwGa6vRYI',11),('rOpwGa6vRYI',12),('-xUKsNrLOLQ',7),('-xUKsNrLOLQ',8),('-xUKsNrLOLQ',10),('RIYejS2ujjo',8),('RIYejS2ujjo',9),('RIYejS2ujjo',11),('8dJVuB5qBVU',6),('8dJVuB5qBVU',7),('8dJVuB5qBVU',8),('8dJVuB5qBVU',9),('8dJVuB5qBVU',10),('8dJVuB5qBVU',11),('8dJVuB5qBVU',12),('xs6OmSnxlA0',7),('xs6OmSnxlA0',8),('xs6OmSnxlA0',10),('tk5VR35WEeU',6),('tk5VR35WEeU',11),('tk5VR35WEeU',12),('HoUM-XxOm6I',6),('HoUM-XxOm6I',7),('HoUM-XxOm6I',11),('Mdo3uvX-yog',8),('Mdo3uvX-yog',9),('Mdo3uvX-yog',12),('pOby4b4O8gE',9),('pOby4b4O8gE',10),('IeJTNN8_jLI',6),('IeJTNN8_jLI',7),('IeJTNN8_jLI',8),('IeJTNN8_jLI',9),('IeJTNN8_jLI',10),('IeJTNN8_jLI',11),('IeJTNN8_jLI',12),('dW-ed6J5zEE',6),('dW-ed6J5zEE',7),('dW-ed6J5zEE',8),('dW-ed6J5zEE',9),('dW-ed6J5zEE',10),('dW-ed6J5zEE',11),('dW-ed6J5zEE',12),('SnXkhkEvNIM',6),('SnXkhkEvNIM',7),('SnXkhkEvNIM',8),('SnXkhkEvNIM',9),('SnXkhkEvNIM',10),('SnXkhkEvNIM',11),('SnXkhkEvNIM',12),('ZDlXM8anXtE',6),('ZDlXM8anXtE',11),('ZDlXM8anXtE',12),('Q3sTM6AIf-A',8),('Q3sTM6AIf-A',9),('Q3sTM6AIf-A',10),('s_u0o3uczEc',6),('s_u0o3uczEc',7),('s_u0o3uczEc',9),('FS14OUzjLTk',10),('FS14OUzjLTk',11),('ddgcjiFfrd4',7),('ddgcjiFfrd4',8),('ddgcjiFfrd4',12),('DcoBmvRTEZ4',6),('DcoBmvRTEZ4',7),('DcoBmvRTEZ4',8),('DcoBmvRTEZ4',9),('DcoBmvRTEZ4',10),('DcoBmvRTEZ4',11),('DcoBmvRTEZ4',12),('9MkWWrlx8qM',6),('9MkWWrlx8qM',7),('9MkWWrlx8qM',8),('9MkWWrlx8qM',9),('9MkWWrlx8qM',10),('9MkWWrlx8qM',11),('9MkWWrlx8qM',12),('0cHzwWzOs5A',7),('0cHzwWzOs5A',9),('0cHzwWzOs5A',10),('0cHzwWzOs5A',11),('Lgx0qoLGZzY',6),('Lgx0qoLGZzY',8),('Lgx0qoLGZzY',12),('kPfJMaFlmhY',7),('kPfJMaFlmhY',11),('lHxrb0GeCj4',8),('lHxrb0GeCj4',9),('lHxrb0GeCj4',10),('R7CahEG5nf8',6),('R7CahEG5nf8',12),('iTO-XrNnbkk',6),('iTO-XrNnbkk',7),('iTO-XrNnbkk',8),('iTO-XrNnbkk',9),('iTO-XrNnbkk',10),('iTO-XrNnbkk',11),('iTO-XrNnbkk',12),('5TC3j2beOP4',6),('5TC3j2beOP4',7),('5TC3j2beOP4',10),('5TC3j2beOP4',12),('JdKiJd-tYu4',9),('JdKiJd-tYu4',10),('39C5IQKCAHs',8),('39C5IQKCAHs',9),('39C5IQKCAHs',11),('x4ivn9pq7Gs',6),('x4ivn9pq7Gs',7),('BUfxw97avEU',8),('BUfxw97avEU',11),('BUfxw97avEU',12),('kuQO-48SXOg',6),('kuQO-48SXOg',7),('kuQO-48SXOg',8),('kuQO-48SXOg',9),('kuQO-48SXOg',10),('kuQO-48SXOg',11),('kuQO-48SXOg',12),('XwW5_MFzC6A',6),('XwW5_MFzC6A',7),('XwW5_MFzC6A',8),('XwW5_MFzC6A',9),('XwW5_MFzC6A',10),('XwW5_MFzC6A',11),('XwW5_MFzC6A',12),('Jz-mEvSFmGE',7),('Jz-mEvSFmGE',8),('Jz-mEvSFmGE',11),('Jz-mEvSFmGE',12),('aEu2fSfd3j0',8),('aEu2fSfd3j0',10),('aEu2fSfd3j0',12),('LxgMFO0xuEk',6),('LxgMFO0xuEk',11),('7IcVeEOy9HE',7),('7IcVeEOy9HE',9),('q6FUuehuIdc',6),('q6FUuehuIdc',7),('q6FUuehuIdc',8),('q6FUuehuIdc',9),('q6FUuehuIdc',10),('q6FUuehuIdc',11),('q6FUuehuIdc',12),('PSKqDaWYa9I',7),('PSKqDaWYa9I',8),('PSKqDaWYa9I',12),('4Gc3vF6FX_o',7),('4Gc3vF6FX_o',9),('4Gc3vF6FX_o',10),('4Gc3vF6FX_o',11),('DPGYwAZHBlY',6),('DPGYwAZHBlY',9),('56uwv-goo-E',10),('56uwv-goo-E',11),('mxi8SmFys2U',6),('mxi8SmFys2U',7),('mxi8SmFys2U',8),('mxi8SmFys2U',9),('mxi8SmFys2U',10),('mxi8SmFys2U',11),('mxi8SmFys2U',12),('7L8jGxljy04',8),('7L8jGxljy04',9),('7L8jGxljy04',11),('JRUrWXO3I8s',6),('JRUrWXO3I8s',10),('yVGC5KMKgqw',10),('yVGC5KMKgqw',11),('yVGC5KMKgqw',12),('x5sEDpGMqkU',6),('x5sEDpGMqkU',7),('x5sEDpGMqkU',8),('cSBSyoTyli0',7),('cSBSyoTyli0',9),('cSBSyoTyli0',12),('jPClvL9a03M',6),('jPClvL9a03M',7),('jPClvL9a03M',8),('jPClvL9a03M',9),('jPClvL9a03M',10),('jPClvL9a03M',11),('jPClvL9a03M',12),('8UR1tBp23mM',6),('8UR1tBp23mM',8),('8UR1tBp23mM',9),('YbYH47XuOq0',8),('YbYH47XuOq0',10),('lzk4efmFQW4',6),('lzk4efmFQW4',11),('lzk4efmFQW4',12),('DctkTzlyDDg',7),('DctkTzlyDDg',10),('DctkTzlyDDg',12),('fxjSDJRCSAI',6),('fxjSDJRCSAI',9),('KqBZIxoe7OI',6),('KqBZIxoe7OI',7),('KqBZIxoe7OI',8),('KqBZIxoe7OI',9),('KqBZIxoe7OI',10),('KqBZIxoe7OI',11),('KqBZIxoe7OI',12),('u-IBAElG6n0',6),('u-IBAElG6n0',7),('UCaBIYTPy3M',12),('whtiSq7k0Lg',8),('whtiSq7k0Lg',9),('whtiSq7k0Lg',10),('nZuKRhQMeSI',7),('nZuKRhQMeSI',9),('6E9Vr5SwsdY',6),('6E9Vr5SwsdY',11),('I1MXesXuVa0',10),('UJHeo4HI8zQ',8),('UJHeo4HI8zQ',11),('UJHeo4HI8zQ',12),('YGGc9PUOhhQ',6),('YGGc9PUOhhQ',7),('YGGc9PUOhhQ',8),('YGGc9PUOhhQ',9),('YGGc9PUOhhQ',10),('YGGc9PUOhhQ',11),('YGGc9PUOhhQ',12),('XEu6gZzyx_U',6),('XEu6gZzyx_U',7),('XEu6gZzyx_U',8),('XEu6gZzyx_U',9),('XEu6gZzyx_U',10),('XEu6gZzyx_U',11),('XEu6gZzyx_U',12),('-ENWdLODjJs',8),('-ENWdLODjJs',10),('d_lR7EfEJKo',6),('d_lR7EfEJKo',7),('d_lR7EfEJKo',10),('lMB_rK8o6rE',8),('lMB_rK8o6rE',11),('lMB_rK8o6rE',12),('MuJHpjhFRAE',7),('MuJHpjhFRAE',11),('JkEttKCNWJI',9),('JkEttKCNWJI',12),('iQ8MS6W9pF4',6),('iQ8MS6W9pF4',9),('IKIus-hfSRY',6),('IKIus-hfSRY',7),('IKIus-hfSRY',8),('IKIus-hfSRY',9),('IKIus-hfSRY',10),('IKIus-hfSRY',11),('IKIus-hfSRY',12),('kxWHb0pUigg',6),('kxWHb0pUigg',7),('kxWHb0pUigg',9),('PaToFup-LD0',6),('PaToFup-LD0',7),('PaToFup-LD0',10),('5Q1DrlTIAZo',8),('5Q1DrlTIAZo',11),('5Q1DrlTIAZo',12),('oC66717nuRY',8),('oC66717nuRY',10),('oC66717nuRY',12),('arC9vRxCAuE',6),('arC9vRxCAuE',11),('arC9vRxCAuE',12),('msxEDL1yaak',6),('msxEDL1yaak',8),('5pZ8-SLtyzE',9),('5pZ8-SLtyzE',10),('5pZ8-SLtyzE',11),('6T-Hc7QqSPE',7),('6T-Hc7QqSPE',8),('6T-Hc7QqSPE',10),('Z7ixtC4ntOw',7),('Z7ixtC4ntOw',9),('Z7ixtC4ntOw',12),('C6xMKvMyngs',6),('C6xMKvMyngs',7),('C6xMKvMyngs',8),('C6xMKvMyngs',9),('C6xMKvMyngs',10),('C6xMKvMyngs',11),('C6xMKvMyngs',12),('4iUgg-bN3ig',7),('4iUgg-bN3ig',11),('4iUgg-bN3ig',12),('cnQhFRSvVtQ',6),('cnQhFRSvVtQ',8),('cnQhFRSvVtQ',12),('4NsQtYEQf4E',6),('4NsQtYEQf4E',7),('4NsQtYEQf4E',9),('-lfWAylktfw',10),('-lfWAylktfw',11),('cTbw-PqU514',8),('cTbw-PqU514',9),('cTbw-PqU514',10),('buA3V0f-GEI',6),('buA3V0f-GEI',7),('buA3V0f-GEI',8),('buA3V0f-GEI',9),('buA3V0f-GEI',10),('buA3V0f-GEI',11),('buA3V0f-GEI',12),('AwC5k3hpuGY',6),('AwC5k3hpuGY',7),('AwC5k3hpuGY',8),('AwC5k3hpuGY',9),('AwC5k3hpuGY',10),('AwC5k3hpuGY',11),('AwC5k3hpuGY',12),('J6pSjwp4qxw',8),('J6pSjwp4qxw',10),('tjSS4XIJg_M',6),('tjSS4XIJg_M',9),('gS1QhVpSEds',6),('gS1QhVpSEds',7),('gS1QhVpSEds',8),('gS1QhVpSEds',9),('gS1QhVpSEds',10),('gS1QhVpSEds',11),('gS1QhVpSEds',12),('ALdAGOTBLOs',6),('lkLro07kYtA',1),('lkLro07kYtA',2),('lkLro07kYtA',5),('lkLro07kYtA',6),('lkLro07kYtA',7),('YgKjqN4mYSg',5),('TDu7CcYxA9g',5),('TDu7CcYxA9g',7),('Lvfo3C3rGCI',6),('Lvfo3C3rGCI',7),('Lvfo3C3rGCI',8),('Lvfo3C3rGCI',9),('Lvfo3C3rGCI',10),('Lvfo3C3rGCI',11),('Lvfo3C3rGCI',12),('vkH29ILw_Qw',6),('vkH29ILw_Qw',7),('vkH29ILw_Qw',8),('vkH29ILw_Qw',9),('vkH29ILw_Qw',10),('vkH29ILw_Qw',11),('vkH29ILw_Qw',12),('bMd9r6hLGLY',6),('bMd9r6hLGLY',7),('bMd9r6hLGLY',8),('bMd9r6hLGLY',9),('bMd9r6hLGLY',10),('bMd9r6hLGLY',11),('bMd9r6hLGLY',12),('eP8uggsdhkU',6),('eP8uggsdhkU',7),('eP8uggsdhkU',8),('eP8uggsdhkU',9),('eP8uggsdhkU',10),('eP8uggsdhkU',11),('eP8uggsdhkU',12),('ktfSsX43BFg',6),('Fm7Hn-k2rlk',6),('Fm7Hn-k2rlk',11),('iciSfjGR2dk',10),('iciSfjGR2dk',12),('kUjpX8ZI6rw',7),('kUjpX8ZI6rw',8),('kUjpX8ZI6rw',9),('UqNOXP5-qYc',9),('Bd52DT62MP0',7),('Bd52DT62MP0',9),('F89vTGtrelQ',7),('F89vTGtrelQ',10),('F89vTGtrelQ',11),('3lr2CG1_qFo',6),('3lr2CG1_qFo',8),('3lr2CG1_qFo',12),('GXQj3f9HSdI',8),('GXQj3f9HSdI',10),('GXQj3f9HSdI',11),('docM0c2goms',6),('docM0c2goms',7),('docM0c2goms',8),('docM0c2goms',9),('docM0c2goms',10),('docM0c2goms',11),('docM0c2goms',12),('tMqCj2pDOEY',6),('Inrueu-anKA',9),('Inrueu-anKA',12),('1OjpwEqsjNY',7),('1OjpwEqsjNY',9),('k3CEKGoXkBs',9),('Txpv33zgC7Q',9),('Txpv33zgC7Q',11),('4yY19IoWodg',8),('4yY19IoWodg',12),('Fp-d16pWIkA',6),('Fp-d16pWIkA',7),('Fp-d16pWIkA',10),('t1QnsduCdI0',6),('t1QnsduCdI0',8),('t1QnsduCdI0',9),('S9olG0marBg',6),('S9olG0marBg',7),('S9olG0marBg',8),('S9olG0marBg',9),('S9olG0marBg',10),('S9olG0marBg',11),('S9olG0marBg',12),('vYGje-wCb8g',10),('OYLcflSsOf4',10),('OYLcflSsOf4',12),('vWMxlqCN29A',8),('vWMxlqCN29A',11),('vWMxlqCN29A',12),('6h4XMbEUrB8',9),('nHelkaQVoSA',6),('nHelkaQVoSA',7),('XyvwQJnZwMo',7),('XyvwQJnZwMo',8),('M7QXjdvEWzI',12),('Y4XhetPDUO4',7),('qNfPov8hI4U',9),('8BkkyWyiPMs',8),('4GFLQcyVX4M',10),('50LD0HYpHGI',11),('a4tMpRfc7DA',6),('_oi5EvPTzZQ',6),('_oi5EvPTzZQ',7),('_oi5EvPTzZQ',8),('_oi5EvPTzZQ',9),('_oi5EvPTzZQ',10),('_oi5EvPTzZQ',11),('_oi5EvPTzZQ',12),('j-eoIxIMgeA',8),('j-eoIxIMgeA',9),('j-eoIxIMgeA',12),('UYGtfq-ly1U',7),('UYGtfq-ly1U',10),('Fabi5cq2Vwk',6),('Fabi5cq2Vwk',7),('Fabi5cq2Vwk',8),('Fabi5cq2Vwk',9),('Fabi5cq2Vwk',10),('Fabi5cq2Vwk',11),('Fabi5cq2Vwk',12),('_jRMfHiWhco',12),('_xQnNAEJTzU',6),('_xQnNAEJTzU',11),('6Ozqy6PCMkg',6),('6Ozqy6PCMkg',7),('6Ozqy6PCMkg',8),('6Ozqy6PCMkg',9),('6Ozqy6PCMkg',10),('6Ozqy6PCMkg',11),('6Ozqy6PCMkg',12),('C7WtyHNqs4w',12),('G8Fyn-2A3J4',11),('V-KC0sxO0Y8',10),('CKl-rk50NMo',6),('V0Er6P8p0T0',7),('wQeM-x1mtFk',8),('l4h4R1-FyYA',9),('Fd2x0o4T0hU',6),('Fd2x0o4T0hU',7),('Fd2x0o4T0hU',8),('Fd2x0o4T0hU',9),('Fd2x0o4T0hU',10),('Fd2x0o4T0hU',11),('Fd2x0o4T0hU',12),('__ZMWE2oMI0',6),('__ZMWE2oMI0',7),('__ZMWE2oMI0',8),('__ZMWE2oMI0',9),('__ZMWE2oMI0',10),('__ZMWE2oMI0',11),('__ZMWE2oMI0',12),('S1aBMas4Jnw',8),('S1aBMas4Jnw',11),('_d98KQ2DsiQ',6),('_d98KQ2DsiQ',7),('_d98KQ2DsiQ',10),('mNu85yWnSPk',9),('mNu85yWnSPk',12),('H9bK_vdQMOc',6),('H9bK_vdQMOc',7),('H9bK_vdQMOc',8),('H9bK_vdQMOc',9),('H9bK_vdQMOc',10),('H9bK_vdQMOc',11),('H9bK_vdQMOc',12),('KVJpj0Zz1uQ',8),('KVJpj0Zz1uQ',10),('og5bXjur6rc',7),('og5bXjur6rc',12),('GIL0QlSXD2o',6),('GIL0QlSXD2o',7),('GIL0QlSXD2o',8),('GIL0QlSXD2o',9),('GIL0QlSXD2o',10),('GIL0QlSXD2o',11),('GIL0QlSXD2o',12),('J7zcelSTNHg',6),('J7zcelSTNHg',7),('J7zcelSTNHg',8),('J7zcelSTNHg',9),('J7zcelSTNHg',10),('J7zcelSTNHg',11),('J7zcelSTNHg',12),('7hCd4INUNbg',7),('7hCd4INUNbg',10),('82Y_lc-dxvU',9),('82Y_lc-dxvU',11),('JFr_bzw-WfM',6),('JFr_bzw-WfM',8),('JFr_bzw-WfM',12),('H8EFIge77XY',11),('gmdOd997UWE',6),('gmdOd997UWE',9),('gmdOd997UWE',11),('mw-_h5WZdzU',10),('mw-_h5WZdzU',12),('JW0E_SawH2U',6),('JW0E_SawH2U',7),('JW0E_SawH2U',8),('_SPRn61EOMA',6),('_SPRn61EOMA',7),('_SPRn61EOMA',8),('_SPRn61EOMA',9),('_SPRn61EOMA',10),('_SPRn61EOMA',11),('_SPRn61EOMA',12),('Dl9e-F2DHx8',6),('Dl9e-F2DHx8',7),('Dl9e-F2DHx8',8),('Dl9e-F2DHx8',9),('Dl9e-F2DHx8',10),('Dl9e-F2DHx8',11),('Dl9e-F2DHx8',12),('SYXmdZ60LQY',7),('SYXmdZ60LQY',10),('SYXmdZ60LQY',12),('XaCSCOlC2Z8',8),('XaCSCOlC2Z8',9),('VsXnhjCfCoE',6),('VsXnhjCfCoE',11),('VsXnhjCfCoE',12),('9KB-z6T6Nqg',6),('9KB-z6T6Nqg',7),('9KB-z6T6Nqg',8),('9KB-z6T6Nqg',9),('9KB-z6T6Nqg',10),('9KB-z6T6Nqg',11),('9KB-z6T6Nqg',12),('bwVkn8Z0YHk',10),('bwVkn8Z0YHk',11),('dVBYPu1Oopg',6),('dVBYPu1Oopg',7),('dVBYPu1Oopg',8),('dVBYPu1Oopg',9),('dVBYPu1Oopg',10),('dVBYPu1Oopg',11),('dVBYPu1Oopg',12),('iLQUKTaatNk',8),('iLQUKTaatNk',9),('iLQUKTaatNk',12),('3Tqtpw7C4r8',6),('3Tqtpw7C4r8',7),('a3i0BNJ55wo',6),('a3i0BNJ55wo',7),('a3i0BNJ55wo',8),('a3i0BNJ55wo',9),('a3i0BNJ55wo',10),('a3i0BNJ55wo',11),('a3i0BNJ55wo',12),('3Rw3KiPgQ50',6),('3Rw3KiPgQ50',7),('3Rw3KiPgQ50',8),('3Rw3KiPgQ50',9),('3Rw3KiPgQ50',10),('3Rw3KiPgQ50',11),('3Rw3KiPgQ50',12),('nHQS2Oi9Pjw',6),('nHQS2Oi9Pjw',7),('nHQS2Oi9Pjw',8),('nHQS2Oi9Pjw',9),('nHQS2Oi9Pjw',10),('nHQS2Oi9Pjw',11),('nHQS2Oi9Pjw',12),('aQMmX5SAiZ4',6),('aQMmX5SAiZ4',7),('aQMmX5SAiZ4',8),('aQMmX5SAiZ4',9),('aQMmX5SAiZ4',10),('aQMmX5SAiZ4',11),('aQMmX5SAiZ4',12),('O629MDyEiDU',6),('O629MDyEiDU',7),('O629MDyEiDU',8),('O629MDyEiDU',9),('O629MDyEiDU',10),('O629MDyEiDU',11),('O629MDyEiDU',12),('7oXOV0wAk7Y',6),('7oXOV0wAk7Y',7),('7oXOV0wAk7Y',8),('7oXOV0wAk7Y',9),('7oXOV0wAk7Y',10),('7oXOV0wAk7Y',11),('7oXOV0wAk7Y',12),('P-qnbWFJtkU',6),('P-qnbWFJtkU',7),('P-qnbWFJtkU',8),('P-qnbWFJtkU',9),('P-qnbWFJtkU',10),('P-qnbWFJtkU',11),('P-qnbWFJtkU',12),('CTFojUn0u9w',6),('CTFojUn0u9w',7),('CTFojUn0u9w',8),('CTFojUn0u9w',10),('CTFojUn0u9w',11),('CTFojUn0u9w',12),('mt9rXp4SfWM',8),('mt9rXp4SfWM',10),('qbg-ULcVQGk',11),('qbg-ULcVQGk',12),('QfJ-WFXRO-0',6),('QfJ-WFXRO-0',7),('zCtE0PgptNs',1),('zCtE0PgptNs',4),('zCtE0PgptNs',5),('zCtE0PgptNs',6),('zCtE0PgptNs',7),('zCtE0PgptNs',8),('zCtE0PgptNs',9),('ODEb7JY4WDo',6),('ODEb7JY4WDo',7),('ODEb7JY4WDo',8),('ODEb7JY4WDo',10),('ODEb7JY4WDo',11),('ODEb7JY4WDo',12),('KU1yf-3AJag',12),('8lTHyd96aPM',7),('8lTHyd96aPM',10),('8lTHyd96aPM',11),('suTEAtURsag',6),('suTEAtURsag',8),('suTEAtURsag',12),('5DhZzJv-_eg',6),('5DhZzJv-_eg',7),('5DhZzJv-_eg',8),('5DhZzJv-_eg',10),('5DhZzJv-_eg',11),('5DhZzJv-_eg',12),('4XXIEK-XMZw',6),('5nnEVC5ZCR8',7),('5nnEVC5ZCR8',8),('8STVBxEuiXY',6),('8STVBxEuiXY',10),('ZnGymLjQXLc',11),('ZnGymLjQXLc',12),('IzhKqXo9ZE4',6),('IzhKqXo9ZE4',7),('IzhKqXo9ZE4',8),('IzhKqXo9ZE4',10),('IzhKqXo9ZE4',11),('IzhKqXo9ZE4',12),('rjxmDJLAkaM',6),('rjxmDJLAkaM',7),('rjxmDJLAkaM',8),('rjxmDJLAkaM',10),('rjxmDJLAkaM',11),('rjxmDJLAkaM',12),('f4lmSr7YxHI',10),('ZhOXImVuD2w',6),('ZhOXImVuD2w',11),('ZhOXImVuD2w',12),('3Ppe8Xhl8qA',7),('3Ppe8Xhl8qA',8),('3Ppe8Xhl8qA',10),('bxNd3fJRHTs',6),('bxNd3fJRHTs',10),('x7CKnBYg0GM',7),('x7CKnBYg0GM',8),('x7CKnBYg0GM',12),('Jh5owy0HPGU',11),('wG6WP2Hqd9w',6),('wG6WP2Hqd9w',7),('wG6WP2Hqd9w',8),('wG6WP2Hqd9w',10),('wG6WP2Hqd9w',11),('wG6WP2Hqd9w',12),('SH-93gq7Q00',6),('SH-93gq7Q00',10),('a5IzdMcC9uw',6),('a5IzdMcC9uw',7),('a5IzdMcC9uw',8),('a5IzdMcC9uw',10),('a5IzdMcC9uw',11),('a5IzdMcC9uw',12),('mfKjDrO2q5w',10),('mfKjDrO2q5w',11),('mfKjDrO2q5w',12),('3SIaFsalSls',8),('sTiE3jNzXYs',6),('sTiE3jNzXYs',7),('4XOWE1G31aU',6),('4XOWE1G31aU',7),('4XOWE1G31aU',8),('4XOWE1G31aU',10),('4XOWE1G31aU',11),('4XOWE1G31aU',12),('LswZYhaOagY',6),('LswZYhaOagY',7),('LswZYhaOagY',8),('LswZYhaOagY',10),('LswZYhaOagY',11),('LswZYhaOagY',12),('TWht6nrQuJw',6),('TWht6nrQuJw',11),('TWht6nrQuJw',12),('tJEBPb3EfUQ',6),('tJEBPb3EfUQ',8),('tJEBPb3EfUQ',12),('lZlg7HzSGAY',6),('lZlg7HzSGAY',7),('lZlg7HzSGAY',8),('lZlg7HzSGAY',10),('lZlg7HzSGAY',11),('lZlg7HzSGAY',12),('QR2baEPUUgI',8),('QR2baEPUUgI',11),('QR2baEPUUgI',12),('gYUE_Zu6leg',7),('J7bOzCjYzbY',6),('J7bOzCjYzbY',7),('J7bOzCjYzbY',8),('J7bOzCjYzbY',10),('J7bOzCjYzbY',11),('J7bOzCjYzbY',12),('dJ-Px0dZH8A',6),('dJ-Px0dZH8A',7),('dJ-Px0dZH8A',8),('dJ-Px0dZH8A',10),('dJ-Px0dZH8A',11),('dJ-Px0dZH8A',12),('Ea0l-yXlMKQ',8),('Ea0l-yXlMKQ',10),('sOzMZUux6Hw',6),('sOzMZUux6Hw',8),('sOzMZUux6Hw',12),('8yQSde4nxR0',6),('8yQSde4nxR0',7),('8yQSde4nxR0',8),('8yQSde4nxR0',10),('8yQSde4nxR0',11),('8yQSde4nxR0',12),('rF2y3Akpj-8',7),('rF2y3Akpj-8',10),('rF2y3Akpj-8',11),('iFK3BTHRG_M',6),('iFK3BTHRG_M',7),('iFK3BTHRG_M',8),('iFK3BTHRG_M',10),('iFK3BTHRG_M',11),('iFK3BTHRG_M',12),('qq1Jwfa6mgo',8),('qq1Jwfa6mgo',11),('WSVpM0UrQaQ',6),('WSVpM0UrQaQ',12),('ibZUsXC2OtY',6),('ibZUsXC2OtY',8),('ibZUsXC2OtY',10),('ibZUsXC2OtY',12),('VVn-n2ROQXg',7),('VVn-n2ROQXg',10),('VEqmEzRzArw',6),('VEqmEzRzArw',7),('VEqmEzRzArw',8),('VEqmEzRzArw',10),('VEqmEzRzArw',11),('VEqmEzRzArw',12),('V1AjaoTspbU',6),('V1AjaoTspbU',7),('V1AjaoTspbU',10),('V1AjaoTspbU',11),('l9wRjsQ_JII',7),('l9wRjsQ_JII',8),('l9wRjsQ_JII',12),('6HbdJMto_rg',6),('6HbdJMto_rg',10),('6HbdJMto_rg',11),('PUHgezDPiT0',6),('PUHgezDPiT0',11),('PUHgezDPiT0',12),('5T-qmS-Jq-o',6),('5T-qmS-Jq-o',7),('5T-qmS-Jq-o',8),('5T-qmS-Jq-o',10),('5T-qmS-Jq-o',11),('5T-qmS-Jq-o',12),('y7Jl81A9rV0',6),('y7Jl81A9rV0',12),('VCIbjEia-oI',6),('VCIbjEia-oI',8),('VCIbjEia-oI',10),('42J0VKYB2u4',6),('42J0VKYB2u4',7),('42J0VKYB2u4',8),('42J0VKYB2u4',10),('42J0VKYB2u4',11),('42J0VKYB2u4',12),('5vJDqlckxU8',8),('5vJDqlckxU8',11),('5vJDqlckxU8',12),('_uJU-ZiRvrM',6),('_uJU-ZiRvrM',7),('_uJU-ZiRvrM',8),('_uJU-ZiRvrM',10),('_uJU-ZiRvrM',11),('_uJU-ZiRvrM',12),('YWrIiJt_UOU',6),('YWrIiJt_UOU',7),('YWrIiJt_UOU',10),('YKwXix967PI',7),('YKwXix967PI',11),('0UkepPvSQUs',6),('0UkepPvSQUs',7),('0UkepPvSQUs',8),('0UkepPvSQUs',10),('0UkepPvSQUs',11),('0UkepPvSQUs',12),('eGBxC7RQxsY',7),('eGBxC7RQxsY',10),('5bvpqpbIpMc',8),('5bvpqpbIpMc',11),('VI1gspH68Lg',6),('VI1gspH68Lg',7),('VI1gspH68Lg',8),('VI1gspH68Lg',10),('VI1gspH68Lg',11),('VI1gspH68Lg',12),('dEHDd8S2HBQ',6),('dEHDd8S2HBQ',10),('dEHDd8S2HBQ',12),('Y4XHAEdaoVw',7),('Y4XHAEdaoVw',8),('Y4XHAEdaoVw',11),('ZrTKdUhsREk',6),('ZrTKdUhsREk',7),('ZrTKdUhsREk',8),('ZrTKdUhsREk',10),('ZrTKdUhsREk',11),('ZrTKdUhsREk',12),('hw5DmaD939A',6),('hw5DmaD939A',10),('hw5DmaD939A',12),('xkkgAVzB_pM',7),('xkkgAVzB_pM',10),('jcYNbUP50AA',6),('jcYNbUP50AA',10),('jcYNbUP50AA',11),('f3daOQ_LUTk',7),('f3daOQ_LUTk',8),('f3daOQ_LUTk',12),('KD7u5Zacp8g',6),('KD7u5Zacp8g',11),('Mma_aps8Cik',1),('Mma_aps8Cik',6),('Mma_aps8Cik',7),('Mma_aps8Cik',8),('Mma_aps8Cik',9),('Mma_aps8Cik',10),('Mma_aps8Cik',11),('Mma_aps8Cik',12),('85_I2yVcbhU',7),('85_I2yVcbhU',9),('85_I2yVcbhU',10),('85_I2yVcbhU',11),('BwHi6k50f7A',6),('BwHi6k50f7A',7),('BwHi6k50f7A',8),('BwHi6k50f7A',9),('BwHi6k50f7A',10),('BwHi6k50f7A',11),('BwHi6k50f7A',12),('w8e_e6FMRmk',7),('w8e_e6FMRmk',11),('Rx7YsP6Re2s',6),('Rx7YsP6Re2s',9),('WccI5RAdzek',1),('WccI5RAdzek',5),('WccI5RAdzek',7),('WccI5RAdzek',8),('WccI5RAdzek',9),('WccI5RAdzek',10),('WccI5RAdzek',11),('WccI5RAdzek',12),('UB1oZZ6aaAU',1),('UB1oZZ6aaAU',5),('UB1oZZ6aaAU',7),('UB1oZZ6aaAU',8),('UB1oZZ6aaAU',9),('UB1oZZ6aaAU',10),('UB1oZZ6aaAU',11),('UB1oZZ6aaAU',12),('16VVZB0bnnE',5),('16VVZB0bnnE',9),('16VVZB0bnnE',10),('16VVZB0bnnE',11),('16VVZB0bnnE',12),('nCOoxRs9IOQ',1),('nCOoxRs9IOQ',6),('nCOoxRs9IOQ',7),('nCOoxRs9IOQ',8),('nCOoxRs9IOQ',9),('nCOoxRs9IOQ',10),('nCOoxRs9IOQ',11),('nCOoxRs9IOQ',12),('npNEdDxCNrk',7),('npNEdDxCNrk',9),('npNEdDxCNrk',10),('eyNqLvdZY-8',1),('eyNqLvdZY-8',5),('eyNqLvdZY-8',7),('eyNqLvdZY-8',8),('eyNqLvdZY-8',9),('eyNqLvdZY-8',10),('eyNqLvdZY-8',11),('eyNqLvdZY-8',12),('UNOLELxhYQg',5),('UNOLELxhYQg',7),('UNOLELxhYQg',10),('UNOLELxhYQg',11),('K0kog-MfnPE',6),('K0kog-MfnPE',7),('K0kog-MfnPE',8),('K0kog-MfnPE',10),('K0kog-MfnPE',11),('K0kog-MfnPE',12),('GbnCm6jy1wo',6),('GbnCm6jy1wo',7),('GbnCm6jy1wo',8),('GbnCm6jy1wo',10),('GbnCm6jy1wo',11),('GbnCm6jy1wo',12),('UBc4d0xMRDo',6),('UBc4d0xMRDo',7),('UBc4d0xMRDo',8),('UBc4d0xMRDo',9),('UBc4d0xMRDo',10),('UBc4d0xMRDo',11),('UBc4d0xMRDo',12),('ybzsKec_cW0',6),('ybzsKec_cW0',7),('ybzsKec_cW0',8),('ybzsKec_cW0',9),('ybzsKec_cW0',10),('ybzsKec_cW0',11),('ybzsKec_cW0',12),('KXnZfC7A5FM',6),('KXnZfC7A5FM',9),('KXnZfC7A5FM',11),('dWqZ5VRLoWA',6),('dWqZ5VRLoWA',7),('dWqZ5VRLoWA',8),('dWqZ5VRLoWA',9),('dWqZ5VRLoWA',10),('dWqZ5VRLoWA',11),('dWqZ5VRLoWA',12),('smDIBN_8KY8',9),('smDIBN_8KY8',10),('7m3s71jKSkc',7),('7m3s71jKSkc',11),('bhjCc-gKVvQ',6),('bhjCc-gKVvQ',7),('bhjCc-gKVvQ',8),('bhjCc-gKVvQ',9),('bhjCc-gKVvQ',10),('bhjCc-gKVvQ',11),('bhjCc-gKVvQ',12),('w40GiK_Cdgc',6),('w40GiK_Cdgc',7),('w40GiK_Cdgc',8),('w40GiK_Cdgc',9),('w40GiK_Cdgc',10),('w40GiK_Cdgc',11),('w40GiK_Cdgc',12),('zaKqtd4ZwsY',6),('zaKqtd4ZwsY',7),('zaKqtd4ZwsY',8),('zaKqtd4ZwsY',9),('zaKqtd4ZwsY',10),('zaKqtd4ZwsY',11),('zaKqtd4ZwsY',12),('yQgZCLGk050',7),('yQgZCLGk050',11),('yQgZCLGk050',12),('yoh1qy0mXM0',6),('yoh1qy0mXM0',7),('yoh1qy0mXM0',8),('yoh1qy0mXM0',9),('yoh1qy0mXM0',10),('yoh1qy0mXM0',11),('yoh1qy0mXM0',12),('ACTpRkbcqMk',9),('ACTpRkbcqMk',11),('TY_N-Z4XCl8',6),('TY_N-Z4XCl8',9),('TY_N-Z4XCl8',10),('ZmJD-7A6H2A',6),('ZmJD-7A6H2A',7),('ZmJD-7A6H2A',8),('ZmJD-7A6H2A',9),('ZmJD-7A6H2A',10),('ZmJD-7A6H2A',11),('ZmJD-7A6H2A',12),('5TtSOLsAop4',6),('5TtSOLsAop4',7),('5TtSOLsAop4',8),('5TtSOLsAop4',10),('5TtSOLsAop4',11),('5TtSOLsAop4',12),('7UuNAKFV6KQ',6),('7UuNAKFV6KQ',7),('7UuNAKFV6KQ',8),('VTIdPlj449E',6),('VTIdPlj449E',7),('VTIdPlj449E',8),('VTIdPlj449E',10),('VTIdPlj449E',11),('VTIdPlj449E',12),('z7XlZlaykxk',6),('z7XlZlaykxk',7),('z7XlZlaykxk',11),('z7XlZlaykxk',12),('7EPj2xZPEH0',10),('7EPj2xZPEH0',11),('7EPj2xZPEH0',12),('3kkvNitQOwU',6),('3kkvNitQOwU',7),('3kkvNitQOwU',8),('FARxrW_mzkM',6),('FARxrW_mzkM',7),('FARxrW_mzkM',8),('FARxrW_mzkM',10),('FARxrW_mzkM',11),('FARxrW_mzkM',12),('RRzUJ0oL9cc',7),('RRzUJ0oL9cc',8),('MgqhzoiBaX4',10),('MgqhzoiBaX4',12),('CALZ26GuQ1E',7),('CALZ26GuQ1E',10),('CALZ26GuQ1E',11),('n_je2-DsMVE',6),('n_je2-DsMVE',7),('n_je2-DsMVE',8),('n_je2-DsMVE',10),('n_je2-DsMVE',11),('n_je2-DsMVE',12),('NPJ5I_plhp0',6),('NPJ5I_plhp0',7),('NPJ5I_plhp0',8),('NPJ5I_plhp0',10),('NPJ5I_plhp0',11),('NPJ5I_plhp0',12),('EwQTjf2RPJI',6),('EwQTjf2RPJI',7),('EwQTjf2RPJI',8),('EwQTjf2RPJI',10),('EwQTjf2RPJI',11),('EwQTjf2RPJI',12),('jZWnKbBN5Yg',6),('jZWnKbBN5Yg',7),('jZWnKbBN5Yg',8),('jZWnKbBN5Yg',10),('jZWnKbBN5Yg',11),('jZWnKbBN5Yg',12),('HQha2iPF034',4),('HQha2iPF034',5),('HQha2iPF034',7),('HQha2iPF034',8),('HQha2iPF034',9),('HQha2iPF034',10),('HQha2iPF034',11),('HQha2iPF034',12),('btLtlF4OVyY',4),('btLtlF4OVyY',5),('btLtlF4OVyY',7),('btLtlF4OVyY',8),('btLtlF4OVyY',9),('btLtlF4OVyY',10),('btLtlF4OVyY',11),('btLtlF4OVyY',12),('XvO8lFROzMs',4),('XvO8lFROzMs',5),('XvO8lFROzMs',7),('XvO8lFROzMs',8),('XvO8lFROzMs',9),('XvO8lFROzMs',10),('XvO8lFROzMs',11),('XvO8lFROzMs',12),('bdvoqsZhzGw',4),('bdvoqsZhzGw',5),('bdvoqsZhzGw',7),('bdvoqsZhzGw',8),('bdvoqsZhzGw',9),('bdvoqsZhzGw',10),('bdvoqsZhzGw',11),('bdvoqsZhzGw',12),('VWl9W4um-qc',8),('VWl9W4um-qc',10),('VWl9W4um-qc',11),('VWl9W4um-qc',12),('dCXoOWgPnHc',4),('dCXoOWgPnHc',7),('dCXoOWgPnHc',8),('dCXoOWgPnHc',9),('dCXoOWgPnHc',10),('dCXoOWgPnHc',11),('dCXoOWgPnHc',12),('T_N8CR6PSrI',4),('T_N8CR6PSrI',7),('T_N8CR6PSrI',8),('T_N8CR6PSrI',9),('T_N8CR6PSrI',10),('T_N8CR6PSrI',11),('T_N8CR6PSrI',12),('1cilQLjjrYo',7),('1cilQLjjrYo',8),('1cilQLjjrYo',9),('1cilQLjjrYo',10),('1cilQLjjrYo',11),('1cilQLjjrYo',12),('BTBXci-bd9s',4),('BTBXci-bd9s',7),('BTBXci-bd9s',8),('BTBXci-bd9s',9),('BTBXci-bd9s',10),('BTBXci-bd9s',11),('BTBXci-bd9s',12),('g5epn3yh76k',8),('g5epn3yh76k',9),('g5epn3yh76k',10),('g5epn3yh76k',11),('g5epn3yh76k',12),('qt4Z1Uh_Mpg',4),('qt4Z1Uh_Mpg',8),('qt4Z1Uh_Mpg',9),('qt4Z1Uh_Mpg',10),('qt4Z1Uh_Mpg',11),('qt4Z1Uh_Mpg',12),('B1ZE9K-pcWs',8),('B1ZE9K-pcWs',10),('B1ZE9K-pcWs',12),('dgiOMveoFko',8),('dgiOMveoFko',9),('dgiOMveoFko',10),('dgiOMveoFko',11),('dgiOMveoFko',12),('19kj9kOncgQ',4),('19kj9kOncgQ',8),('19kj9kOncgQ',9),('19kj9kOncgQ',10),('19kj9kOncgQ',11),('19kj9kOncgQ',12),('Gpnj27IFqzs',8),('Gpnj27IFqzs',10),('Gpnj27IFqzs',11),('Gpnj27IFqzs',12),('puWYFqtR8ig',8),('puWYFqtR8ig',10),('puWYFqtR8ig',11),('puWYFqtR8ig',12),('PieJYJjUNtY',8),('PieJYJjUNtY',10),('PieJYJjUNtY',11),('PieJYJjUNtY',12),('5ynpZbozOCw',8),('5ynpZbozOCw',10),('5ynpZbozOCw',11),('5ynpZbozOCw',12),('61BUubgjSJU',8),('61BUubgjSJU',10),('61BUubgjSJU',11),('lKqpRP3c64o',8),('lKqpRP3c64o',10),('lKqpRP3c64o',11),('lKqpRP3c64o',12),('qiaEUasF6CM',8),('qiaEUasF6CM',10),('qiaEUasF6CM',11),('qiaEUasF6CM',12),('NCfK7xoP3x4',4),('NCfK7xoP3x4',9),('EkC96Zc2UkI',8),('EkC96Zc2UkI',10),('EkC96Zc2UkI',11),('EkC96Zc2UkI',12),('j2qYG7tIS9k',8),('j2qYG7tIS9k',10),('j2qYG7tIS9k',11),('j2qYG7tIS9k',12),('qtU_pHArtCo',8),('qtU_pHArtCo',10),('qtU_pHArtCo',11),('qtU_pHArtCo',12),('m2yeCwwcL0I',8),('m2yeCwwcL0I',10),('m2yeCwwcL0I',11),('m2yeCwwcL0I',12),('Nyh3SwGeT-8',8),('Nyh3SwGeT-8',10),('Nyh3SwGeT-8',11),('Nyh3SwGeT-8',12),('kgXBg5MHu6g',8),('kgXBg5MHu6g',10),('kgXBg5MHu6g',11),('kgXBg5MHu6g',12),('RXTCaIroztk',8),('RXTCaIroztk',10),('RXTCaIroztk',11),('RXTCaIroztk',12),('gCxVOXYmqJU',8),('gCxVOXYmqJU',10),('gCxVOXYmqJU',11),('gCxVOXYmqJU',12),('2vTBWJQm4hI',6),('2vTBWJQm4hI',7),('2vTBWJQm4hI',8),('2vTBWJQm4hI',9),('2vTBWJQm4hI',10),('2vTBWJQm4hI',11),('2vTBWJQm4hI',12),('nvbnFpzuj2w',6),('nvbnFpzuj2w',7),('nvbnFpzuj2w',8),('nvbnFpzuj2w',10),('nvbnFpzuj2w',11),('nvbnFpzuj2w',12),('paE6EgFaAQs',6),('paE6EgFaAQs',7),('paE6EgFaAQs',10),('8jrgAHJepDU',8),('8jrgAHJepDU',10),('8jrgAHJepDU',11),('8jrgAHJepDU',12),('RKfLFJ--kmc',8),('RKfLFJ--kmc',10),('RKfLFJ--kmc',11),('RKfLFJ--kmc',12),('CKafUF9GCsU',8),('CKafUF9GCsU',10),('CKafUF9GCsU',11),('CKafUF9GCsU',12),('maWBI3ORTMA',8),('maWBI3ORTMA',10),('maWBI3ORTMA',11),('maWBI3ORTMA',12),('IHsfDoM0lbo',8),('IHsfDoM0lbo',10),('IHsfDoM0lbo',11),('IHsfDoM0lbo',12),('5Y-3CM8xr0c',8),('5Y-3CM8xr0c',10),('5Y-3CM8xr0c',11),('5Y-3CM8xr0c',12),('pMAan8vdHjs',8),('pMAan8vdHjs',10),('pMAan8vdHjs',11),('pMAan8vdHjs',12),('qx15nHyMuVg',8),('qx15nHyMuVg',10),('qx15nHyMuVg',11),('qx15nHyMuVg',12),('PyGXSzVnPdw',8),('PyGXSzVnPdw',10),('PyGXSzVnPdw',11),('PyGXSzVnPdw',12),('pYqtIjRhAoc',8),('pYqtIjRhAoc',10),('pYqtIjRhAoc',11),('pYqtIjRhAoc',12),('M_Zbs9_u1tc',8),('M_Zbs9_u1tc',10),('M_Zbs9_u1tc',11),('M_Zbs9_u1tc',12),('-sJt3PhLPUE',8),('-sJt3PhLPUE',10),('-sJt3PhLPUE',11),('-sJt3PhLPUE',12),('WAd6nqF_VSw',8),('WAd6nqF_VSw',10),('WAd6nqF_VSw',11),('WAd6nqF_VSw',12),('VHvlgpGhlQ8',1),('VHvlgpGhlQ8',6),('RH7_wXQTdQk',8),('RH7_wXQTdQk',10),('RH7_wXQTdQk',11),('RH7_wXQTdQk',12),('T0nV-8iSAw0',8),('T0nV-8iSAw0',10),('T0nV-8iSAw0',11),('T0nV-8iSAw0',12),('aNJLXRxEw2k',8),('aNJLXRxEw2k',10),('aNJLXRxEw2k',11),('aNJLXRxEw2k',12),('9MnWz-Z8c4g',8),('9MnWz-Z8c4g',10),('9MnWz-Z8c4g',11),('9MnWz-Z8c4g',12),('ppFAscSbFGk',8),('ppFAscSbFGk',10),('ppFAscSbFGk',11),('ppFAscSbFGk',12),('BNh4-uSSg9w',8),('BNh4-uSSg9w',10),('BNh4-uSSg9w',11),('BNh4-uSSg9w',12),('MEAj4qTAoiM',8),('MEAj4qTAoiM',10),('MEAj4qTAoiM',11),('MEAj4qTAoiM',12),('oQyeP6bf8ME',8),('oQyeP6bf8ME',10),('oQyeP6bf8ME',11),('oQyeP6bf8ME',12),('TrFJCmopAEk',8),('TrFJCmopAEk',10),('TrFJCmopAEk',11),('TrFJCmopAEk',12),('Rp64vMj9GHc',8),('Rp64vMj9GHc',10),('Rp64vMj9GHc',12),('opMTyD7DWHs',8),('opMTyD7DWHs',10),('opMTyD7DWHs',12),('5L587lit3GQ',8),('5L587lit3GQ',10),('5L587lit3GQ',11),('5L587lit3GQ',12),('1pb1UvioXT8',8),('1pb1UvioXT8',10),('1pb1UvioXT8',11),('1pb1UvioXT8',12),('09VjcF_vp9o',8),('09VjcF_vp9o',10),('09VjcF_vp9o',11),('09VjcF_vp9o',12),('vIwhKCAyB3I',8),('vIwhKCAyB3I',10),('vIwhKCAyB3I',11),('vIwhKCAyB3I',12),('U6YDyXEpktM',8),('U6YDyXEpktM',10),('U6YDyXEpktM',11),('U6YDyXEpktM',12),('C59zJ-olG34',8),('C59zJ-olG34',10),('C59zJ-olG34',11),('C59zJ-olG34',12),('rl0lbJESshw',8),('rl0lbJESshw',10),('rl0lbJESshw',11),('rl0lbJESshw',12),('Dlp-u__XN4s',8),('Dlp-u__XN4s',10),('Dlp-u__XN4s',11),('Dlp-u__XN4s',12),('ts_otOMkKkI',8),('ts_otOMkKkI',10),('ts_otOMkKkI',11),('ts_otOMkKkI',12),('w2VIMvIPMtk',8),('w2VIMvIPMtk',10),('w2VIMvIPMtk',11),('w2VIMvIPMtk',12),('sh7GDuFVqfo',4),('sh7GDuFVqfo',5),('sh7GDuFVqfo',8),('sh7GDuFVqfo',9),('sh7GDuFVqfo',10),('sh7GDuFVqfo',11),('sh7GDuFVqfo',12),('gH7jI3g7obA',4),('gH7jI3g7obA',5),('gH7jI3g7obA',8),('gH7jI3g7obA',9),('gH7jI3g7obA',10),('gH7jI3g7obA',11),('gH7jI3g7obA',12),('S-KlAPV-LXM',8),('S-KlAPV-LXM',10),('S-KlAPV-LXM',11),('S-KlAPV-LXM',12),('jPjG5xZEBDI',8),('jPjG5xZEBDI',10),('jPjG5xZEBDI',11),('jPjG5xZEBDI',12),('_su2Xx4iZ-Y',8),('_su2Xx4iZ-Y',10),('_su2Xx4iZ-Y',11),('_su2Xx4iZ-Y',12),('i4cftlI_4Pk',1),('i4cftlI_4Pk',6),('-3xGyRiepe0',7),('-3xGyRiepe0',9),('-3xGyRiepe0',11),('YC4OsRtCBQs',8),('YC4OsRtCBQs',10),('YC4OsRtCBQs',11),('YC4OsRtCBQs',12),('a28GXKGHgrE',8),('a28GXKGHgrE',10),('a28GXKGHgrE',11),('a28GXKGHgrE',12),('ioEe7YS1aFI',8),('ioEe7YS1aFI',10),('ioEe7YS1aFI',11),('ioEe7YS1aFI',12),('KpX4Ko-5cEA',8),('KpX4Ko-5cEA',10),('KpX4Ko-5cEA',11),('KpX4Ko-5cEA',12),('TkgrbHVUkpc',8),('TkgrbHVUkpc',10),('TkgrbHVUkpc',11),('TkgrbHVUkpc',12),('VZc9nZUbrOk',8),('VZc9nZUbrOk',10),('VZc9nZUbrOk',11),('VZc9nZUbrOk',12),('wG2XgJnk2t8',8),('wG2XgJnk2t8',10),('wG2XgJnk2t8',11),('wG2XgJnk2t8',12),('77Cg7oowEhs',8),('77Cg7oowEhs',10),('77Cg7oowEhs',11),('77Cg7oowEhs',12),('tfIHfI4Pgec',8),('tfIHfI4Pgec',10),('tfIHfI4Pgec',11),('tfIHfI4Pgec',12),('ch-hn0rMkWc',8),('ch-hn0rMkWc',10),('ch-hn0rMkWc',11),('ch-hn0rMkWc',12);
/*!40000 ALTER TABLE `members_youtubes` ENABLE KEYS */;
UNLOCK TABLES;

--
-- Table structure for table `musical_instrument_players`
--

DROP TABLE IF EXISTS `musical_instrument_players`;
/*!40101 SET @saved_cs_client     = @@character_set_client */;
/*!40101 SET character_set_client = utf8 */;
CREATE TABLE `musical_instrument_players` (
  `id` int(11) NOT NULL AUTO_INCREMENT,
  `youtube_id` varchar(255) COLLATE utf8_unicode_ci NOT NULL,
  `musical_instrument_id` int(11) NOT NULL,
  `member_id` int(11) NOT NULL,
  `created_at` datetime NOT NULL,
  `updated_at` datetime NOT NULL,
  PRIMARY KEY (`id`)
) ENGINE=InnoDB AUTO_INCREMENT=413 DEFAULT CHARSET=utf8 COLLATE=utf8_unicode_ci;
/*!40101 SET character_set_client = @saved_cs_client */;

--
-- Dumping data for table `musical_instrument_players`
--

LOCK TABLES `musical_instrument_players` WRITE;
/*!40000 ALTER TABLE `musical_instrument_players` DISABLE KEYS */;
INSERT INTO `musical_instrument_players` VALUES (1,'H-Wut0BVQ_U',23,4,'2016-07-02 14:58:05','2016-07-02 14:58:05'),(2,'lkLro07kYtA',23,5,'2016-07-02 15:06:14','2016-07-02 15:06:14'),(3,'6_unu2fNi4s',23,1,'2016-07-02 15:07:33','2016-07-02 15:07:33'),(4,'0LpfTphAfMI',23,4,'2016-07-02 15:09:40','2016-07-02 15:09:40'),(5,'7FtoNUdkfNc',23,5,'2016-07-02 15:11:06','2016-07-02 15:11:06'),(6,'Qa9XAmLO8l4',23,1,'2016-07-02 15:12:25','2016-07-02 15:12:25'),(7,'_BVEt3xtYos',23,1,'2016-07-02 15:16:01','2016-07-02 15:16:01'),(8,'WcOUxyhDVSY',23,1,'2016-07-02 15:18:31','2016-07-02 15:18:31'),(9,'hYmy7szIuIw',23,1,'2016-07-02 15:19:31','2016-07-02 15:19:31'),(10,'g7PEIiD8V9Y',23,4,'2016-07-02 15:21:44','2016-07-02 15:21:44'),(11,'g7PEIiD8V9Y',23,4,'2016-07-02 15:21:44','2016-07-02 15:21:44'),(12,'vqV6y8nH4R8',23,1,'2016-07-02 15:23:28','2016-07-02 15:23:28'),(13,'pp7ZiCKN3IQ',23,5,'2016-07-02 15:25:50','2016-07-02 15:25:50'),(14,'uhEM8oALyII',23,1,'2016-07-02 15:27:25','2016-07-02 15:27:25'),(15,'Axl7VT0y63s',23,4,'2016-07-02 15:28:52','2016-07-02 15:28:52'),(16,'GGeRq0fE5oE',23,4,'2016-07-02 15:29:43','2016-07-02 15:29:43'),(17,'rWHbK8dq1gU',23,5,'2016-07-02 15:30:39','2016-07-02 15:30:39'),(18,'pwMHH4fTLxE',23,1,'2016-07-02 15:31:01','2016-07-02 15:31:01'),(19,'hfVELQk27W4',23,4,'2016-07-02 15:33:33','2016-07-02 15:33:33'),(20,'lotrw32qs38',23,5,'2016-07-02 15:34:46','2016-07-02 15:34:46'),(21,'9OaZs3cKoTk',23,1,'2016-07-02 15:35:57','2016-07-02 15:35:57'),(22,'Rx2Pk1AE4Fg',23,5,'2016-07-02 15:37:44','2016-07-02 15:37:44'),(23,'WD00QxwBTSY',23,5,'2016-07-02 15:38:53','2016-07-02 15:38:53'),(24,'juVGd6ZApWU',23,5,'2016-07-02 15:39:18','2016-07-02 15:39:18'),(25,'Tv5WMoPDUwo',23,4,'2016-07-02 15:40:48','2016-07-02 15:40:48'),(26,'4ckzJS0R3Zg',23,5,'2016-07-02 15:41:55','2016-07-02 15:41:55'),(27,'ls9VW2oJhoE',23,4,'2016-07-02 15:45:30','2016-07-02 15:45:30'),(28,'zWXFyRHolHA',23,1,'2016-07-02 15:50:10','2016-07-02 15:50:10'),(29,'zWXFyRHolHA',23,1,'2016-07-02 15:52:17','2016-07-02 15:52:17'),(30,'KFivNGXdl34',23,5,'2016-07-02 15:52:48','2016-07-02 15:52:48'),(31,'hd41RDP2JDU',23,1,'2016-07-02 15:54:31','2016-07-02 15:54:31'),(32,'K-ZS2MFQy1o',23,5,'2016-07-02 15:55:11','2016-07-02 15:55:11'),(33,'3trYIk73p0k',23,4,'2016-07-02 15:56:14','2016-07-02 15:56:14'),(34,'MIxeuUIeF3U',23,4,'2016-07-02 15:56:45','2016-07-02 15:56:45'),(35,'Xv4nXYbQQ34',23,4,'2016-07-02 15:57:21','2016-07-02 15:57:21'),(36,'o7V9T5YuUO4',23,5,'2016-07-02 15:57:49','2016-07-02 15:57:49'),(37,'se36IdE1_Nw',23,4,'2016-07-02 15:58:28','2016-07-02 15:58:28'),(38,'7u7tZSye8GQ',23,4,'2016-07-02 16:01:59','2016-07-02 16:01:59'),(39,'JFfWmMcOU5Q',23,5,'2016-07-02 16:10:55','2016-07-02 16:10:55'),(40,'JFfWmMcOU5Q',23,4,'2016-07-02 16:11:23','2016-07-02 16:11:23'),(41,'JFfWmMcOU5Q',23,1,'2016-07-02 16:16:05','2016-07-02 16:16:05'),(42,'FREAPyuceuM',23,5,'2016-07-02 16:17:10','2016-07-02 16:17:10'),(43,'1xBjwzIF_e4',23,5,'2016-07-02 16:17:57','2016-07-02 16:17:57'),(44,'85nir6cByKk',23,4,'2016-07-02 16:18:23','2016-07-02 16:18:23'),(45,'ojFz98v3BHM',23,1,'2016-07-02 16:23:15','2016-07-02 16:23:15'),(46,'Z5PM0FhFkoQ',23,4,'2016-07-02 16:24:02','2016-07-02 16:24:02'),(47,'aBO3dePaUYw',23,4,'2016-07-02 16:24:33','2016-07-02 16:24:33'),(48,'cP6x1-YIBmM',23,4,'2016-07-02 16:25:29','2016-07-02 16:25:29'),(49,'dCKMLrTvV04',23,5,'2016-07-02 16:58:28','2016-07-02 16:58:28'),(50,'dCKMLrTvV04',23,4,'2016-07-02 16:58:43','2016-07-02 16:58:43'),(51,'2Sx4Kwowr7U',23,5,'2016-07-02 16:59:26','2016-07-02 16:59:26'),(52,'VBgzGP0ITUc',23,4,'2016-07-02 17:00:26','2016-07-02 17:00:26'),(53,'7Cp-e70yj6Y',23,4,'2016-07-02 17:02:00','2016-07-02 17:02:00'),(54,'a_-clIaVvko',23,1,'2016-07-02 17:02:26','2016-07-02 17:02:26'),(55,'BvsK5HN3WiU',23,5,'2016-07-02 17:05:35','2016-07-02 17:05:35'),(56,'Qv46dvfWa8Q',23,4,'2016-07-02 17:06:10','2016-07-02 17:06:10'),(57,'KsSFpuToNh8',23,9,'2016-07-02 17:06:49','2016-07-02 17:06:49'),(58,'6Xm8EEJ6rjc',23,5,'2016-07-02 17:07:30','2016-07-02 17:07:30'),(59,'eO35NeuPQqI',23,4,'2016-07-03 01:07:30','2016-07-03 01:07:30'),(60,'CYBl8uNMfKQ',23,5,'2016-07-03 01:08:00','2016-07-03 01:08:00'),(61,'l_t88F98snM',23,4,'2016-07-03 01:09:06','2016-07-03 01:09:06'),(62,'b9lwmxbis8M',23,4,'2016-07-03 01:11:25','2016-07-03 01:11:25'),(63,'wfpPt8z2aEA',23,1,'2016-07-03 01:11:50','2016-07-03 01:11:50'),(64,'XIFkD5J8GjQ',23,1,'2016-07-03 01:12:31','2016-07-03 01:12:31'),(65,'iksQUFp1gDg',23,4,'2016-07-03 01:13:12','2016-07-03 01:13:12'),(66,'tF4s6l_3o7M',23,5,'2016-07-03 01:13:53','2016-07-03 01:13:53'),(67,'Zw100vOIk5c',23,1,'2016-07-03 01:14:23','2016-07-03 01:14:23'),(68,'MFNETL-PbeI',23,1,'2016-07-03 01:16:20','2016-07-03 01:16:20'),(69,'vb5BhEY2Gpw',23,1,'2016-07-03 01:16:59','2016-07-03 01:16:59'),(70,'y03Xkh0mmC0',23,5,'2016-07-03 01:17:41','2016-07-03 01:17:41'),(71,'ysjEib8E_no',23,1,'2016-07-03 01:18:18','2016-07-03 01:18:18'),(72,'GaEQJYgQNi0',23,1,'2016-07-03 01:18:43','2016-07-03 01:18:43'),(73,'41-0qVxPSt0',23,5,'2016-07-03 01:19:40','2016-07-03 01:19:40'),(74,'2sgCzV51tj0',23,4,'2016-07-03 01:23:01','2016-07-03 01:23:01'),(75,'368MlsCI25M',23,5,'2016-07-03 01:23:38','2016-07-03 01:23:38'),(76,'iI74IGxvugQ',23,4,'2016-07-03 01:24:16','2016-07-03 01:24:16'),(77,'gN2OjERZqCQ',23,5,'2016-07-03 01:24:47','2016-07-03 01:24:47'),(78,'3Rsf_Tahgk4',23,1,'2016-07-03 01:32:29','2016-07-03 01:32:29'),(79,'V58EqJxODSo',23,1,'2016-07-03 01:33:23','2016-07-03 01:33:23'),(80,'8yS8GOvKfSs',23,5,'2016-07-03 01:33:55','2016-07-03 01:33:55'),(81,'GazyY-e5Xto',23,5,'2016-07-03 01:34:58','2016-07-03 01:34:58'),(82,'NkIxOZKtOQo',23,1,'2016-07-03 01:37:20','2016-07-03 01:37:20'),(83,'nUxmX76ghUs',23,4,'2016-07-03 01:37:46','2016-07-03 01:37:46'),(84,'emGiPyoAfz8',23,1,'2016-07-03 01:38:58','2016-07-03 01:38:58'),(85,'emGiPyoAfz8',23,5,'2016-07-03 01:39:05','2016-07-03 01:39:05'),(86,'HpJ93q51YW8',23,5,'2016-07-03 01:39:59','2016-07-03 01:39:59'),(87,'ySC0apNduaQ',23,5,'2016-07-03 01:40:57','2016-07-03 01:40:57'),(88,'GJiARx6l66A',23,4,'2016-07-03 09:23:07','2016-07-03 09:23:07'),(89,'rxbDuc0zhx4',23,4,'2016-07-03 09:23:47','2016-07-03 09:23:47'),(90,'t5m--7k60lE',23,5,'2016-07-03 09:27:27','2016-07-03 09:27:27'),(91,'Kx7cvmpLyiE',23,4,'2016-07-03 09:30:28','2016-07-03 09:30:28'),(92,'_JUOD8LPHLQ',23,4,'2016-07-03 09:31:06','2016-07-03 09:31:06'),(93,'cIDPdhKkfYI',23,5,'2016-07-03 09:32:52','2016-07-03 09:32:52'),(94,'_CddRkYpKtI',23,4,'2016-07-03 09:37:28','2016-07-03 09:37:28'),(95,'bDXjSP_8CAc',23,1,'2016-07-03 09:38:13','2016-07-03 09:38:13'),(96,'6e3KeO4ICKI',23,4,'2016-07-03 09:40:40','2016-07-03 09:40:40'),(97,'RoWuNTc7djY',23,5,'2016-07-03 09:41:46','2016-07-03 09:41:46'),(98,'wFojgCbralk',23,4,'2016-07-03 09:43:23','2016-07-03 09:43:23'),(99,'UhCqdxsgc-M',23,4,'2016-07-03 09:44:39','2016-07-03 09:44:39'),(100,'M_ktlIXJhfc',23,4,'2016-07-03 09:45:32','2016-07-03 09:45:32'),(101,'oSL2nCSD17g',23,4,'2016-07-03 09:46:14','2016-07-03 09:46:14'),(102,'BjBsUko_-X0',23,5,'2016-07-03 09:46:53','2016-07-03 09:46:53'),(103,'uH7xgGKEnz0',23,9,'2016-07-03 09:47:33','2016-07-03 09:47:33'),(104,'MCXSldXbidI',23,4,'2016-07-03 09:48:29','2016-07-03 09:48:29'),(105,'zCtE0PgptNs',23,4,'2016-07-03 15:30:56','2016-07-03 15:30:56'),(106,'pZN0nHB0qRQ',23,1,'2016-07-03 15:37:53','2016-07-03 15:37:53'),(107,'H_o753eDRVQ',23,5,'2016-07-03 15:43:12','2016-07-03 15:43:12'),(108,'DM1iiAkOEK0',23,1,'2016-07-03 15:44:45','2016-07-03 15:44:45'),(109,'y9oJXm3ygOE',23,1,'2016-07-03 15:46:50','2016-07-03 15:46:50'),(110,'V0I8s5qldHo',23,4,'2016-07-03 15:47:31','2016-07-03 15:47:31'),(111,'Xr2JQ3xW-Gc',23,1,'2016-07-05 15:41:44','2016-07-05 15:41:44'),(112,'u1kvlgf-tTM',23,5,'2016-07-05 15:43:14','2016-07-05 15:43:14'),(113,'zvmlcwyHR5Q',23,5,'2016-07-05 15:43:50','2016-07-05 15:43:50'),(114,'3MEPz665D1E',23,1,'2016-07-05 15:46:38','2016-07-05 15:46:38'),(115,'EGqZM0sHBuY',23,4,'2016-07-06 11:33:17','2016-07-06 11:33:17'),(116,'h2IffIvIRm0',23,4,'2016-07-06 11:34:12','2016-07-06 11:34:12'),(117,'ikX_TUSgb-0',23,1,'2016-07-06 11:35:10','2016-07-06 11:35:10'),(118,'qKJhvyAv2fY',23,5,'2016-07-06 11:36:10','2016-07-06 11:36:10'),(119,'nh1w1-QVRT4',23,4,'2016-07-06 11:36:56','2016-07-06 11:36:56'),(120,'MUvXJu4i0a0',23,1,'2016-07-06 11:37:51','2016-07-06 11:37:51'),(121,'1hx1GVFO9Cs',23,4,'2016-07-06 11:39:02','2016-07-06 11:39:02'),(122,'Y3Wiwh3M__g',23,5,'2016-07-06 11:39:31','2016-07-06 11:39:31'),(123,'PSYRdI-13dI',23,5,'2016-07-06 11:39:53','2016-07-06 11:39:53'),(124,'B4F-sweNJoQ',23,1,'2016-07-06 11:40:19','2016-07-06 11:40:19'),(125,'RqHZUWLxMdo',23,5,'2016-07-06 11:43:50','2016-07-06 11:43:50'),(126,'c3PCcMAgIx8',23,1,'2016-07-06 11:44:15','2016-07-06 11:44:15'),(127,'Pj6oFoJktLM',23,1,'2016-07-06 11:44:38','2016-07-06 11:44:38'),(128,'JoaPnfcaM0M',23,1,'2016-07-06 11:45:23','2016-07-06 11:45:23'),(129,'-aFHv3eLq8g',23,5,'2016-07-06 11:46:12','2016-07-06 11:46:12'),(130,'ggBcpLQJb0o',23,1,'2016-07-06 11:46:50','2016-07-06 11:46:50'),(131,'Zjr_-7O43C4',23,4,'2016-07-06 11:48:09','2016-07-06 11:48:09'),(132,'jJjWWRv1FT4',23,4,'2016-07-06 11:48:34','2016-07-06 11:48:34'),(133,'dT-I8vThSuA',23,4,'2016-07-06 11:50:23','2016-07-06 11:50:23'),(134,'rIH4hSA2kLc',23,5,'2016-07-06 11:51:00','2016-07-06 11:51:00'),(135,'rIH4hSA2kLc',23,1,'2016-07-06 11:51:06','2016-07-06 11:51:06'),(136,'LITAGDY95g0',23,4,'2016-07-06 11:52:47','2016-07-06 11:52:47'),(137,'0SSlJymmLMc',23,1,'2016-07-06 11:53:11','2016-07-06 11:53:11'),(138,'NV0YUJ3DBIU',23,1,'2016-07-06 11:53:38','2016-07-06 11:53:38'),(139,'3V3X9alrXTE',23,4,'2016-07-06 11:54:11','2016-07-06 11:54:11'),(140,'2mXPSsoew9k',23,4,'2016-07-06 11:54:38','2016-07-06 11:54:38'),(141,'anYPlVAkPSQ',23,4,'2016-07-06 11:55:09','2016-07-06 11:55:09'),(142,'Ocy2RqL8Ac0',23,4,'2016-07-06 11:55:42','2016-07-06 11:55:42'),(143,'PJ7xVKz8I6w',23,4,'2016-07-06 12:00:13','2016-07-06 12:00:13'),(144,'Wb0FT-6OjUE',23,1,'2016-07-06 12:00:49','2016-07-06 12:00:49'),(145,'6JrNLMLg7RE',23,5,'2016-07-06 12:01:26','2016-07-06 12:01:26'),(146,'KzfvVe2Ph6w',23,5,'2016-07-06 12:02:09','2016-07-06 12:02:09'),(147,'C138QPKNU2U',23,1,'2016-07-06 12:02:42','2016-07-06 12:02:42'),(148,'_KiCtINRalc',23,1,'2016-07-06 12:03:31','2016-07-06 12:03:31'),(149,'F9p9qAmk11c',23,4,'2016-07-06 12:05:11','2016-07-06 12:05:11'),(150,'jfIeFt4Wou0',23,1,'2016-07-06 12:05:56','2016-07-06 12:05:56'),(151,'HJg7WkOHxMs',23,5,'2016-07-06 12:06:38','2016-07-06 12:06:38'),(152,'fa5biSOaFJg',23,1,'2016-07-06 12:07:08','2016-07-06 12:07:08'),(153,'sMCXMH8VAE4',23,5,'2016-07-06 12:07:42','2016-07-06 12:07:42'),(154,'1UVodfF7aZI',23,5,'2016-07-06 12:08:28','2016-07-06 12:08:28'),(155,'keA2A8FCo5w',23,11,'2016-07-06 12:08:55','2016-07-06 12:08:55'),(156,'jZ1GWob9Bxk',23,1,'2016-07-06 12:10:37','2016-07-06 12:10:37'),(157,'e3g1rnkneBE',23,1,'2016-07-06 12:11:08','2016-07-06 12:11:08'),(158,'SMVY1cm3eV8',23,1,'2016-07-06 12:13:03','2016-07-06 12:13:03'),(159,'Z-kO6n23Ydg',23,1,'2016-07-06 12:13:45','2016-07-06 12:13:45'),(160,'tpO0ATpYRw8',23,1,'2016-07-06 12:14:31','2016-07-06 12:14:31'),(161,'He79ZLV0x-0',23,1,'2016-07-06 12:15:11','2016-07-06 12:15:11'),(162,'-87Q50gqRFM',23,5,'2016-07-06 12:15:42','2016-07-06 12:15:42'),(163,'vkpxsCZo2tk',23,1,'2016-07-06 12:18:05','2016-07-06 12:18:05'),(164,'4GYmD7Ogusc',23,1,'2016-07-06 12:18:27','2016-07-06 12:18:27'),(165,'GUIDZik9M_I',23,5,'2016-07-06 12:19:10','2016-07-06 12:19:10'),(166,'4LkmEIdb4Oo',23,1,'2016-07-06 12:19:57','2016-07-06 12:19:57'),(167,'EkT7tnpipPM',23,1,'2016-07-06 12:20:42','2016-07-06 12:20:42'),(168,'PY9qT5FtqHY',23,5,'2016-07-06 12:21:46','2016-07-06 12:21:46'),(169,'UNOLELxhYQg',23,11,'2016-07-06 12:22:27','2016-07-06 12:22:27'),(170,'vk2bq8tPe9g',23,1,'2016-07-06 12:22:51','2016-07-06 12:22:51'),(171,'jmBDn9WyRKc',23,5,'2016-07-06 12:23:32','2016-07-06 12:23:32'),(172,'fUbFZkfjpfQ',23,1,'2016-07-06 12:23:54','2016-07-06 12:23:54'),(173,'fUbFZkfjpfQ',23,5,'2016-07-06 12:24:04','2016-07-06 12:24:04'),(174,'fTs3gXDsWEU',23,1,'2016-07-06 12:24:30','2016-07-06 12:24:30'),(175,'LcWXIbcCxEQ',23,5,'2016-07-06 12:25:41','2016-07-06 12:25:41'),(176,'g5r6W3v54Js',23,11,'2016-07-06 12:26:04','2016-07-06 12:26:04'),(177,'mq9PU2XY3bQ',23,5,'2016-07-06 12:26:57','2016-07-06 12:26:57'),(178,'suIwWlyeEC4',23,1,'2016-07-06 12:27:33','2016-07-06 12:27:33'),(179,'sVMj0sMfA2c',23,11,'2016-07-06 12:28:03','2016-07-06 12:28:03'),(180,'NukkrzLgRjY',23,5,'2016-07-06 12:29:12','2016-07-06 12:29:12'),(181,'eyNqLvdZY-8',23,1,'2016-07-06 12:29:42','2016-07-06 12:29:42'),(182,'cjQ2eORmIUo',23,11,'2016-07-06 12:30:08','2016-07-06 12:30:08'),(183,'kl4SC2DGud4',23,9,'2016-07-06 12:30:44','2016-07-06 12:30:44'),(184,'pPscQ92DM8M',23,1,'2016-07-06 12:31:03','2016-07-06 12:31:03'),(185,'yZKzGehDxmo',23,5,'2016-07-06 12:31:38','2016-07-06 12:31:38'),(186,'WccI5RAdzek',23,5,'2016-07-06 12:32:23','2016-07-06 12:32:23'),(187,'7_LUXNtGRdE',23,1,'2016-07-06 12:32:52','2016-07-06 12:32:52'),(188,'qkgJ85oCodU',23,5,'2016-07-06 12:33:43','2016-07-06 12:33:43'),(189,'qkgJ85oCodU',23,7,'2016-07-06 12:33:50','2016-07-06 12:33:50'),(190,'iyRqY2775cA',23,1,'2016-07-06 12:34:32','2016-07-06 12:34:32'),(191,'UB1oZZ6aaAU',23,1,'2016-07-06 12:35:04','2016-07-06 12:35:04'),(192,'HOXXDj4OzDI',23,1,'2016-07-06 12:35:38','2016-07-06 12:35:38'),(193,'sWvuAO_LHiw',23,5,'2016-07-06 12:36:36','2016-07-06 12:36:36'),(194,'J5CyzT7HUz4',23,11,'2016-07-06 12:37:27','2016-07-06 12:37:27'),(195,'N30PVsHHc4U',23,1,'2016-07-06 12:37:54','2016-07-06 12:37:54'),(196,'M8nu4gkOlbI',23,5,'2016-07-06 12:38:15','2016-07-06 12:38:15'),(197,'2G3KsrvDPKQ',23,1,'2016-07-06 12:38:48','2016-07-06 12:38:48'),(198,'8IJVS7pVWg8',23,5,'2016-07-06 12:39:19','2016-07-06 12:39:19'),(199,'2nx81srj44c',23,1,'2016-07-06 12:39:39','2016-07-06 12:39:39'),(200,'xXIm6ba1oxE',23,5,'2016-07-06 12:39:57','2016-07-06 12:39:57'),(201,'fs1vP01vGeY',23,1,'2016-07-06 12:41:36','2016-07-06 12:41:36'),(202,'aQ0VdvWdKsk',23,1,'2016-07-06 12:42:19','2016-07-06 12:42:19'),(203,'csSLXUP9xk0',23,11,'2016-07-06 12:42:56','2016-07-06 12:42:56'),(204,'g3nZrrg_ulE',23,1,'2016-07-06 12:43:33','2016-07-06 12:43:33'),(205,'qcprnxnkBcs',23,5,'2016-07-06 12:44:03','2016-07-06 12:44:03'),(206,'6622p95gpNA',23,5,'2016-07-06 12:44:38','2016-07-06 12:44:38'),(207,'16VVZB0bnnE',23,5,'2016-07-06 12:45:12','2016-07-06 12:45:12'),(208,'WVk70BIfxaQ',23,1,'2016-07-06 12:46:49','2016-07-06 12:46:49'),(209,'fI3av1fRiYE',23,1,'2016-07-06 12:47:09','2016-07-06 12:47:09'),(210,'nCOoxRs9IOQ',23,1,'2016-07-06 12:47:54','2016-07-06 12:47:54'),(211,'bb_qJ33fmL4',23,11,'2016-07-06 12:48:23','2016-07-06 12:48:23'),(212,'EKSd6xUNPU4',23,1,'2016-07-06 12:49:01','2016-07-06 12:49:01'),(213,'5kTbT9m9LNo',23,11,'2016-07-06 12:49:30','2016-07-06 12:49:30'),(214,'qngpExBNLCE',23,1,'2016-07-06 12:49:52','2016-07-06 12:49:52'),(215,'G4FUjD_N8YU',23,11,'2016-07-06 12:50:17','2016-07-06 12:50:17'),(216,'GAwHAstt3lE',23,11,'2016-07-06 12:50:50','2016-07-06 12:50:50'),(217,'viEz9OkWdk8',23,11,'2016-07-06 14:09:14','2016-07-06 14:09:14'),(218,'Mma_aps8Cik',23,1,'2016-07-06 14:09:51','2016-07-06 14:09:51'),(219,'zo3pwwZCEcg',23,1,'2016-07-06 14:13:57','2016-07-06 14:13:57'),(220,'_5k_4Rkk6Do',23,1,'2016-07-06 14:14:46','2016-07-06 14:14:46'),(221,'85_I2yVcbhU',23,11,'2016-07-06 14:15:11','2016-07-06 14:15:11'),(222,'ihCRNP9y9lg',23,1,'2016-07-06 14:17:01','2016-07-06 14:17:01'),(223,'svEYFvGOF3U',23,1,'2016-07-06 14:19:58','2016-07-06 14:19:58'),(224,'p7LcjQcAWtg',23,11,'2016-07-06 14:20:44','2016-07-06 14:20:44'),(225,'yJptus8dsKY',23,7,'2016-07-06 14:21:13','2016-07-06 14:21:13'),(226,'yJptus8dsKY',23,11,'2016-07-06 14:21:20','2016-07-06 14:21:20'),(227,'Galpr9dwJuk',23,1,'2016-07-06 14:21:55','2016-07-06 14:21:55'),(228,'Galpr9dwJuk',23,1,'2016-07-06 14:21:56','2016-07-06 14:21:56'),(229,'fEsyBaG-uNw',23,11,'2016-07-06 14:24:15','2016-07-06 14:24:15'),(230,'fEsyBaG-uNw',23,9,'2016-07-06 14:24:25','2016-07-06 14:24:25'),(231,'fEsyBaG-uNw',23,10,'2016-07-06 14:24:33','2016-07-06 14:24:33'),(232,'Co0TmFvqxvY',23,11,'2016-07-06 14:26:14','2016-07-06 14:26:14'),(233,'lg57i_222zg',23,11,'2016-07-06 14:28:28','2016-07-06 14:28:28'),(234,'kl-0ABda1aA',23,1,'2016-07-06 14:29:27','2016-07-06 14:29:27'),(235,'z__B_djrJc4',23,11,'2016-07-06 14:30:13','2016-07-06 14:30:13'),(236,'5kfEOVCxikc',23,11,'2016-07-06 14:30:38','2016-07-06 14:30:38'),(237,'B7KK4DGnxyA',23,11,'2016-07-06 14:31:27','2016-07-06 14:31:27'),(238,'ogD3hP8e6TU',23,11,'2016-07-06 14:33:04','2016-07-06 14:33:04'),(239,'jG_khMzhAGc',23,11,'2016-07-06 14:34:07','2016-07-06 14:34:07'),(240,'cjXr122Rxg4',23,1,'2016-07-06 14:34:54','2016-07-06 14:34:54'),(241,'h-LH9rsnsz4',23,11,'2016-07-06 14:35:34','2016-07-06 14:35:34'),(242,'w8e_e6FMRmk',23,11,'2016-07-06 14:35:58','2016-07-06 14:35:58'),(243,'DqS1HZcVxps',23,11,'2016-07-06 14:38:20','2016-07-06 14:38:20'),(244,'FngB6Em17Zk',23,1,'2016-07-06 14:38:39','2016-07-06 14:38:39'),(245,'UUzuLx_LLgk',23,1,'2016-07-06 14:39:08','2016-07-06 14:39:08'),(246,'6c_X3wyarLo',23,1,'2016-07-06 14:39:42','2016-07-06 14:39:42'),(247,'OS15080xVmY',23,11,'2016-07-06 14:40:32','2016-07-06 14:40:32'),(248,'0j8D0fZyiiQ',23,11,'2016-07-06 14:46:16','2016-07-06 14:46:16'),(249,'HQDWOrkPC6g',23,11,'2016-07-06 14:48:11','2016-07-06 14:48:11'),(250,'taLrAdk1rKM',23,11,'2016-07-06 14:51:46','2016-07-06 14:51:46'),(251,'XHHh6mYrYNI',23,11,'2016-07-06 14:53:32','2016-07-06 14:53:32'),(252,'2F1G2r59oZk',23,11,'2016-07-06 14:53:57','2016-07-06 14:53:57'),(253,'DbpfjUyk_jw',23,11,'2016-07-06 14:54:23','2016-07-06 14:54:23'),(254,'P8dZLHQorjQ',23,11,'2016-07-06 14:55:07','2016-07-06 14:55:07'),(255,'ONNFHTOueXo',23,11,'2016-07-06 14:55:37','2016-07-06 14:55:37'),(256,'Mnrxf2nz-Hk',23,11,'2016-07-06 14:56:04','2016-07-06 14:56:04'),(257,'ri35YKhV-ME',23,7,'2016-07-06 14:57:07','2016-07-06 14:57:07'),(258,'ri35YKhV-ME',23,9,'2016-07-06 14:57:16','2016-07-06 14:57:16'),(259,'ri35YKhV-ME',23,11,'2016-07-06 14:57:25','2016-07-06 14:57:25'),(260,'aB8VTpTQ6zk',23,11,'2016-07-06 14:58:43','2016-07-06 14:58:43'),(261,'RIYejS2ujjo',23,11,'2016-07-06 14:59:07','2016-07-06 14:59:07'),(262,'BUfxw97avEU',23,11,'2016-07-06 15:03:56','2016-07-06 15:03:56'),(263,'iTO-XrNnbkk',23,11,'2016-07-06 15:04:39','2016-07-06 15:04:39'),(264,'kPfJMaFlmhY',23,11,'2016-07-06 15:05:26','2016-07-06 15:05:26'),(265,'kPfJMaFlmhY',23,7,'2016-07-06 15:05:39','2016-07-06 15:05:39'),(266,'0cHzwWzOs5A',23,11,'2016-07-06 15:06:15','2016-07-06 15:06:15'),(267,'9MkWWrlx8qM',23,11,'2016-07-06 15:06:38','2016-07-06 15:06:38'),(268,'DcoBmvRTEZ4',23,11,'2016-07-06 15:07:08','2016-07-06 15:07:08'),(269,'FS14OUzjLTk',23,11,'2016-07-06 15:07:43','2016-07-06 15:07:43'),(270,'ZDlXM8anXtE',23,11,'2016-07-06 15:08:06','2016-07-06 15:08:06'),(271,'SnXkhkEvNIM',23,11,'2016-07-06 15:08:32','2016-07-06 15:08:32'),(272,'IeJTNN8_jLI',23,11,'2016-07-06 15:08:57','2016-07-06 15:08:57'),(273,'pOby4b4O8gE',23,9,'2016-07-06 15:10:07','2016-07-06 15:10:07'),(274,'HoUM-XxOm6I',23,11,'2016-07-06 15:10:41','2016-07-06 15:10:41'),(275,'8dJVuB5qBVU',23,11,'2016-07-06 15:11:15','2016-07-06 15:11:15'),(276,'kuQO-48SXOg',23,11,'2016-07-06 15:11:59','2016-07-06 15:11:59'),(277,'XwW5_MFzC6A',23,11,'2016-07-06 15:28:09','2016-07-06 15:28:09'),(278,'56uwv-goo-E',23,11,'2016-07-06 15:29:20','2016-07-06 15:29:20'),(279,'4Gc3vF6FX_o',23,11,'2016-07-06 15:29:47','2016-07-06 15:29:47'),(280,'PSKqDaWYa9I',23,8,'2016-07-06 15:33:04','2016-07-06 15:33:04'),(281,'cSBSyoTyli0',23,11,'2016-07-06 15:33:51','2016-07-06 15:33:51'),(282,'yVGC5KMKgqw',23,11,'2016-07-06 15:34:26','2016-07-06 15:34:26'),(283,'7L8jGxljy04',23,11,'2016-07-06 15:38:09','2016-07-06 15:38:09'),(284,'mxi8SmFys2U',23,11,'2016-07-06 15:38:54','2016-07-06 15:38:54'),(285,'lzk4efmFQW4',23,11,'2016-07-06 15:39:17','2016-07-06 15:39:17'),(286,'-3xGyRiepe0',23,11,'2016-07-06 15:42:20','2016-07-06 15:42:20'),(287,'-3xGyRiepe0',23,7,'2016-07-06 15:42:29','2016-07-06 15:42:29'),(288,'-3xGyRiepe0',23,9,'2016-07-06 15:42:38','2016-07-06 15:42:38'),(289,'jPClvL9a03M',23,11,'2016-07-06 15:44:25','2016-07-06 15:44:25'),(290,'UJHeo4HI8zQ',23,11,'2016-07-06 15:44:46','2016-07-06 15:44:46'),(291,'6E9Vr5SwsdY',23,11,'2016-07-06 15:45:12','2016-07-06 15:45:12'),(292,'nZuKRhQMeSI',23,9,'2016-07-06 15:45:32','2016-07-06 15:45:32'),(293,'YGGc9PUOhhQ',23,11,'2016-07-06 15:46:15','2016-07-06 15:46:15'),(294,'MuJHpjhFRAE',23,11,'2016-07-06 15:46:41','2016-07-06 15:46:41'),(295,'ACTpRkbcqMk',23,11,'2016-07-06 15:47:14','2016-07-06 15:47:14'),(296,'5Q1DrlTIAZo',23,11,'2016-07-06 15:47:40','2016-07-06 15:47:40'),(297,'IKIus-hfSRY',23,11,'2016-07-06 15:48:09','2016-07-06 15:48:09'),(298,'5pZ8-SLtyzE',23,11,'2016-07-06 15:48:35','2016-07-06 15:48:35'),(299,'arC9vRxCAuE',23,11,'2016-07-06 15:49:05','2016-07-06 15:49:05'),(300,'-lfWAylktfw',23,11,'2016-07-06 15:50:06','2016-07-06 15:50:06'),(301,'4NsQtYEQf4E',23,9,'2016-07-06 15:50:27','2016-07-06 15:50:27'),(302,'C6xMKvMyngs',23,11,'2016-07-06 15:50:52','2016-07-06 15:50:52'),(303,'gS1QhVpSEds',23,11,'2016-07-06 15:51:27','2016-07-06 15:51:27'),(304,'yQgZCLGk050',23,11,'2016-07-06 15:51:52','2016-07-06 15:51:52'),(305,'AwC5k3hpuGY',23,11,'2016-07-06 15:52:18','2016-07-06 15:52:18'),(306,'zaKqtd4ZwsY',23,11,'2016-07-06 15:53:12','2016-07-06 15:53:12'),(307,'kUjpX8ZI6rw',23,9,'2016-07-06 15:54:03','2016-07-06 15:54:03'),(308,'F89vTGtrelQ',23,11,'2016-07-06 15:54:53','2016-07-06 15:54:53'),(309,'GXQj3f9HSdI',23,11,'2016-07-06 15:55:11','2016-07-06 15:55:11'),(310,'docM0c2goms',23,11,'2016-07-06 15:55:30','2016-07-06 15:55:30'),(311,'Txpv33zgC7Q',23,11,'2016-07-06 15:55:55','2016-07-06 15:55:55'),(312,'bhjCc-gKVvQ',23,11,'2016-07-06 15:56:19','2016-07-06 15:56:19'),(313,'OYLcflSsOf4',23,10,'2016-07-06 15:56:42','2016-07-06 15:56:42'),(314,'7m3s71jKSkc',23,11,'2016-07-06 15:57:13','2016-07-06 15:57:13'),(315,'S9olG0marBg',23,11,'2016-07-06 15:57:39','2016-07-06 15:57:39'),(316,'vWMxlqCN29A',23,11,'2016-07-06 15:58:11','2016-07-06 15:58:11'),(317,'_xQnNAEJTzU',23,11,'2016-07-06 15:58:47','2016-07-06 15:58:47'),(318,'_oi5EvPTzZQ',23,11,'2016-07-06 15:59:49','2016-07-06 15:59:49'),(319,'__ZMWE2oMI0',23,11,'2016-08-14 05:57:09','2016-08-14 05:57:09'),(320,'S1aBMas4Jnw',23,11,'2016-08-14 05:57:44','2016-08-14 05:57:44'),(321,'G8Fyn-2A3J4',23,11,'2016-08-14 05:59:02','2016-08-14 05:59:02'),(322,'KXnZfC7A5FM',23,11,'2016-08-28 11:12:39','2016-08-28 11:12:39'),(323,'82Y_lc-dxvU',23,11,'2016-09-14 10:36:46','2016-09-14 10:36:46'),(324,'J7zcelSTNHg',23,11,'2016-09-14 10:45:29','2016-09-14 10:45:29'),(325,'H8EFIge77XY',23,11,'2016-10-01 05:54:54','2016-10-01 05:54:54'),(326,'VsXnhjCfCoE',23,11,'2016-11-24 11:02:13','2016-11-24 11:02:13'),(327,'UBc4d0xMRDo',23,11,'2016-11-24 11:06:57','2016-11-24 11:06:57'),(328,'bwVkn8Z0YHk',23,11,'2016-12-15 14:28:32','2016-12-15 14:28:32'),(329,'3Tqtpw7C4r8',23,6,'2016-12-15 14:34:35','2016-12-15 14:34:35'),(330,'7oXOV0wAk7Y',23,11,'2017-01-30 11:28:34','2017-01-30 11:28:34'),(331,'CTFojUn0u9w',23,11,'2017-03-04 07:02:19','2017-03-04 07:02:19'),(332,'suTEAtURsag',23,8,'2017-03-19 14:53:38','2017-03-19 14:53:38'),(333,'8lTHyd96aPM',23,11,'2017-03-19 14:57:10','2017-03-19 14:57:10'),(334,'ODEb7JY4WDo',23,11,'2017-03-20 01:42:13','2017-03-20 01:42:13'),(335,'5DhZzJv-_eg',23,11,'2017-04-29 04:21:58','2017-04-29 04:21:58'),(336,'ZnGymLjQXLc',23,11,'2017-04-29 04:44:57','2017-04-29 04:44:57'),(337,'rjxmDJLAkaM',23,11,'2017-06-06 13:05:14','2017-06-06 13:05:14'),(338,'GbnCm6jy1wo',23,11,'2017-06-06 13:20:00','2017-06-06 13:20:00'),(339,'a5IzdMcC9uw',23,11,'2017-09-16 10:13:04','2017-09-16 10:13:04'),(340,'TWht6nrQuJw',23,11,'2017-09-16 10:45:20','2017-09-16 10:45:20'),(341,'LswZYhaOagY',23,11,'2017-09-16 10:46:53','2017-09-16 10:46:53'),(342,'dJ-Px0dZH8A',23,11,'2017-10-05 10:34:57','2017-10-05 10:34:57'),(343,'J7bOzCjYzbY',23,11,'2017-10-05 10:46:00','2017-10-05 10:46:00'),(344,'gYUE_Zu6leg',23,7,'2017-10-05 10:51:02','2017-10-05 10:51:02'),(345,'iFK3BTHRG_M',5,6,'2017-10-28 10:20:18','2017-10-28 10:20:18'),(346,'iFK3BTHRG_M',23,11,'2017-10-28 10:20:28','2017-10-28 10:20:28'),(347,'qq1Jwfa6mgo',23,11,'2017-10-28 10:21:15','2017-10-28 10:21:15'),(348,'WSVpM0UrQaQ',30,6,'2017-10-28 10:25:00','2017-10-28 10:25:00'),(349,'VVn-n2ROQXg',31,7,'2017-10-28 10:43:25','2017-10-28 10:43:25'),(350,'6HbdJMto_rg',23,11,'2017-11-17 12:52:01','2017-11-17 12:52:01'),(351,'6HbdJMto_rg',13,7,'2017-11-17 12:53:04','2017-11-17 12:53:04'),(352,'V1AjaoTspbU',23,11,'2017-11-17 13:10:52','2017-11-17 13:10:52'),(353,'VEqmEzRzArw',23,11,'2017-11-17 13:29:19','2017-11-17 13:29:19'),(375,'YC4OsRtCBQs',23,11,'2021-07-04 00:50:09','2021-07-04 00:50:09'),(376,'a28GXKGHgrE',23,11,'2021-07-05 10:30:15','2021-07-05 10:30:15'),(377,'a28GXKGHgrE',23,10,'2021-07-05 10:30:15','2021-07-05 10:30:15'),(378,'a28GXKGHgrE',63,10,'2021-07-05 10:30:15','2021-07-05 10:30:15'),(379,'ioEe7YS1aFI',2,10,'2021-07-05 10:32:13','2021-07-05 10:32:13'),(380,'ioEe7YS1aFI',11,10,'2021-07-05 10:32:14','2021-07-05 10:32:14'),(381,'ioEe7YS1aFI',23,11,'2021-07-05 10:32:14','2021-07-05 10:32:14'),(382,'KpX4Ko-5cEA',21,12,'2021-07-05 10:34:57','2021-07-05 10:34:57'),(383,'KpX4Ko-5cEA',23,11,'2021-07-05 10:34:57','2021-07-05 10:34:57'),(384,'KpX4Ko-5cEA',62,8,'2021-07-05 10:34:58','2021-07-05 10:34:58'),(385,'KpX4Ko-5cEA',11,12,'2021-07-05 10:34:58','2021-07-05 10:34:58'),(386,'TkgrbHVUkpc',23,11,'2021-07-05 10:35:37','2021-07-05 10:35:37'),(387,'VZc9nZUbrOk',11,10,'2021-07-05 10:40:10','2021-07-05 10:40:10'),(388,'VZc9nZUbrOk',23,11,'2021-07-05 10:40:10','2021-07-05 10:40:10'),(389,'wG2XgJnk2t8',6,12,'2021-07-05 10:45:53','2021-07-05 10:45:53'),(390,'wG2XgJnk2t8',23,11,'2021-07-05 10:45:53','2021-07-05 10:45:53'),(391,'wG2XgJnk2t8',25,10,'2021-07-05 10:45:53','2021-07-05 10:45:53'),(392,'wG2XgJnk2t8',10,8,'2021-07-05 10:45:53','2021-07-05 10:45:53'),(393,'wG2XgJnk2t8',10,10,'2021-07-05 10:45:54','2021-07-05 10:45:54'),(394,'wG2XgJnk2t8',10,11,'2021-07-05 10:45:54','2021-07-05 10:45:54'),(395,'wG2XgJnk2t8',10,12,'2021-07-05 10:45:54','2021-07-05 10:45:54'),(396,'wG2XgJnk2t8',64,8,'2021-07-05 10:45:54','2021-07-05 10:45:54'),(397,'wG2XgJnk2t8',64,10,'2021-07-05 10:45:54','2021-07-05 10:45:54'),(398,'wG2XgJnk2t8',64,11,'2021-07-05 10:45:55','2021-07-05 10:45:55'),(399,'wG2XgJnk2t8',64,12,'2021-07-05 10:45:55','2021-07-05 10:45:55'),(400,'77Cg7oowEhs',17,10,'2021-07-05 10:47:54','2021-07-05 10:47:54'),(401,'77Cg7oowEhs',25,11,'2021-07-05 10:47:55','2021-07-05 10:47:55'),(402,'77Cg7oowEhs',23,11,'2021-07-05 10:47:55','2021-07-05 10:47:55'),(403,'77Cg7oowEhs',64,8,'2021-07-05 10:47:55','2021-07-05 10:47:55'),(404,'77Cg7oowEhs',64,10,'2021-07-05 10:47:55','2021-07-05 10:47:55'),(405,'77Cg7oowEhs',64,11,'2021-07-05 10:47:55','2021-07-05 10:47:55'),(406,'77Cg7oowEhs',64,12,'2021-07-05 10:47:56','2021-07-05 10:47:56'),(407,'tfIHfI4Pgec',32,11,'2021-07-05 10:51:07','2021-07-05 10:51:07'),(408,'tfIHfI4Pgec',20,12,'2021-07-05 10:51:07','2021-07-05 10:51:07'),(409,'tfIHfI4Pgec',23,11,'2021-07-05 10:51:07','2021-07-05 10:51:07'),(410,'tfIHfI4Pgec',65,11,'2021-07-05 10:51:07','2021-07-05 10:51:07'),(411,'tfIHfI4Pgec',10,8,'2021-07-05 10:51:08','2021-07-05 10:51:08'),(412,'tfIHfI4Pgec',10,12,'2021-07-05 10:51:08','2021-07-05 10:51:08');
/*!40000 ALTER TABLE `musical_instrument_players` ENABLE KEYS */;
UNLOCK TABLES;

--
-- Table structure for table `musical_instruments`
--

DROP TABLE IF EXISTS `musical_instruments`;
/*!40101 SET @saved_cs_client     = @@character_set_client */;
/*!40101 SET character_set_client = utf8 */;
CREATE TABLE `musical_instruments` (
  `id` int(11) NOT NULL AUTO_INCREMENT,
  `name` varchar(255) COLLATE utf8_unicode_ci DEFAULT NULL,
  `description` varchar(255) COLLATE utf8_unicode_ci DEFAULT NULL,
  `created_at` datetime NOT NULL,
  `updated_at` datetime NOT NULL,
  PRIMARY KEY (`id`)
) ENGINE=InnoDB AUTO_INCREMENT=66 DEFAULT CHARSET=utf8 COLLATE=utf8_unicode_ci;
/*!40101 SET character_set_client = @saved_cs_client */;

--
-- Dumping data for table `musical_instruments`
--

LOCK TABLES `musical_instruments` WRITE;
/*!40000 ALTER TABLE `musical_instruments` DISABLE KEYS */;
INSERT INTO `musical_instruments` VALUES (2,'ループステーション','','2015-03-06 09:27:34','2015-03-06 09:27:34'),(3,'KAOSS PAD','タッチ・パッドによる直感的なインターフェイスで音を出すエフェクター','2015-03-10 13:26:22','2015-03-10 13:26:22'),(4,'Musical Washboard','金属製洗濯板で叩いて音を出すパーカッション','2015-03-10 14:12:56','2015-03-10 14:12:56'),(5,'フィドル','弓を用いて演奏する擦弦楽器で単体で登場するヴァイオリンのことを指す','2015-03-10 14:16:42','2015-03-10 14:16:42'),(6,'バンジョー','アメリカにおいてアフリカのいくつかの楽器の特徴を取り入れて生み出した撥弦楽器','2015-03-10 14:18:38','2015-03-10 14:18:38'),(8,'マンドリン','イタリア発祥の撥弦楽器','2015-03-10 14:36:38','2015-03-10 14:36:38'),(9,'フィンガースナップ(指ぱっちん)','指を鳴らす動作','2015-03-12 11:15:55','2015-03-12 11:15:55'),(10,'手拍子','','2015-03-12 11:18:57','2015-03-12 11:18:57'),(11,'ドラム(ドラムセットの一部使用含む)','','2015-03-12 11:26:54','2015-03-12 11:26:54'),(12,'カホン','ペルー発祥の打楽器(体鳴楽器)の一種で、カホーンとも発音される','2015-03-12 11:42:53','2015-03-12 11:42:53'),(13,'カホニート','持ち運びに便利な小型のカホン','2015-03-20 11:08:47','2015-03-20 11:08:47'),(14,'サンプラー(MPC)','AkaiのMPC STUDやRoland SP-404SX','2015-03-28 11:41:40','2021-06-16 14:33:30'),(15,'アコースティックベース','','2015-04-18 09:52:15','2015-04-18 09:52:15'),(16,'ボイスエフェクター','','2015-05-06 08:17:50','2015-05-06 08:17:50'),(17,'ウェーブ・ドラム','','2015-06-27 09:58:38','2015-06-27 09:58:38'),(18,'ウクレレ','','2015-08-23 05:17:05','2015-08-23 05:17:05'),(19,'ボイスパーカッション','','2016-03-13 17:34:57','2016-03-13 17:34:57'),(20,'ストンプボックス','木の箱で、\r\n中にピックアップ用のマイクが入っていて、\r\n木を足で踏んだ音をマイクで拾って増幅する','2016-05-23 13:46:54','2016-05-23 13:46:54'),(21,'ボンゴ','深さが同じで口径の異なる大小2つの片面太鼓をつなぎ合わせた打楽器（膜鳴楽器）','2016-05-23 13:55:36','2016-05-23 13:55:36'),(23,'キーボード','','2016-07-02 14:34:24','2016-07-02 15:31:41'),(24,'トランペット','','2016-07-02 15:32:51','2016-07-02 15:32:51'),(25,'鍵盤ハーモニカ','','2016-11-24 10:43:56','2016-11-24 10:43:56'),(26,'カバサ','','2017-02-24 13:37:58','2017-02-24 13:37:58'),(27,'スティールパン','','2017-02-25 11:24:04','2017-02-25 11:24:04'),(28,'エレキドラム','','2017-03-19 14:52:29','2017-03-19 14:52:29'),(29,'ブズーキ','アイリッシュ・ブズーキ','2017-06-06 12:54:18','2017-06-06 12:54:18'),(30,'三線','沖縄','2017-10-28 10:24:37','2017-10-28 10:24:37'),(31,'メロディハープ','ハープ','2017-10-28 10:42:45','2019-04-07 04:25:39'),(32,'メタルフォン','赤い鉄琴','2019-03-24 06:47:49','2019-03-24 06:47:49'),(33,'メトロノーム','','2019-04-13 04:28:32','2019-04-13 04:28:32'),(61,'シロフォン','オドループのやつ','2019-04-21 09:38:47','2019-04-21 09:38:47'),(62,'ハーモニカ','undefined','2021-06-06 12:55:14','2021-06-06 12:55:14'),(63,'鉄琴','undefined','2021-06-06 12:56:25','2021-06-06 12:56:25'),(64,'楽器じゃないものたち','undefined','2021-06-11 14:33:55','2021-06-11 14:33:55'),(65,'シンセサイザー','不協和音やRoute 246で使っているKorgの機器','2021-06-16 14:14:50','2021-06-16 14:23:34');
/*!40000 ALTER TABLE `musical_instruments` ENABLE KEYS */;
UNLOCK TABLES;

--
-- Table structure for table `musical_instruments_youtubes`
--

DROP TABLE IF EXISTS `musical_instruments_youtubes`;
/*!40101 SET @saved_cs_client     = @@character_set_client */;
/*!40101 SET character_set_client = utf8 */;
CREATE TABLE `musical_instruments_youtubes` (
  `youtube_id` varchar(255) COLLATE utf8_unicode_ci NOT NULL,
  `musical_instrument_id` int(11) NOT NULL,
  KEY `index_musical_instruments_youtubes_on_youtube_id` (`youtube_id`),
  KEY `index_musical_instruments_youtubes_on_musical_instrument_id` (`musical_instrument_id`)
) ENGINE=InnoDB DEFAULT CHARSET=utf8 COLLATE=utf8_unicode_ci;
/*!40101 SET character_set_client = @saved_cs_client */;

--
-- Dumping data for table `musical_instruments_youtubes`
--

LOCK TABLES `musical_instruments_youtubes` WRITE;
/*!40000 ALTER TABLE `musical_instruments_youtubes` DISABLE KEYS */;
INSERT INTO `musical_instruments_youtubes` VALUES ('HoUM-XxOm6I',2),('x4ivn9pq7Gs',2),('OS15080xVmY',2),('_5k_4Rkk6Do',2),('BnGao9iV9N4',3),('RIYejS2ujjo',4),('9MkWWrlx8qM',5),('79q3h1X-Asw',5),('A-BwQe8T23I',6),('tOQ7a7HiHCY',5),('rS87DCftyao',8),('s_u0o3uczEc',8),('cjXr122Rxg4',5),('z__B_djrJc4',5),('QzfC0_A73Hg',4),('H8TAOHLLT0w',8),('G4FUjD_N8YU',6),('jnGrjfh9gHE',6),('s5WnkWu-_HE',6),('J5urSMpUFMc',8),('3Rsf_Tahgk4',8),('se36IdE1_Nw',6),('UyJ8Qbh_LH0',10),('ZV2jhl2OWMo',9),('svEYFvGOF3U',10),('Q54jE2K_OQ0',11),('svEYFvGOF3U',11),('Co0TmFvqxvY',10),('Co0TmFvqxvY',11),('ONNFHTOueXo',10),('ONNFHTOueXo',12),('ONNFHTOueXo',11),('0SSlJymmLMc',10),('jKNbfiPczqo',10),('B4F-sweNJoQ',10),('8dJVuB5qBVU',12),('Mdo3uvX-yog',12),('Mdo3uvX-yog',11),('EiCWuUGUNmE',2),('fEsyBaG-uNw',11),('0j8D0fZyiiQ',11),('6c_X3wyarLo',12),('yJptus8dsKY',11),('HRn2OIFs8DA',11),('xXIm6ba1oxE',12),('s6CLngcj6Z8',12),('NukkrzLgRjY',12),('EkT7tnpipPM',12),('He79ZLV0x-0',10),('jmBDn9WyRKc',9),('jfIeFt4Wou0',9),('PJ7xVKz8I6w',9),('EGqZM0sHBuY',9),('oSL2nCSD17g',9),('6e3KeO4ICKI',9),('ghOsH6uY8oA',10),('pp7ZiCKN3IQ',12),('pp7ZiCKN3IQ',10),('GyFtL4hmoN0',10),('0SSlJymmLMc',9),('Tv5WMoPDUwo',10),('K-ZS2MFQy1o',10),('taLrAdk1rKM',13),('Q3sTM6AIf-A',13),('0iNlmysyP5A',12),('EKSd6xUNPU4',11),('UpqC6wYC14U',2),('mxi8SmFys2U',15),('YbYH47XuOq0',16),('YbYH47XuOq0',2),('whtiSq7k0Lg',17),('jPClvL9a03M',17),('KqBZIxoe7OI',11),('kxWHb0pUigg',17),('oC66717nuRY',18),('7L8jGxljy04',4),('JRUrWXO3I8s',18),('HoUM-XxOm6I',11),('Lgx0qoLGZzY',11),('1b-1LsKuroY',18),('b9lwmxbis8M',12),('s_8NZ8rn_Us',12),('s_8NZ8rn_Us',8),('C6xMKvMyngs',10),('buA3V0f-GEI',5),('tjSS4XIJg_M',5),('iciSfjGR2dk',2),('iciSfjGR2dk',11),('eP8uggsdhkU',6),('eP8uggsdhkU',11),('docM0c2goms',11),('Inrueu-anKA',12),('JFfWmMcOU5Q',9),('ZUTqVx49NAQ',19),('UpqC6wYC14U',19),('OkPoqIcWxEI',19),('ogD3hP8e6TU',19),('TsKs0oGhTWo',19),('qccq1cc9xZE',19),('Fp-d16pWIkA',2),('uKqydUNfi80',12),('oC66717nuRY',20),('nHelkaQVoSA',20),('Fabi5cq2Vwk',10),('H-Wut0BVQ_U',23),('lkLro07kYtA',23),('6_unu2fNi4s',23),('0LpfTphAfMI',23),('7FtoNUdkfNc',23),('Qa9XAmLO8l4',23),('_BVEt3xtYos',23),('WcOUxyhDVSY',23),('hYmy7szIuIw',23),('yTzc2VnjkQw',12),('g7PEIiD8V9Y',23),('vqV6y8nH4R8',23),('pp7ZiCKN3IQ',23),('uhEM8oALyII',23),('Axl7VT0y63s',23),('GGeRq0fE5oE',23),('rWHbK8dq1gU',23),('pwMHH4fTLxE',23),('hfVELQk27W4',24),('lotrw32qs38',23),('9OaZs3cKoTk',23),('9OaZs3cKoTk',10),('Rx2Pk1AE4Fg',23),('WD00QxwBTSY',23),('juVGd6ZApWU',23),('YEz3J4Ukmtk',23),('Tv5WMoPDUwo',23),('4ckzJS0R3Zg',23),('ls9VW2oJhoE',23),('zWXFyRHolHA',23),('KFivNGXdl34',23),('hd41RDP2JDU',23),('K-ZS2MFQy1o',23),('3trYIk73p0k',23),('MIxeuUIeF3U',23),('Xv4nXYbQQ34',23),('o7V9T5YuUO4',23),('se36IdE1_Nw',23),('7u7tZSye8GQ',23),('JFfWmMcOU5Q',23),('FREAPyuceuM',23),('1xBjwzIF_e4',23),('85nir6cByKk',23),('ojFz98v3BHM',23),('Z5PM0FhFkoQ',23),('aBO3dePaUYw',23),('cP6x1-YIBmM',23),('dCKMLrTvV04',23),('2Sx4Kwowr7U',23),('VBgzGP0ITUc',23),('7Cp-e70yj6Y',23),('a_-clIaVvko',23),('BvsK5HN3WiU',23),('Qv46dvfWa8Q',23),('KsSFpuToNh8',23),('6Xm8EEJ6rjc',23),('eO35NeuPQqI',23),('CYBl8uNMfKQ',23),('l_t88F98snM',23),('b9lwmxbis8M',23),('wfpPt8z2aEA',23),('XIFkD5J8GjQ',23),('iksQUFp1gDg',23),('tF4s6l_3o7M',23),('Zw100vOIk5c',23),('MFNETL-PbeI',23),('vb5BhEY2Gpw',23),('y03Xkh0mmC0',23),('ysjEib8E_no',23),('GaEQJYgQNi0',23),('41-0qVxPSt0',23),('2sgCzV51tj0',23),('368MlsCI25M',23),('iI74IGxvugQ',23),('gN2OjERZqCQ',23),('3Rsf_Tahgk4',23),('V58EqJxODSo',23),('8yS8GOvKfSs',23),('GazyY-e5Xto',23),('NkIxOZKtOQo',23),('nUxmX76ghUs',23),('emGiPyoAfz8',23),('HpJ93q51YW8',23),('ySC0apNduaQ',23),('GJiARx6l66A',23),('rxbDuc0zhx4',23),('t5m--7k60lE',23),('Kx7cvmpLyiE',23),('_JUOD8LPHLQ',23),('cIDPdhKkfYI',23),('_CddRkYpKtI',23),('bDXjSP_8CAc',23),('6e3KeO4ICKI',23),('RoWuNTc7djY',23),('wFojgCbralk',23),('UhCqdxsgc-M',23),('M_ktlIXJhfc',23),('oSL2nCSD17g',23),('BjBsUko_-X0',23),('uH7xgGKEnz0',23),('MCXSldXbidI',23),('zCtE0PgptNs',23),('pZN0nHB0qRQ',23),('H_o753eDRVQ',23),('DM1iiAkOEK0',23),('y9oJXm3ygOE',23),('V0I8s5qldHo',23),('Xr2JQ3xW-Gc',23),('u1kvlgf-tTM',23),('zvmlcwyHR5Q',23),('3MEPz665D1E',23),('EGqZM0sHBuY',23),('h2IffIvIRm0',23),('ikX_TUSgb-0',23),('qKJhvyAv2fY',23),('nh1w1-QVRT4',23),('MUvXJu4i0a0',23),('1hx1GVFO9Cs',23),('Y3Wiwh3M__g',23),('PSYRdI-13dI',23),('B4F-sweNJoQ',23),('RqHZUWLxMdo',23),('c3PCcMAgIx8',23),('Pj6oFoJktLM',23),('JoaPnfcaM0M',23),('-aFHv3eLq8g',23),('ggBcpLQJb0o',23),('Zjr_-7O43C4',23),('jJjWWRv1FT4',23),('dT-I8vThSuA',23),('rIH4hSA2kLc',23),('LITAGDY95g0',23),('0SSlJymmLMc',23),('NV0YUJ3DBIU',23),('3V3X9alrXTE',23),('2mXPSsoew9k',23),('anYPlVAkPSQ',23),('Ocy2RqL8Ac0',23),('PJ7xVKz8I6w',23),('Wb0FT-6OjUE',23),('6JrNLMLg7RE',23),('KzfvVe2Ph6w',23),('C138QPKNU2U',23),('_KiCtINRalc',23),('F9p9qAmk11c',23),('jfIeFt4Wou0',23),('HJg7WkOHxMs',23),('fa5biSOaFJg',23),('sMCXMH8VAE4',23),('1UVodfF7aZI',23),('keA2A8FCo5w',23),('jZ1GWob9Bxk',23),('e3g1rnkneBE',23),('SMVY1cm3eV8',23),('Z-kO6n23Ydg',23),('tpO0ATpYRw8',23),('He79ZLV0x-0',23),('-87Q50gqRFM',23),('vkpxsCZo2tk',23),('4GYmD7Ogusc',23),('GUIDZik9M_I',23),('4LkmEIdb4Oo',23),('EkT7tnpipPM',23),('PY9qT5FtqHY',23),('vk2bq8tPe9g',23),('jmBDn9WyRKc',23),('fUbFZkfjpfQ',23),('fTs3gXDsWEU',23),('LcWXIbcCxEQ',23),('g5r6W3v54Js',23),('mq9PU2XY3bQ',23),('suIwWlyeEC4',23),('sVMj0sMfA2c',23),('NukkrzLgRjY',23),('cjQ2eORmIUo',23),('kl4SC2DGud4',23),('pPscQ92DM8M',23),('yZKzGehDxmo',23),('7_LUXNtGRdE',23),('qkgJ85oCodU',23),('iyRqY2775cA',23),('HOXXDj4OzDI',23),('sWvuAO_LHiw',23),('J5CyzT7HUz4',23),('N30PVsHHc4U',23),('M8nu4gkOlbI',23),('2G3KsrvDPKQ',23),('8IJVS7pVWg8',23),('2nx81srj44c',23),('xXIm6ba1oxE',23),('fs1vP01vGeY',23),('aQ0VdvWdKsk',23),('csSLXUP9xk0',23),('g3nZrrg_ulE',23),('qcprnxnkBcs',23),('6622p95gpNA',23),('WVk70BIfxaQ',23),('fI3av1fRiYE',23),('bb_qJ33fmL4',23),('EKSd6xUNPU4',23),('5kTbT9m9LNo',23),('qngpExBNLCE',23),('G4FUjD_N8YU',23),('GAwHAstt3lE',23),('viEz9OkWdk8',23),('zo3pwwZCEcg',23),('_5k_4Rkk6Do',23),('ihCRNP9y9lg',23),('svEYFvGOF3U',23),('p7LcjQcAWtg',23),('yJptus8dsKY',23),('Galpr9dwJuk',23),('fEsyBaG-uNw',23),('Co0TmFvqxvY',23),('lg57i_222zg',23),('kl-0ABda1aA',23),('z__B_djrJc4',23),('5kfEOVCxikc',23),('B7KK4DGnxyA',23),('ogD3hP8e6TU',23),('jG_khMzhAGc',23),('cjXr122Rxg4',23),('h-LH9rsnsz4',23),('DqS1HZcVxps',23),('FngB6Em17Zk',23),('UUzuLx_LLgk',23),('6c_X3wyarLo',23),('OS15080xVmY',23),('0j8D0fZyiiQ',23),('HQDWOrkPC6g',23),('taLrAdk1rKM',23),('XHHh6mYrYNI',23),('2F1G2r59oZk',23),('DbpfjUyk_jw',23),('P8dZLHQorjQ',23),('ONNFHTOueXo',23),('Mnrxf2nz-Hk',23),('ri35YKhV-ME',23),('aB8VTpTQ6zk',23),('RIYejS2ujjo',23),('BUfxw97avEU',23),('iTO-XrNnbkk',23),('kPfJMaFlmhY',23),('0cHzwWzOs5A',23),('9MkWWrlx8qM',23),('DcoBmvRTEZ4',23),('FS14OUzjLTk',23),('ZDlXM8anXtE',23),('SnXkhkEvNIM',23),('IeJTNN8_jLI',23),('pOby4b4O8gE',23),('HoUM-XxOm6I',23),('8dJVuB5qBVU',23),('kuQO-48SXOg',23),('XwW5_MFzC6A',23),('56uwv-goo-E',23),('4Gc3vF6FX_o',23),('PSKqDaWYa9I',23),('cSBSyoTyli0',23),('yVGC5KMKgqw',23),('7L8jGxljy04',23),('mxi8SmFys2U',23),('lzk4efmFQW4',23),('jPClvL9a03M',23),('UJHeo4HI8zQ',23),('6E9Vr5SwsdY',23),('nZuKRhQMeSI',23),('YGGc9PUOhhQ',23),('MuJHpjhFRAE',23),('5Q1DrlTIAZo',23),('IKIus-hfSRY',23),('5pZ8-SLtyzE',23),('arC9vRxCAuE',23),('-lfWAylktfw',23),('4NsQtYEQf4E',23),('C6xMKvMyngs',23),('gS1QhVpSEds',23),('AwC5k3hpuGY',23),('eP8uggsdhkU',23),('kUjpX8ZI6rw',23),('F89vTGtrelQ',23),('GXQj3f9HSdI',23),('docM0c2goms',23),('Txpv33zgC7Q',23),('OYLcflSsOf4',23),('S9olG0marBg',23),('vWMxlqCN29A',23),('_xQnNAEJTzU',23),('_oi5EvPTzZQ',23),('Fd2x0o4T0hU',6),('__ZMWE2oMI0',5),('__ZMWE2oMI0',12),('__ZMWE2oMI0',23),('S1aBMas4Jnw',23),('G8Fyn-2A3J4',23),('_oi5EvPTzZQ',10),('3lr2CG1_qFo',20),('82Y_lc-dxvU',23),('J7zcelSTNHg',23),('7hCd4INUNbg',20),('H8EFIge77XY',23),('gmdOd997UWE',5),('gmdOd997UWE',23),('JW0E_SawH2U',10),('_SPRn61EOMA',23),('JW0E_SawH2U',20),('SYXmdZ60LQY',25),('VsXnhjCfCoE',23),('VsXnhjCfCoE',9),('VsXnhjCfCoE',10),('bwVkn8Z0YHk',23),('3Tqtpw7C4r8',23),('iLQUKTaatNk',25),('7oXOV0wAk7Y',23),('3Rw3KiPgQ50',23),('3Rw3KiPgQ50',12),('XpH_xZaBrzQ',12),('taLrAdk1rKM',27),('_5k_4Rkk6Do',26),('CTFojUn0u9w',23),('CTFojUn0u9w',8),('YbYH47XuOq0',14),('FOs04eyWBKQ',14),('JRUrWXO3I8s',14),('JRUrWXO3I8s',3),('Fp-d16pWIkA',14),('suTEAtURsag',28),('suTEAtURsag',23),('8lTHyd96aPM',27),('8lTHyd96aPM',23),('ODEb7JY4WDo',25),('ODEb7JY4WDo',23),('5DhZzJv-_eg',23),('5nnEVC5ZCR8',11),('ZnGymLjQXLc',23),('bxNd3fJRHTs',29),('3Ppe8Xhl8qA',9),('3Ppe8Xhl8qA',20),('IzhKqXo9ZE4',11),('IzhKqXo9ZE4',25),('rjxmDJLAkaM',23),('f4lmSr7YxHI',2),('ZhOXImVuD2w',25),('a5IzdMcC9uw',6),('a5IzdMcC9uw',23),('Ea0l-yXlMKQ',8),('lZlg7HzSGAY',11),('QR2baEPUUgI',17),('QR2baEPUUgI',18),('TWht6nrQuJw',23),('LswZYhaOagY',23),('LswZYhaOagY',11),('dJ-Px0dZH8A',17),('dJ-Px0dZH8A',23),('dJ-Px0dZH8A',10),('J7bOzCjYzbY',23),('J7bOzCjYzbY',9),('gYUE_Zu6leg',23),('iFK3BTHRG_M',23),('iFK3BTHRG_M',5),('qq1Jwfa6mgo',23),('WSVpM0UrQaQ',30),('VVn-n2ROQXg',31),('6HbdJMto_rg',23),('6HbdJMto_rg',13),('PUHgezDPiT0',21),('PUHgezDPiT0',15),('V1AjaoTspbU',23),('VEqmEzRzArw',23),('VCIbjEia-oI',19),('42J0VKYB2u4',23),('42J0VKYB2u4',11),('5vJDqlckxU8',23),('_uJU-ZiRvrM',11),('_uJU-ZiRvrM',23),('YWrIiJt_UOU',14),('YKwXix967PI',23),('0UkepPvSQUs',23),('eGBxC7RQxsY',2),('eGBxC7RQxsY',10),('5bvpqpbIpMc',23),('VI1gspH68Lg',23),('dEHDd8S2HBQ',6),('dEHDd8S2HBQ',11),('Y4XHAEdaoVw',25),('hw5DmaD939A',23),('hw5DmaD939A',12),('hw5DmaD939A',11),('KD7u5Zacp8g',23),('Mma_aps8Cik',23),('Mma_aps8Cik',32),('85_I2yVcbhU',9),('85_I2yVcbhU',23),('85_I2yVcbhU',32),('BwHi6k50f7A',32),('w8e_e6FMRmk',23),('w8e_e6FMRmk',32),('Rx7YsP6Re2s',32),('WccI5RAdzek',12),('WccI5RAdzek',23),('WccI5RAdzek',32),('UB1oZZ6aaAU',12),('UB1oZZ6aaAU',23),('UB1oZZ6aaAU',32),('16VVZB0bnnE',23),('16VVZB0bnnE',26),('16VVZB0bnnE',25),('16VVZB0bnnE',10),('16VVZB0bnnE',32),('nCOoxRs9IOQ',12),('nCOoxRs9IOQ',23),('nCOoxRs9IOQ',32),('npNEdDxCNrk',32),('npNEdDxCNrk',12),('eyNqLvdZY-8',12),('eyNqLvdZY-8',23),('eyNqLvdZY-8',32),('UNOLELxhYQg',23),('UNOLELxhYQg',32),('K0kog-MfnPE',23),('K0kog-MfnPE',32),('GbnCm6jy1wo',11),('GbnCm6jy1wo',23),('GbnCm6jy1wo',32),('UBc4d0xMRDo',23),('UBc4d0xMRDo',12),('UBc4d0xMRDo',32),('ybzsKec_cW0',18),('ybzsKec_cW0',10),('KXnZfC7A5FM',23),('KXnZfC7A5FM',61),('dWqZ5VRLoWA',11),('dWqZ5VRLoWA',32),('dWqZ5VRLoWA',25),('smDIBN_8KY8',21),('smDIBN_8KY8',32),('7m3s71jKSkc',23),('7m3s71jKSkc',32),('bhjCc-gKVvQ',12),('bhjCc-gKVvQ',11),('bhjCc-gKVvQ',23),('bhjCc-gKVvQ',32),('w40GiK_Cdgc',6),('w40GiK_Cdgc',11),('w40GiK_Cdgc',32),('zaKqtd4ZwsY',23),('zaKqtd4ZwsY',12),('zaKqtd4ZwsY',32),('yQgZCLGk050',23),('yQgZCLGk050',32),('yoh1qy0mXM0',8),('yoh1qy0mXM0',11),('ACTpRkbcqMk',23),('ACTpRkbcqMk',32),('TY_N-Z4XCl8',8),('TY_N-Z4XCl8',32),('ZmJD-7A6H2A',32),('5TtSOLsAop4',33),('7UuNAKFV6KQ',9),('7UuNAKFV6KQ',11),('VTIdPlj449E',25),('VTIdPlj449E',29),('VTIdPlj449E',11),('z7XlZlaykxk',23),('7EPj2xZPEH0',23),('3kkvNitQOwU',13),('FARxrW_mzkM',11),('FARxrW_mzkM',23),('RRzUJ0oL9cc',19),('RRzUJ0oL9cc',2),('MgqhzoiBaX4',23),('CALZ26GuQ1E',23),('CALZ26GuQ1E',32),('btLtlF4OVyY',12),('btLtlF4OVyY',32),('btLtlF4OVyY',23),('XvO8lFROzMs',9),('XvO8lFROzMs',23),('VWl9W4um-qc',10),('dCXoOWgPnHc',9),('dCXoOWgPnHc',10),('dCXoOWgPnHc',23),('dCXoOWgPnHc',25),('dCXoOWgPnHc',11),('1cilQLjjrYo',10),('1cilQLjjrYo',11),('1cilQLjjrYo',12),('1cilQLjjrYo',23),('BTBXci-bd9s',10),('g5epn3yh76k',12),('g5epn3yh76k',11),('g5epn3yh76k',25),('g5epn3yh76k',23),('qt4Z1Uh_Mpg',6),('qt4Z1Uh_Mpg',23),('qt4Z1Uh_Mpg',25),('B1ZE9K-pcWs',10),('B1ZE9K-pcWs',19),('dgiOMveoFko',23),('Gpnj27IFqzs',23),('PieJYJjUNtY',23),('PieJYJjUNtY',10),('lKqpRP3c64o',23),('NCfK7xoP3x4',23),('EkC96Zc2UkI',11),('EkC96Zc2UkI',23),('j2qYG7tIS9k',10),('j2qYG7tIS9k',11),('j2qYG7tIS9k',12),('j2qYG7tIS9k',23),('j2qYG7tIS9k',19),('kgXBg5MHu6g',25),('kgXBg5MHu6g',9),('RXTCaIroztk',23),('RXTCaIroztk',11),('8jrgAHJepDU',2),('8jrgAHJepDU',10),('8jrgAHJepDU',23),('8jrgAHJepDU',32),('5Y-3CM8xr0c',23),('5Y-3CM8xr0c',20),('5Y-3CM8xr0c',19),('pMAan8vdHjs',12),('pMAan8vdHjs',23),('pMAan8vdHjs',11),('M_Zbs9_u1tc',17),('M_Zbs9_u1tc',23),('VHvlgpGhlQ8',9),('aNJLXRxEw2k',6),('aNJLXRxEw2k',23),('aNJLXRxEw2k',25),('aNJLXRxEw2k',2),('MEAj4qTAoiM',11),('MEAj4qTAoiM',23),('MEAj4qTAoiM',25),('oQyeP6bf8ME',14),('oQyeP6bf8ME',65),('oQyeP6bf8ME',23),('Rp64vMj9GHc',2),('Rp64vMj9GHc',63),('Rp64vMj9GHc',64),('Rp64vMj9GHc',10),('Rp64vMj9GHc',65),('opMTyD7DWHs',10),('1pb1UvioXT8',23),('1pb1UvioXT8',10),('09VjcF_vp9o',23),('vIwhKCAyB3I',23),('C59zJ-olG34',23),('rl0lbJESshw',65),('rl0lbJESshw',10),('rl0lbJESshw',23),('ts_otOMkKkI',23),('ts_otOMkKkI',26),('ts_otOMkKkI',62),('ts_otOMkKkI',63),('w2VIMvIPMtk',23),('w2VIMvIPMtk',11),('w2VIMvIPMtk',10),('w2VIMvIPMtk',65),('w2VIMvIPMtk',26),('w2VIMvIPMtk',62),('w2VIMvIPMtk',63),('sh7GDuFVqfo',11),('sh7GDuFVqfo',10),('sh7GDuFVqfo',23),('gH7jI3g7obA',11),('gH7jI3g7obA',12),('gH7jI3g7obA',23),('gH7jI3g7obA',21),('gH7jI3g7obA',2),('gH7jI3g7obA',32),('S-KlAPV-LXM',23),('S-KlAPV-LXM',65),('jPjG5xZEBDI',23),('_su2Xx4iZ-Y',11),('_su2Xx4iZ-Y',23),('_su2Xx4iZ-Y',10),('-3xGyRiepe0',23),('YC4OsRtCBQs',23),('a28GXKGHgrE',23),('a28GXKGHgrE',63),('ioEe7YS1aFI',11),('ioEe7YS1aFI',23),('ioEe7YS1aFI',2),('KpX4Ko-5cEA',11),('KpX4Ko-5cEA',21),('KpX4Ko-5cEA',23),('KpX4Ko-5cEA',62),('TkgrbHVUkpc',23),('VZc9nZUbrOk',11),('VZc9nZUbrOk',23),('VZc9nZUbrOk',33),('wG2XgJnk2t8',2),('wG2XgJnk2t8',6),('wG2XgJnk2t8',23),('wG2XgJnk2t8',25),('wG2XgJnk2t8',64),('wG2XgJnk2t8',10),('77Cg7oowEhs',2),('77Cg7oowEhs',64),('77Cg7oowEhs',23),('77Cg7oowEhs',25),('77Cg7oowEhs',17),('tfIHfI4Pgec',20),('tfIHfI4Pgec',23),('tfIHfI4Pgec',10),('tfIHfI4Pgec',65),('tfIHfI4Pgec',32),('ch-hn0rMkWc',23),('ch-hn0rMkWc',20),('ch-hn0rMkWc',4),('ch-hn0rMkWc',10),('ch-hn0rMkWc',65),('ch-hn0rMkWc',32);
/*!40000 ALTER TABLE `musical_instruments_youtubes` ENABLE KEYS */;
UNLOCK TABLES;

--
-- Table structure for table `schema_migrations`
--

DROP TABLE IF EXISTS `schema_migrations`;
/*!40101 SET @saved_cs_client     = @@character_set_client */;
/*!40101 SET character_set_client = utf8 */;
CREATE TABLE `schema_migrations` (
  `version` varchar(255) COLLATE utf8_unicode_ci NOT NULL,
  UNIQUE KEY `unique_schema_migrations` (`version`)
) ENGINE=InnoDB DEFAULT CHARSET=utf8 COLLATE=utf8_unicode_ci;
/*!40101 SET character_set_client = @saved_cs_client */;

--
-- Dumping data for table `schema_migrations`
--

LOCK TABLES `schema_migrations` WRITE;
/*!40000 ALTER TABLE `schema_migrations` DISABLE KEYS */;
INSERT INTO `schema_migrations` VALUES ('20141123105131'),('20141123105322'),('20141123105522'),('20141123105603'),('20141123105719'),('20141123111117'),('20141123111745'),('20141123114029'),('20141211113957'),('20141218084033'),('20141218090456'),('20141218091620'),('20141218091621'),('20141218091622'),('20141218093655'),('20141219094341'),('20141222215445'),('20141223145940'),('20150128234851'),('20150128235333'),('20150131094142'),('20150205082749'),('20150211142838'),('20150213105253'),('20150222065233'),('20150222065900'),('20150222070339'),('20150305151456'),('20150305152020'),('20150305152210'),('20150305152211'),('20150305152220'),('20150509112555'),('20150509112800'),('20150920093444'),('20150922131516'),('20151031095623'),('20151031095756'),('20151031095918'),('20151031095919'),('20160320084245'),('20160320084638'),('20160325181149'),('20160702113154'),('20190712123346'),('20190712123607'),('20190712123956'),('20190713000000'),('20190713000001'),('20190714043232'),('20190714044221'),('20190714075237'),('20190915023023');
/*!40000 ALTER TABLE `schema_migrations` ENABLE KEYS */;
UNLOCK TABLES;

--
-- Table structure for table `today_youtubes`
--

DROP TABLE IF EXISTS `today_youtubes`;
/*!40101 SET @saved_cs_client     = @@character_set_client */;
/*!40101 SET character_set_client = utf8 */;
CREATE TABLE `today_youtubes` (
  `id` int(11) NOT NULL AUTO_INCREMENT,
  `youtube_id` varchar(255) COLLATE utf8_unicode_ci DEFAULT NULL,
  `date` date DEFAULT NULL,
  `created_at` datetime DEFAULT NULL,
  `updated_at` datetime DEFAULT NULL,
  PRIMARY KEY (`id`)
) ENGINE=InnoDB AUTO_INCREMENT=2429 DEFAULT CHARSET=utf8 COLLATE=utf8_unicode_ci;
/*!40101 SET character_set_client = @saved_cs_client */;

--
-- Dumping data for table `today_youtubes`
--

LOCK TABLES `today_youtubes` WRITE;
/*!40000 ALTER TABLE `today_youtubes` DISABLE KEYS */;
INSERT INTO `today_youtubes` VALUES (1,'mMG-EoDpd2w','2014-05-12','2014-05-12 14:11:38','2014-05-12 14:11:38'),(2,'HUCmag5dVxo','2014-05-13','2014-05-12 16:17:03','2014-05-12 16:17:03'),(3,'G3Y6JALsXvk','2014-05-14','2014-05-13 16:17:02','2014-05-13 16:17:02'),(4,'s8j5R4i3kq0','2014-05-15','2014-05-14 15:38:11','2014-05-14 15:38:11'),(5,'PJ7xVKz8I6w','2014-05-16','2014-05-15 15:00:03','2014-05-15 15:00:03'),(6,'0Ji_xcV3zmI','2014-05-17','2014-05-16 15:00:02','2014-05-16 15:00:02'),(7,'eyNqLvdZY-8','2014-05-18','2014-05-17 15:00:03','2014-05-17 15:00:03'),(8,'oVaeZVYgEfs','2014-05-19','2014-05-18 15:00:03','2014-05-18 15:00:03'),(9,'SMVY1cm3eV8','2014-05-20','2014-05-19 15:00:03','2014-05-19 15:00:03'),(10,'7FnP1K3JJBw','2014-05-21','2014-05-20 15:00:03','2014-05-20 15:00:03'),(11,'WUFw3IK-qs8','2014-05-22','2014-05-21 15:16:03','2014-05-21 15:16:03'),(12,'MFNETL-PbeI','2014-05-23','2014-05-22 15:00:03','2014-05-22 15:00:03'),(13,'hRtRadK1HFk','2014-05-24','2014-05-23 15:00:03','2014-05-23 15:00:03'),(14,'uhEM8oALyII','2014-05-25','2014-05-24 15:00:03','2014-05-24 15:00:03'),(15,'zTuBeNrUU9I','2014-05-26','2014-05-25 15:00:03','2014-05-25 15:00:03'),(16,'FREAPyuceuM','2014-05-27','2014-05-26 15:00:02','2014-05-26 15:00:02'),(17,'zTuBeNrUU9I','2014-05-28','2014-05-27 15:00:03','2014-05-27 15:00:03'),(18,'85_I2yVcbhU','2014-05-29','2014-05-28 15:00:03','2014-05-28 15:00:03'),(19,'VAP2AzRxDbs','2014-05-30','2014-05-29 15:00:03','2014-05-29 15:00:03'),(20,'jmBDn9WyRKc','2014-05-31','2014-05-30 15:00:03','2014-05-30 15:00:03'),(21,'jfIeFt4Wou0','2014-06-01','2014-05-31 15:00:03','2014-05-31 15:00:03'),(22,'b9lwmxbis8M','2014-06-02','2014-06-01 15:00:03','2014-06-01 15:00:03'),(23,'3MEPz665D1E','2014-06-03','2014-06-02 15:00:03','2014-06-02 15:00:03'),(24,'YEz3J4Ukmtk','2014-06-04','2014-06-03 15:00:03','2014-06-03 15:00:03'),(25,'pPZIVXDy53E','2014-06-05','2014-06-04 15:00:03','2014-06-04 15:00:03'),(26,'Ocy2RqL8Ac0','2014-06-06','2014-06-05 15:00:03','2014-06-05 15:00:03'),(27,'VAP2AzRxDbs','2014-06-07','2014-06-06 15:00:03','2014-06-06 15:00:03'),(28,'Kx7cvmpLyiE','2014-06-08','2014-06-07 15:00:03','2014-06-07 15:00:03'),(29,'NV0YUJ3DBIU','2014-06-09','2014-06-08 15:00:02','2014-06-08 15:00:02'),(30,'Xr2JQ3xW-Gc','2014-06-10','2014-06-09 15:00:03','2014-06-09 15:00:03'),(31,'lg57i_222zg','2014-06-11','2014-06-10 15:00:03','2014-06-10 15:00:03'),(32,'yTzc2VnjkQw','2014-06-12','2014-06-11 15:00:03','2014-06-11 15:00:03'),(33,'NkIxOZKtOQo','2014-06-13','2014-06-12 15:00:03','2014-06-12 15:00:03'),(34,'YK7jRR3BmBU','2014-06-14','2014-06-13 15:00:03','2014-06-13 15:00:03'),(35,'pqrQ25psl6E','2014-06-15','2014-06-14 15:00:03','2014-06-14 15:00:03'),(36,'w8e_e6FMRmk','2014-06-16','2014-06-15 15:00:03','2014-06-15 15:00:03'),(37,'0qA8zwYOl9o','2014-06-17','2014-06-16 15:00:03','2014-06-16 15:00:03'),(38,'gN2OjERZqCQ','2014-06-18','2014-06-17 15:00:03','2014-06-17 15:00:03'),(39,'g5r6W3v54Js','2014-06-19','2014-06-18 15:00:03','2014-06-18 15:00:03'),(40,'_KiCtINRalc','2014-06-20','2014-06-19 15:00:03','2014-06-19 15:00:03'),(41,'EPcPGc7f-aE','2014-06-21','2014-06-20 15:00:03','2014-06-20 15:00:03'),(42,'e3g1rnkneBE','2014-06-22','2014-06-21 15:00:03','2014-06-21 15:00:03'),(43,'npSkmTvIjO4','2014-06-23','2014-06-22 15:00:03','2014-06-22 15:00:03'),(44,'85_I2yVcbhU','2014-06-24','2014-06-23 15:00:04','2014-06-23 15:00:04'),(45,'fphH41xbWEQ','2014-06-25','2014-06-24 15:00:03','2014-06-24 15:00:03'),(46,'bb_qJ33fmL4','2014-06-26','2014-06-25 15:00:04','2014-06-25 15:00:04'),(47,'2G3KsrvDPKQ','2014-06-27','2014-06-26 15:00:03','2014-06-26 15:00:03'),(48,'0S8GPdo5XbI','2014-06-28','2014-06-27 15:00:03','2014-06-27 15:00:03'),(49,'Z-kO6n23Ydg','2014-06-29','2014-06-28 15:00:04','2014-06-28 15:00:04'),(50,'fMAd3fxoGyc','2014-06-30','2014-06-29 15:00:03','2014-06-29 15:00:03'),(51,'iI74IGxvugQ','2014-07-01','2014-06-30 15:00:03','2014-06-30 15:00:03'),(52,'H8TAOHLLT0w','2014-07-02','2014-07-01 15:00:04','2014-07-01 15:00:04'),(53,'4GYmD7Ogusc','2014-07-03','2014-07-02 15:00:04','2014-07-02 15:00:04'),(54,'HMzyU1zSO1o','2014-07-04','2014-07-03 15:00:04','2014-07-03 15:00:04'),(55,'hMYpSLRbXMs','2014-07-05','2014-07-04 15:00:05','2014-07-04 15:00:05'),(56,'G3Y6JALsXvk','2014-07-06','2014-07-05 15:00:04','2014-07-05 15:00:04'),(57,'YavNgBaqHoc','2014-07-07','2014-07-06 15:00:04','2014-07-06 15:00:04'),(58,'_FkPM-_RrCI','2014-07-08','2014-07-07 15:00:04','2014-07-07 15:00:04'),(59,'ijBY_5nwxsc','2014-07-09','2014-07-08 15:00:05','2014-07-08 15:00:05'),(60,'iyRqY2775cA','2014-07-10','2014-07-09 15:00:05','2014-07-09 15:00:05'),(61,'SMVY1cm3eV8','2014-07-11','2014-07-10 15:00:05','2014-07-10 15:00:05'),(62,'4LkmEIdb4Oo','2014-07-12','2014-07-11 15:00:06','2014-07-11 15:00:06'),(63,'fxjSDJRCSAI','2014-07-13','2014-07-12 15:00:06','2014-07-12 15:00:06'),(64,'ijBY_5nwxsc','2014-07-14','2014-07-13 15:00:06','2014-07-13 15:00:06'),(65,'TtA6kpvVqOU','2014-07-15','2014-07-14 15:00:05','2014-07-14 15:00:05'),(66,'oI76VzHC_Go','2014-07-16','2014-07-15 15:00:05','2014-07-15 15:00:05'),(67,'o7V9T5YuUO4','2014-07-17','2014-07-16 15:00:05','2014-07-16 15:00:05'),(68,'9bSc2tW4HpM','2014-07-18','2014-07-17 15:00:05','2014-07-17 15:00:05'),(69,'WccI5RAdzek','2014-07-19','2014-07-18 15:00:05','2014-07-18 15:00:05'),(70,'lg57i_222zg','2014-07-20','2014-07-19 15:00:05','2014-07-19 15:00:05'),(71,'3si0q0M-PIQ','2014-07-21','2014-07-20 15:00:05','2014-07-20 15:00:05'),(72,'7Cp-e70yj6Y','2014-07-22','2014-07-21 15:00:05','2014-07-21 15:00:05'),(73,'vtA_DWA6tx4','2014-07-23','2014-07-22 15:00:05','2014-07-22 15:00:05'),(74,'oVfyt4BWJNQ','2014-07-24','2014-07-23 15:00:05','2014-07-23 15:00:05'),(75,'UDK0GQmN8aI','2014-07-25','2014-07-24 15:00:05','2014-07-24 15:00:05'),(76,'anYPlVAkPSQ','2014-07-26','2014-07-25 15:00:05','2014-07-25 15:00:05'),(77,'tOQ7a7HiHCY','2014-07-27','2014-07-26 15:00:05','2014-07-26 15:00:05'),(78,'C138QPKNU2U','2014-07-28','2014-07-27 15:00:05','2014-07-27 15:00:05'),(79,'5JGgFjdhVSo','2014-07-29','2014-07-28 15:00:15','2014-07-28 15:00:15'),(80,'8IJVS7pVWg8','2014-07-30','2014-07-29 15:00:05','2014-07-29 15:00:05'),(81,'Z-kO6n23Ydg','2014-07-31','2014-07-30 15:00:06','2014-07-30 15:00:06'),(82,'GazyY-e5Xto','2014-08-01','2014-07-31 15:00:05','2014-07-31 15:00:05'),(83,'u1kvlgf-tTM','2014-08-02','2014-08-01 15:00:05','2014-08-01 15:00:05'),(84,'zTuBeNrUU9I','2014-08-03','2014-08-02 15:00:05','2014-08-02 15:00:05'),(85,'F9p9qAmk11c','2014-08-04','2014-08-03 15:00:05','2014-08-03 15:00:05'),(86,'CnV34wsvbCE','2014-08-05','2014-08-04 15:00:05','2014-08-04 15:00:05'),(87,'5kfEOVCxikc','2014-08-06','2014-08-05 15:00:06','2014-08-05 15:00:06'),(88,'W6yn0-AhgTM','2014-08-07','2014-08-06 15:00:05','2014-08-06 15:00:05'),(89,'QzfC0_A73Hg','2014-08-08','2014-08-07 15:00:05','2014-08-07 15:00:05'),(90,'8yS8GOvKfSs','2014-08-09','2014-08-08 15:00:05','2014-08-08 15:00:05'),(91,'HJg7WkOHxMs','2014-08-10','2014-08-09 15:00:05','2014-08-09 15:00:05'),(92,'aPYRhBSxk5k','2014-08-11','2014-08-10 15:00:05','2014-08-10 15:00:05'),(93,'LA-JDnpt2iQ','2014-08-12','2014-08-11 15:00:05','2014-08-11 15:00:05'),(94,'fUGZwd445EM','2014-08-13','2014-08-12 15:00:05','2014-08-12 15:00:05'),(95,'bCcuuRwMJjc','2014-08-14','2014-08-13 15:00:05','2014-08-13 15:00:05'),(96,'CZrChkoycBA','2014-08-15','2014-08-14 15:00:06','2014-08-14 15:00:06'),(97,'ZbhW_GDuk0c','2014-08-16','2014-08-15 15:00:05','2014-08-15 15:00:05'),(98,'JMCKOpQ-pIM','2014-08-17','2014-08-16 15:00:06','2014-08-16 15:00:06'),(99,'Mc-pN4rZK84','2014-08-18','2014-08-17 15:00:05','2014-08-17 15:00:05'),(100,'6KZksQWLN48','2014-08-19','2014-08-18 15:00:05','2014-08-18 15:00:05'),(101,'9bSc2tW4HpM','2014-08-20','2014-08-19 15:00:06','2014-08-19 15:00:06'),(102,'6w3Ep_Zu4UE','2014-08-21','2014-08-20 15:00:06','2014-08-20 15:00:06'),(103,'jxzI9XOfh6w','2014-08-22','2014-08-21 15:00:06','2014-08-21 15:00:06'),(104,'anYPlVAkPSQ','2014-08-23','2014-08-22 15:00:05','2014-08-22 15:00:05'),(105,'0Ji_xcV3zmI','2014-08-24','2014-08-23 15:00:06','2014-08-23 15:00:06'),(106,'oI76VzHC_Go','2014-08-25','2014-08-24 15:00:07','2014-08-24 15:00:07'),(107,'iyRqY2775cA','2014-08-26','2014-08-25 15:00:05','2014-08-25 15:00:05'),(108,'UpqC6wYC14U','2014-08-27','2014-08-26 15:00:06','2014-08-26 15:00:06'),(109,'svEYFvGOF3U','2014-08-28','2014-08-27 15:00:06','2014-08-27 15:00:06'),(110,'XU9_m8Ul7Cg','2014-08-29','2014-08-28 15:00:06','2014-08-28 15:00:06'),(111,'CYBl8uNMfKQ','2014-08-30','2014-08-29 15:00:06','2014-08-29 15:00:06'),(112,'zs5NEaHNNu0','2014-08-31','2014-08-30 15:00:06','2014-08-30 15:00:06'),(113,'BjBsUko_-X0','2014-09-01','2014-08-31 15:00:06','2014-08-31 15:00:06'),(114,'u3gPNKinadw','2014-09-02','2014-09-01 15:00:07','2014-09-01 15:00:07'),(115,'2sgCzV51tj0','2014-09-03','2014-09-02 15:00:06','2014-09-02 15:00:06'),(116,'pp7ZiCKN3IQ','2014-09-04','2014-09-03 15:00:07','2014-09-03 15:00:07'),(117,'Nn1_KZZdUMk','2014-09-05','2014-09-04 15:00:06','2014-09-04 15:00:06'),(118,'UUzuLx_LLgk','2014-09-06','2014-09-05 15:00:06','2014-09-05 15:00:06'),(119,'U2Sc19rRAl0','2014-09-07','2014-09-06 15:00:09','2014-09-06 15:00:09'),(120,'hd41RDP2JDU','2014-09-08','2014-09-07 15:00:06','2014-09-07 15:00:06'),(121,'7FtoNUdkfNc','2014-09-09','2014-09-08 15:00:08','2014-09-08 15:00:08'),(122,'kl4SC2DGud4','2014-09-10','2014-09-09 15:00:07','2014-09-09 15:00:07'),(123,'hRtRadK1HFk','2014-09-11','2014-09-10 15:00:06','2014-09-10 15:00:06'),(124,'_CddRkYpKtI','2014-09-12','2014-09-11 15:00:05','2014-09-11 15:00:05'),(125,'ZFWu2q04NtM','2014-09-13','2014-09-12 15:00:07','2014-09-12 15:00:07'),(126,'J5urSMpUFMc','2014-09-14','2014-09-13 15:00:07','2014-09-13 15:00:07'),(127,'NkIxOZKtOQo','2014-09-15','2014-09-14 15:00:06','2014-09-14 15:00:06'),(128,'OS15080xVmY','2014-09-16','2014-09-15 15:00:06','2014-09-15 15:00:06'),(129,'K5n4KLOgIjY','2014-09-17','2014-09-16 15:00:07','2014-09-16 15:00:07'),(130,'GJiARx6l66A','2014-09-18','2014-09-17 15:00:07','2014-09-17 15:00:07'),(131,'DM1iiAkOEK0','2014-09-19','2014-09-18 15:00:06','2014-09-18 15:00:06'),(132,'GJiARx6l66A','2014-09-20','2014-09-19 15:00:08','2014-09-19 15:00:08'),(133,'cjXr122Rxg4','2014-09-21','2014-09-20 15:00:06','2014-09-20 15:00:06'),(134,'GGeRq0fE5oE','2014-09-22','2014-09-21 15:00:05','2014-09-21 15:00:05'),(135,'h2IffIvIRm0','2014-09-23','2014-09-22 15:00:06','2014-09-22 15:00:06'),(136,'5kTbT9m9LNo','2014-09-24','2014-09-23 15:00:05','2014-09-23 15:00:05'),(137,'3trYIk73p0k','2014-09-25','2014-09-24 15:00:06','2014-09-24 15:00:06'),(138,'WccI5RAdzek','2014-09-26','2014-09-25 15:00:06','2014-09-25 15:00:06'),(139,'5kfEOVCxikc','2014-09-27','2014-09-26 15:00:07','2014-09-26 15:00:07'),(140,'zZ1g2tAXqWQ','2014-09-28','2014-09-27 15:00:07','2014-09-27 15:00:07'),(141,'7KQjlUekhzk','2014-09-29','2014-09-28 15:00:07','2014-09-28 15:00:07'),(142,'PRgOqCZID58','2014-09-30','2014-09-29 15:00:06','2014-09-29 15:00:06'),(143,'oVaeZVYgEfs','2014-10-01','2014-09-30 15:00:06','2014-09-30 15:00:06'),(144,'B4F-sweNJoQ','2014-10-02','2014-10-01 15:00:06','2014-10-01 15:00:06'),(145,'EjS1IREdOjE','2014-10-03','2014-10-02 15:00:07','2014-10-02 15:00:07'),(146,'_KiCtINRalc','2014-10-04','2014-10-03 15:00:18','2014-10-03 15:00:18'),(147,'iyRqY2775cA','2014-10-05','2014-10-04 15:00:06','2014-10-04 15:00:06'),(148,'HJg7WkOHxMs','2014-10-06','2014-10-05 15:00:07','2014-10-05 15:00:07'),(149,'Qa9XAmLO8l4','2014-10-07','2014-10-06 15:00:05','2014-10-06 15:00:05'),(150,'MIxeuUIeF3U','2014-10-08','2014-10-07 15:00:05','2014-10-07 15:00:05'),(151,'iI74IGxvugQ','2014-10-09','2014-10-08 15:00:06','2014-10-08 15:00:06'),(152,'mIq_QPuTWHo','2014-10-10','2014-10-09 15:00:06','2014-10-09 15:00:06'),(153,'Sr0lC5rWz9U','2014-10-11','2014-10-10 15:00:08','2014-10-10 15:00:08'),(154,'ysjEib8E_no','2014-10-12','2014-10-11 15:00:05','2014-10-11 15:00:05'),(155,'fI3av1fRiYE','2014-10-13','2014-10-12 15:00:07','2014-10-12 15:00:07'),(156,'5kfEOVCxikc','2014-10-14','2014-10-13 15:00:07','2014-10-13 15:00:07'),(157,'wj5pVZ2JbVU','2014-10-15','2014-10-14 15:00:06','2014-10-14 15:00:06'),(158,'Co0TmFvqxvY','2014-10-16','2014-10-15 15:00:06','2014-10-15 15:00:06'),(159,'hMYpSLRbXMs','2014-10-17','2014-10-16 15:00:06','2014-10-16 15:00:06'),(160,'H_o753eDRVQ','2014-10-18','2014-10-17 15:00:06','2014-10-17 15:00:06'),(161,'fTs3gXDsWEU','2014-10-19','2014-10-18 15:00:06','2014-10-18 15:00:06'),(162,'85_I2yVcbhU','2014-10-20','2014-10-19 15:00:06','2014-10-19 15:00:06'),(163,'Axl7VT0y63s','2014-10-21','2014-10-20 15:00:06','2014-10-20 15:00:06'),(164,'GyFtL4hmoN0','2014-10-22','2014-10-21 15:00:06','2014-10-21 15:00:06'),(165,'PJ7xVKz8I6w','2014-10-23','2014-10-22 15:00:06','2014-10-22 15:00:06'),(166,'PRebgmIeVb0','2014-10-24','2014-10-23 15:00:07','2014-10-23 15:00:07'),(167,'juVGd6ZApWU','2014-10-25','2014-10-24 15:00:06','2014-10-24 15:00:06'),(168,'iI74IGxvugQ','2014-10-26','2014-10-25 15:00:06','2014-10-25 15:00:06'),(169,'MUvXJu4i0a0','2014-10-27','2014-10-26 15:00:06','2014-10-26 15:00:06'),(170,'2nx81srj44c','2014-10-28','2014-10-27 15:00:06','2014-10-27 15:00:06'),(171,'zTuBeNrUU9I','2014-10-29','2014-10-28 15:00:07','2014-10-28 15:00:07'),(172,'PY9qT5FtqHY','2014-10-30','2014-10-29 15:00:06','2014-10-29 15:00:06'),(173,'e3g1rnkneBE','2014-10-31','2014-10-30 15:00:06','2014-10-30 15:00:06'),(174,'5TC3j2beOP4','2014-11-01','2014-10-31 15:00:11','2014-10-31 15:00:11'),(175,'ySC0apNduaQ','2014-11-02','2014-11-01 15:00:05','2014-11-01 15:00:05'),(176,'pp7ZiCKN3IQ','2014-11-03','2014-11-02 15:00:06','2014-11-02 15:00:06'),(177,'AXHr_3l0wng','2014-11-04','2014-11-03 15:00:05','2014-11-03 15:00:05'),(178,'ghOsH6uY8oA','2014-11-05','2014-11-04 15:00:05','2014-11-04 15:00:05'),(179,'kl-0ABda1aA','2014-11-06','2014-11-05 15:00:06','2014-11-05 15:00:06'),(180,'fI3av1fRiYE','2014-11-07','2014-11-06 15:00:05','2014-11-06 15:00:05'),(181,'0qA8zwYOl9o','2014-11-08','2014-11-07 15:00:05','2014-11-07 15:00:05'),(182,'-qzh4sRe_3w','2014-11-09','2014-11-08 15:00:06','2014-11-08 15:00:06'),(183,'cjQ2eORmIUo','2014-11-10','2014-11-09 15:00:05','2014-11-09 15:00:05'),(184,'5TC3j2beOP4','2014-11-11','2014-11-10 15:00:05','2014-11-10 15:00:05'),(185,'ls9VW2oJhoE','2014-11-12','2014-11-11 15:00:05','2014-11-11 15:00:05'),(186,'6p-B0AgbXtA','2014-11-13','2014-11-12 15:00:06','2014-11-12 15:00:06'),(187,'LITAGDY95g0','2014-11-14','2014-11-13 15:00:05','2014-11-13 15:00:05'),(188,'3V3X9alrXTE','2014-11-15','2014-11-14 15:00:06','2014-11-14 15:00:06'),(189,'rS87DCftyao','2014-11-16','2014-11-15 15:00:06','2014-11-15 15:00:06'),(190,'_FkPM-_RrCI','2014-11-17','2014-11-16 15:00:06','2014-11-16 15:00:06'),(191,'XU9_m8Ul7Cg','2014-11-18','2014-11-17 15:00:05','2014-11-17 15:00:05'),(192,'lg57i_222zg','2014-11-19','2014-11-18 15:00:05','2014-11-18 15:00:05'),(193,'vk9LlFDkCb0','2014-11-20','2014-11-19 15:00:05','2014-11-19 15:00:05'),(194,'h-LH9rsnsz4','2014-11-21','2014-11-20 15:00:06','2014-11-20 15:00:06'),(195,'fEsyBaG-uNw','2014-11-22','2014-11-21 15:00:06','2014-11-21 15:00:06'),(196,'GJXmBq47EGg','2014-11-23','2014-11-22 15:00:06','2014-11-22 15:00:06'),(197,'sWvuAO_LHiw','2015-02-11','2015-02-11 10:24:20','2015-02-11 10:24:20'),(198,'yZKzGehDxmo','2014-11-24','2015-02-11 10:41:54','2015-02-11 10:41:54'),(199,'Y3Wiwh3M__g','2014-11-25','2015-02-11 10:41:54','2015-02-11 10:41:54'),(200,'Mnrxf2nz-Hk','2014-11-26','2015-02-11 10:41:54','2015-02-11 10:41:54'),(201,'jJjWWRv1FT4','2014-11-27','2015-02-11 10:41:54','2015-02-11 10:41:54'),(202,'YK7jRR3BmBU','2014-11-28','2015-02-11 10:41:54','2015-02-11 10:41:54'),(203,'g3nZrrg_ulE','2014-11-29','2015-02-11 10:41:54','2015-02-11 10:41:54'),(204,'A-BwQe8T23I','2014-11-30','2015-02-11 10:41:54','2015-02-11 10:41:54'),(205,'jxzI9XOfh6w','2014-12-01','2015-02-11 10:41:54','2015-02-11 10:41:54'),(206,'fI3av1fRiYE','2014-12-02','2015-02-11 10:41:54','2015-02-11 10:41:54'),(207,'0iNlmysyP5A','2014-12-03','2015-02-11 10:41:54','2015-02-11 10:41:54'),(208,'Vhosr_SjjN0','2014-12-04','2015-02-11 10:41:54','2015-02-11 10:41:54'),(209,'PY9qT5FtqHY','2014-12-05','2015-02-11 10:41:54','2015-02-11 10:41:54'),(210,'EkT7tnpipPM','2014-12-06','2015-02-11 10:41:54','2015-02-11 10:41:54'),(211,'5SntLIEYTS4','2014-12-07','2015-02-11 10:41:54','2015-02-11 10:41:54'),(212,'UpqC6wYC14U','2014-12-08','2015-02-11 10:41:54','2015-02-11 10:41:54'),(213,'7DOLntbtAow','2014-12-09','2015-02-11 10:41:54','2015-02-11 10:41:54'),(214,'zkLCprHkqYY','2014-12-10','2015-02-11 10:41:54','2015-02-11 10:41:54'),(215,'Z5PM0FhFkoQ','2014-12-11','2015-02-11 10:41:54','2015-02-11 10:41:54'),(216,'CYBl8uNMfKQ','2014-12-12','2015-02-11 10:41:54','2015-02-11 10:41:54'),(217,'5TC3j2beOP4','2014-12-13','2015-02-11 10:41:54','2015-02-11 10:41:54'),(218,'85nir6cByKk','2014-12-14','2015-02-11 10:41:54','2015-02-11 10:41:54'),(219,'ls9VW2oJhoE','2014-12-15','2015-02-11 10:41:54','2015-02-11 10:41:54'),(220,'yZKzGehDxmo','2014-12-16','2015-02-11 10:41:54','2015-02-11 10:41:54'),(221,'zWXFyRHolHA','2014-12-17','2015-02-11 10:41:54','2015-02-11 10:41:54'),(222,'yZKzGehDxmo','2014-12-18','2015-02-11 10:41:54','2015-02-11 10:41:54'),(223,'He79ZLV0x-0','2014-12-19','2015-02-11 10:41:54','2015-02-11 10:41:54'),(224,'GazyY-e5Xto','2014-12-20','2015-02-11 10:41:55','2015-02-11 10:41:55'),(225,'KsSFpuToNh8','2014-12-21','2015-02-11 10:41:55','2015-02-11 10:41:55'),(226,'NukkrzLgRjY','2014-12-22','2015-02-11 10:41:55','2015-02-11 10:41:55'),(227,'Yv2mnchq6LY','2014-12-23','2015-02-11 10:41:55','2015-02-11 10:41:55'),(228,'jZ1GWob9Bxk','2014-12-24','2015-02-11 10:41:55','2015-02-11 10:41:55'),(229,'Hx_RSNa2YDU','2014-12-25','2015-02-11 10:41:55','2015-02-11 10:41:55'),(230,'MIxeuUIeF3U','2014-12-26','2015-02-11 10:41:55','2015-02-11 10:41:55'),(231,'1UVodfF7aZI','2014-12-27','2015-02-11 10:41:55','2015-02-11 10:41:55'),(232,'bCcuuRwMJjc','2014-12-28','2015-02-11 10:41:55','2015-02-11 10:41:55'),(233,'PYTLakk8lNo','2014-12-29','2015-02-11 10:41:55','2015-02-11 10:41:55'),(234,'6Xm8EEJ6rjc','2014-12-30','2015-02-11 10:41:55','2015-02-11 10:41:55'),(235,'_ZJtGAx7siw','2014-12-31','2015-02-11 10:41:55','2015-02-11 10:41:55'),(236,'oI76VzHC_Go','2015-01-01','2015-02-11 10:41:55','2015-02-11 10:41:55'),(237,'H_o753eDRVQ','2015-01-02','2015-02-11 10:41:55','2015-02-11 10:41:55'),(238,'yTzc2VnjkQw','2015-01-03','2015-02-11 10:41:55','2015-02-11 10:41:55'),(239,'dhQeNAv_RoA','2015-01-04','2015-02-11 10:41:55','2015-02-11 10:41:55'),(240,'ZFWu2q04NtM','2015-01-05','2015-02-11 10:41:55','2015-02-11 10:41:55'),(241,'UB1oZZ6aaAU','2015-01-06','2015-02-11 10:41:55','2015-02-11 10:41:55'),(242,'qiMn053s_ZY','2015-01-07','2015-02-11 10:41:55','2015-02-11 10:41:55'),(243,'z__B_djrJc4','2015-01-08','2015-02-11 10:41:55','2015-02-11 10:41:55'),(244,'8dJVuB5qBVU','2015-01-09','2015-02-11 10:41:55','2015-02-11 10:41:55'),(245,'fxjSDJRCSAI','2015-01-10','2015-02-11 10:41:55','2015-02-11 10:41:55'),(246,'0Ji_xcV3zmI','2015-01-11','2015-02-11 10:41:55','2015-02-11 10:41:55'),(247,'GUIDZik9M_I','2015-01-12','2015-02-11 10:41:55','2015-02-11 10:41:55'),(248,'iI74IGxvugQ','2015-01-13','2015-02-11 10:41:55','2015-02-11 10:41:55'),(249,'EkT7tnpipPM','2015-01-14','2015-02-11 10:41:55','2015-02-11 10:41:55'),(250,'Q3sTM6AIf-A','2015-01-15','2015-02-11 10:41:55','2015-02-11 10:41:55'),(251,'hMYpSLRbXMs','2015-01-16','2015-02-11 10:41:55','2015-02-11 10:41:55'),(252,'pwMHH4fTLxE','2015-01-17','2015-02-11 10:41:55','2015-02-11 10:41:55'),(253,'qcprnxnkBcs','2015-01-18','2015-02-11 10:41:55','2015-02-11 10:41:55'),(254,'FS14OUzjLTk','2015-01-19','2015-02-11 10:41:55','2015-02-11 10:41:55'),(255,'jmBDn9WyRKc','2015-01-20','2015-02-11 10:41:55','2015-02-11 10:41:55'),(256,'Mma_aps8Cik','2015-01-21','2015-02-11 10:41:55','2015-02-11 10:41:55'),(257,'VNluFrNy_5I','2015-01-22','2015-02-11 10:41:55','2015-02-11 10:41:55'),(258,'HRn2OIFs8DA','2015-01-23','2015-02-11 10:41:55','2015-02-11 10:41:55'),(259,'He79ZLV0x-0','2015-01-24','2015-02-11 10:41:55','2015-02-11 10:41:55'),(260,'6Xm8EEJ6rjc','2015-01-25','2015-02-11 10:41:55','2015-02-11 10:41:55'),(261,'WccI5RAdzek','2015-01-26','2015-02-11 10:41:55','2015-02-11 10:41:55'),(262,'_5k_4Rkk6Do','2015-01-27','2015-02-11 10:41:55','2015-02-11 10:41:55'),(263,'dhQeNAv_RoA','2015-01-28','2015-02-11 10:41:55','2015-02-11 10:41:55'),(264,'PRebgmIeVb0','2015-01-29','2015-02-11 10:41:55','2015-02-11 10:41:55'),(265,'BUfxw97avEU','2015-01-30','2015-02-11 10:41:55','2015-02-11 10:41:55'),(266,'16VVZB0bnnE','2015-01-31','2015-02-11 10:41:55','2015-02-11 10:41:55'),(267,'2Sx4Kwowr7U','2015-02-01','2015-02-11 10:41:55','2015-02-11 10:41:55'),(268,'w0f1ojQbKzw','2015-02-02','2015-02-11 10:41:55','2015-02-11 10:41:55'),(269,'uH7xgGKEnz0','2015-02-03','2015-02-11 10:41:55','2015-02-11 10:41:55'),(270,'DbpfjUyk_jw','2015-02-04','2015-02-11 10:41:55','2015-02-11 10:41:55'),(271,'qccq1cc9xZE','2015-02-05','2015-02-11 10:41:55','2015-02-11 10:41:55'),(272,'rOpwGa6vRYI','2015-02-06','2015-02-11 10:41:55','2015-02-11 10:41:55'),(273,'KsSFpuToNh8','2015-02-07','2015-02-11 10:41:55','2015-02-11 10:41:55'),(274,'C7xvp72iCDg','2015-02-08','2015-02-11 10:41:55','2015-02-11 10:41:55'),(275,'7QHXcb0oqF4','2015-02-09','2015-02-11 10:41:55','2015-02-11 10:41:55'),(276,'VBgzGP0ITUc','2015-02-10','2015-02-11 10:41:55','2015-02-11 10:41:55'),(277,'ZbhW_GDuk0c','2015-02-12','2015-02-11 10:41:55','2015-02-11 10:41:55'),(278,'-qzh4sRe_3w','2015-02-13','2015-02-11 10:41:55','2015-02-11 10:41:55'),(279,'ijBY_5nwxsc','2015-02-14','2015-02-11 10:41:55','2015-02-11 10:41:55'),(280,'ri35YKhV-ME','2015-02-15','2015-02-11 10:41:55','2015-02-11 10:41:55'),(281,'WD00QxwBTSY','2015-02-16','2015-02-11 10:41:55','2015-02-11 10:41:55'),(282,'DUhwkuh-5JM','2015-02-17','2015-02-11 10:41:55','2015-02-11 10:41:55'),(283,'jYIDnOifvfA','2015-02-18','2015-02-11 10:41:55','2015-02-11 10:41:55'),(284,'M_ktlIXJhfc','2015-02-19','2015-02-11 10:41:55','2015-02-11 10:41:55'),(285,'vqV6y8nH4R8','2015-02-20','2015-02-11 10:41:55','2015-02-11 10:41:55'),(286,'GUIDZik9M_I','2015-02-21','2015-02-11 10:41:55','2015-02-11 10:41:55'),(287,'PY9qT5FtqHY','2015-02-22','2015-02-11 10:41:55','2015-02-11 10:41:55'),(288,'zZ1g2tAXqWQ','2015-02-23','2015-02-11 10:41:55','2015-02-11 10:41:55'),(289,'Qv46dvfWa8Q','2015-02-24','2015-02-11 10:41:55','2015-02-11 10:41:55'),(290,'h2IffIvIRm0','2015-02-25','2015-02-11 10:41:56','2015-02-11 10:41:56'),(291,'Kx7cvmpLyiE','2015-02-26','2015-02-11 10:41:56','2015-02-11 10:41:56'),(292,'ihCRNP9y9lg','2015-02-27','2015-02-11 10:41:56','2015-02-11 10:41:56'),(293,'dj93e1nLGwE','2015-02-28','2015-02-11 10:41:56','2015-02-11 10:41:56'),(294,'BUfxw97avEU','2015-03-01','2015-02-11 10:41:56','2015-02-11 10:41:56'),(295,'FngB6Em17Zk','2015-03-02','2015-02-11 10:41:56','2015-02-11 10:41:56'),(296,'SnXkhkEvNIM','2015-03-03','2015-02-11 10:41:56','2015-02-11 10:41:56'),(297,'rWHbK8dq1gU','2015-03-04','2015-02-11 10:41:56','2015-02-11 10:41:56'),(298,'UNOLELxhYQg','2015-03-05','2015-02-11 10:41:56','2015-02-11 10:41:56'),(299,'EGqZM0sHBuY','2015-03-06','2015-02-11 10:41:56','2015-02-11 10:41:56'),(300,'twb8cB9dRHU','2015-03-07','2015-02-11 10:41:56','2015-02-11 10:41:56'),(301,'-87Q50gqRFM','2015-03-08','2015-02-11 10:41:56','2015-02-11 10:41:56'),(302,'fxjSDJRCSAI','2015-03-09','2015-02-11 10:41:56','2015-02-11 10:41:56'),(303,'ddgcjiFfrd4','2015-03-10','2015-02-11 10:41:56','2015-02-11 10:41:56'),(304,'4LkmEIdb4Oo','2015-03-11','2015-02-11 10:41:56','2015-02-11 10:41:56'),(305,'ogD3hP8e6TU','2015-03-12','2015-02-11 10:41:56','2015-02-11 10:41:56'),(306,'Q54jE2K_OQ0','2015-03-13','2015-02-11 10:41:56','2015-02-11 10:41:56'),(307,'FREAPyuceuM','2015-03-14','2015-02-11 10:41:56','2015-02-11 10:41:56'),(308,'aEu2fSfd3j0','2015-03-15','2015-02-11 10:41:56','2015-02-11 10:41:56'),(309,'XHHh6mYrYNI','2015-03-16','2015-02-11 10:41:56','2015-02-11 10:41:56'),(310,'1b-1LsKuroY','2015-03-17','2015-02-11 10:41:56','2015-02-11 10:41:56'),(311,'z__B_djrJc4','2015-03-18','2015-02-11 10:41:56','2015-02-11 10:41:56'),(312,'1nSF-Xta3IM','2015-03-19','2015-02-11 10:41:56','2015-02-11 10:41:56'),(313,'PYTLakk8lNo','2015-03-20','2015-02-11 10:41:56','2015-02-11 10:41:56'),(314,'7_LUXNtGRdE','2015-03-21','2015-02-11 10:41:56','2015-02-11 10:41:56'),(315,'z_PB3Jfo03o','2015-03-22','2015-02-11 10:41:56','2015-02-11 10:41:56'),(316,'pOby4b4O8gE','2015-03-23','2015-02-11 10:41:56','2015-02-11 10:41:56'),(317,'hRtRadK1HFk','2015-03-24','2015-02-11 10:41:56','2015-02-11 10:41:56'),(318,'7DOLntbtAow','2015-03-25','2015-02-11 10:41:56','2015-02-11 10:41:56'),(319,'6622p95gpNA','2015-03-26','2015-02-11 10:41:56','2015-02-11 10:41:56'),(320,'UyJ8Qbh_LH0','2015-03-27','2015-02-11 10:41:56','2015-02-11 10:41:56'),(321,'Sn-Bj7wwAak','2015-03-28','2015-02-11 10:41:56','2015-02-11 10:41:56'),(322,'hfVELQk27W4','2015-03-29','2015-02-11 10:41:56','2015-02-11 10:41:56'),(323,'_bzS83nl3oM','2015-03-30','2015-02-11 10:41:56','2015-02-11 10:41:56'),(324,'veemHKlHB6Q','2015-03-31','2015-02-11 10:41:56','2015-02-11 10:41:56'),(325,'UB1oZZ6aaAU','2015-04-01','2015-02-11 10:41:56','2015-02-11 10:41:56'),(326,'7IcVeEOy9HE','2015-04-02','2015-02-11 10:41:56','2015-02-11 10:41:56'),(327,'fxjSDJRCSAI','2015-04-03','2015-02-11 10:41:56','2015-02-11 10:41:56'),(328,'oVaeZVYgEfs','2015-04-04','2015-02-11 10:41:56','2015-02-11 10:41:56'),(329,'jxzI9XOfh6w','2015-04-05','2015-02-11 10:41:56','2015-02-11 10:41:56'),(330,'qHmo8Bx3fSg','2015-04-06','2015-02-11 10:41:56','2015-02-11 10:41:56'),(331,'u1kvlgf-tTM','2015-04-07','2015-02-11 10:41:56','2015-02-11 10:41:56'),(332,'sXVAN3thxME','2015-04-08','2015-02-11 10:41:56','2015-02-11 10:41:56'),(333,'uNHzJG-30Zs','2015-04-09','2015-02-11 10:41:56','2015-02-11 10:41:56'),(334,'s_8NZ8rn_Us','2015-04-10','2015-02-11 10:41:56','2015-02-11 10:41:56'),(335,'XIFkD5J8GjQ','2015-04-11','2015-02-11 10:41:56','2015-02-11 10:41:56'),(336,'ZbhW_GDuk0c','2015-04-12','2015-02-11 10:41:56','2015-02-11 10:41:56'),(337,'YEz3J4Ukmtk','2015-04-13','2015-02-11 10:41:56','2015-02-11 10:41:56'),(338,'suIwWlyeEC4','2015-04-14','2015-02-11 10:41:56','2015-02-11 10:41:56'),(339,'97ZC3wje_mk','2015-04-15','2015-02-11 10:41:56','2015-02-11 10:41:56'),(340,'fUbFZkfjpfQ','2015-04-16','2015-02-11 10:41:56','2015-02-11 10:41:56'),(341,'-87Q50gqRFM','2015-04-17','2015-02-11 10:41:56','2015-02-11 10:41:56'),(342,'G4FUjD_N8YU','2015-04-18','2015-02-11 10:41:56','2015-02-11 10:41:56'),(343,'85_I2yVcbhU','2015-04-19','2015-02-11 10:41:56','2015-02-11 10:41:56'),(344,'JhjQps5WcUc','2015-04-20','2015-02-11 10:41:56','2015-02-11 10:41:56'),(345,'U2Sc19rRAl0','2015-04-21','2015-02-11 10:41:56','2015-02-11 10:41:56'),(346,'H8TAOHLLT0w','2015-04-22','2015-02-11 10:41:56','2015-02-11 10:41:56'),(347,'zZ1g2tAXqWQ','2015-04-23','2015-02-11 10:41:56','2015-02-11 10:41:56'),(348,'7MA0jtdjHSM','2015-04-24','2015-02-11 10:41:56','2015-02-11 10:41:56'),(349,'KzfvVe2Ph6w','2015-04-25','2015-02-11 10:41:56','2015-02-11 10:41:56'),(350,'VO7KrhjbrWg','2015-04-26','2015-02-11 10:41:56','2015-02-11 10:41:56'),(351,'6bM5SzQFpZQ','2015-04-27','2015-02-11 10:41:56','2015-02-11 10:41:56'),(352,'Y3Wiwh3M__g','2015-04-28','2015-02-11 10:41:56','2015-02-11 10:41:56'),(353,'YOkxRDaYuDk','2015-04-29','2015-02-11 10:41:56','2015-02-11 10:41:56'),(354,'N5Vk_9K7C9g','2015-04-30','2015-02-11 10:41:57','2015-02-11 10:41:57'),(355,'7u7tZSye8GQ','2015-05-01','2015-02-11 10:41:57','2015-02-11 10:41:57'),(356,'LITAGDY95g0','2015-05-02','2015-02-11 10:41:57','2015-02-11 10:41:57'),(357,'dCKMLrTvV04','2015-05-03','2015-02-11 10:41:57','2015-02-11 10:41:57'),(358,'dhQeNAv_RoA','2015-05-04','2015-02-11 10:41:57','2015-02-11 10:41:57'),(359,'yZKzGehDxmo','2015-05-05','2015-02-11 10:41:57','2015-02-11 10:41:57'),(360,'DKtmZBFmS7s','2015-05-06','2015-02-11 10:41:57','2015-02-11 10:41:57'),(361,'3MEPz665D1E','2015-05-07','2015-02-11 10:41:57','2015-02-11 10:41:57'),(362,'OziIP5rbuE4','2015-05-08','2015-02-11 10:41:57','2015-02-11 10:41:57'),(363,'fUbFZkfjpfQ','2015-05-09','2015-02-11 10:41:57','2015-02-11 10:41:57'),(364,'qKJhvyAv2fY','2015-05-10','2015-02-11 10:41:57','2015-02-11 10:41:57'),(365,'HUCmag5dVxo','2015-05-11','2015-02-11 10:41:57','2015-02-11 10:41:57'),(366,'2mXPSsoew9k','2015-05-12','2015-02-11 10:41:57','2015-02-11 10:41:57'),(367,'UyJ8Qbh_LH0','2015-05-13','2015-02-11 10:41:57','2015-02-11 10:41:57'),(368,'1b-1LsKuroY','2015-05-14','2015-05-13 15:01:05','2015-05-13 15:01:05'),(369,'qiMn053s_ZY','2015-05-15','2015-05-14 15:01:05','2015-05-14 15:01:05'),(370,'wfpPt8z2aEA','2015-05-16','2015-05-15 15:01:05','2015-05-15 15:01:05'),(371,'bDXjSP_8CAc','2015-05-17','2015-05-16 15:01:05','2015-05-16 15:01:05'),(372,'w0f1ojQbKzw','2015-05-18','2015-05-17 15:01:05','2015-05-17 15:01:05'),(373,'rxbDuc0zhx4','2015-05-19','2015-05-18 15:01:06','2015-05-18 15:01:06'),(374,'LVPcTo5nGnU','2015-05-20','2015-05-19 15:01:05','2015-05-19 15:01:05'),(375,'_ZJtGAx7siw','2015-05-21','2015-05-20 15:01:05','2015-05-20 15:01:05'),(376,'Zjr_-7O43C4','2015-05-22','2015-05-21 15:01:05','2015-05-21 15:01:05'),(377,'7KQjlUekhzk','2015-05-23','2015-05-22 15:01:05','2015-05-22 15:01:05'),(378,'Co0TmFvqxvY','2015-05-24','2015-05-23 15:01:05','2015-05-23 15:01:05'),(379,'9yunxAvbzCo','2015-05-25','2015-05-24 15:01:05','2015-05-24 15:01:05'),(380,'fs1vP01vGeY','2015-05-26','2015-05-25 15:01:05','2015-05-25 15:01:05'),(381,'Z-kO6n23Ydg','2015-05-27','2015-05-26 15:01:05','2015-05-26 15:01:05'),(382,'cP6x1-YIBmM','2015-05-28','2015-05-27 15:01:05','2015-05-27 15:01:05'),(383,'YavNgBaqHoc','2015-05-29','2015-05-28 15:01:05','2015-05-28 15:01:05'),(384,'qcprnxnkBcs','2015-05-30','2015-05-29 15:01:05','2015-05-29 15:01:05'),(385,'CENfFHw9Kg8','2015-05-31','2015-05-30 15:01:05','2015-05-30 15:01:05'),(386,'csSLXUP9xk0','2015-06-01','2015-05-31 15:01:05','2015-05-31 15:01:05'),(387,'PJ7xVKz8I6w','2015-06-02','2015-06-01 15:01:05','2015-06-01 15:01:05'),(388,'uH7xgGKEnz0','2015-06-03','2015-06-02 15:01:04','2015-06-02 15:01:04'),(389,'WcOUxyhDVSY','2015-06-04','2015-06-03 15:01:05','2015-06-03 15:01:05'),(390,'C_Srcfj7qHA','2015-06-05','2015-06-04 15:01:04','2015-06-04 15:01:04'),(391,'Xr2JQ3xW-Gc','2015-06-06','2015-06-05 15:01:05','2015-06-05 15:01:05'),(392,'z_PB3Jfo03o','2015-06-07','2015-06-06 15:01:05','2015-06-06 15:01:05'),(393,'b9lwmxbis8M','2015-06-08','2015-06-07 15:01:04','2015-06-07 15:01:04'),(394,'-xUKsNrLOLQ','2015-06-09','2015-06-08 15:01:04','2015-06-08 15:01:04'),(395,'1UVodfF7aZI','2015-06-10','2015-06-09 15:01:05','2015-06-09 15:01:05'),(396,'zvmlcwyHR5Q','2015-06-11','2015-06-10 15:01:05','2015-06-10 15:01:05'),(397,'EKSd6xUNPU4','2015-06-12','2015-06-11 15:01:05','2015-06-11 15:01:05'),(398,'XpH_xZaBrzQ','2015-06-13','2015-06-12 15:01:04','2015-06-12 15:01:04'),(399,'pOby4b4O8gE','2015-06-14','2015-06-13 15:01:04','2015-06-13 15:01:04'),(400,'qiMn053s_ZY','2015-06-15','2015-06-14 15:01:05','2015-06-14 15:01:05'),(401,'Vhosr_SjjN0','2015-06-16','2015-06-15 15:01:05','2015-06-15 15:01:05'),(402,'p7LcjQcAWtg','2015-06-17','2015-06-16 15:01:05','2015-06-16 15:01:05'),(403,'s_8NZ8rn_Us','2015-06-18','2015-06-17 15:01:05','2015-06-17 15:01:05'),(404,'GtLmBjkFQ7k','2015-06-19','2015-06-18 15:01:05','2015-06-18 15:01:05'),(405,'y9oJXm3ygOE','2015-06-20','2015-06-19 15:01:05','2015-06-19 15:01:05'),(406,'rWHbK8dq1gU','2015-06-21','2015-06-20 15:01:05','2015-06-20 15:01:05'),(407,'HRn2OIFs8DA','2015-06-22','2015-06-21 15:01:04','2015-06-21 15:01:04'),(408,'PKvwQ4f_XpE','2015-06-23','2015-06-22 15:01:05','2015-06-22 15:01:05'),(409,'TohhjiAkmZ8','2015-06-24','2015-06-23 15:01:05','2015-06-23 15:01:05'),(410,'7L8jGxljy04','2015-06-25','2015-06-24 15:01:05','2015-06-24 15:01:05'),(411,'368MlsCI25M','2015-06-26','2015-06-25 15:01:04','2015-06-25 15:01:04'),(412,'oVaeZVYgEfs','2015-06-27','2015-06-26 15:01:04','2015-06-26 15:01:04'),(413,'7IcVeEOy9HE','2015-06-28','2015-06-27 15:01:04','2015-06-27 15:01:04'),(414,'2G3KsrvDPKQ','2015-06-29','2015-06-28 15:01:04','2015-06-28 15:01:04'),(415,'HoUM-XxOm6I','2015-06-30','2015-06-29 15:01:05','2015-06-29 15:01:05'),(416,'hfVELQk27W4','2015-07-01','2015-06-30 15:01:04','2015-06-30 15:01:04'),(417,'C138QPKNU2U','2015-07-02','2015-07-01 15:01:04','2015-07-01 15:01:04'),(418,'csSLXUP9xk0','2015-07-03','2015-07-02 15:01:05','2015-07-02 15:01:05'),(419,'BvsK5HN3WiU','2015-07-04','2015-07-03 15:01:05','2015-07-03 15:01:05'),(420,'LxgMFO0xuEk','2015-07-05','2015-07-04 15:01:04','2015-07-04 15:01:04'),(421,'MUvXJu4i0a0','2015-07-06','2015-07-05 15:01:04','2015-07-05 15:01:04'),(422,'rlma_TP8lr4','2015-07-07','2015-07-06 15:01:04','2015-07-06 15:01:04'),(423,'k21LAaRZ-uM','2015-07-08','2015-07-07 15:01:05','2015-07-07 15:01:05'),(424,'XwW5_MFzC6A','2015-07-09','2015-07-08 15:01:04','2015-07-08 15:01:04'),(425,'bb_qJ33fmL4','2015-07-10','2015-07-09 15:01:04','2015-07-09 15:01:04'),(426,'eyNqLvdZY-8','2015-07-11','2015-07-10 15:01:05','2015-07-10 15:01:05'),(427,'TfShgYAT8W8','2015-07-12','2015-07-11 15:01:05','2015-07-11 15:01:05'),(428,'4ckzJS0R3Zg','2015-07-13','2015-07-12 15:01:05','2015-07-12 15:01:05'),(429,'4ckzJS0R3Zg','2015-07-14','2015-07-13 15:01:04','2015-07-13 15:01:04'),(430,'N30PVsHHc4U','2015-07-15','2015-07-14 15:01:05','2015-07-14 15:01:05'),(431,'5kfEOVCxikc','2015-07-16','2015-07-15 15:01:05','2015-07-15 15:01:05'),(432,'t5m--7k60lE','2015-07-17','2015-07-16 15:01:05','2015-07-16 15:01:05'),(433,'-3xGyRiepe0','2015-07-18','2015-07-17 15:01:05','2015-07-17 15:01:05'),(434,'DPS3loXzGTw','2015-07-19','2015-07-18 15:01:04','2015-07-18 15:01:04'),(435,'PRgOqCZID58','2015-07-20','2015-07-19 15:01:05','2015-07-19 15:01:05'),(436,'dT-I8vThSuA','2015-07-21','2015-07-20 15:01:04','2015-07-20 15:01:04'),(437,'TohhjiAkmZ8','2015-07-22','2015-07-21 15:01:05','2015-07-21 15:01:05'),(438,'rxbDuc0zhx4','2015-07-23','2015-07-22 15:01:05','2015-07-22 15:01:05'),(439,'o7V9T5YuUO4','2015-07-24','2015-07-23 15:01:05','2015-07-23 15:01:05'),(440,'RqHZUWLxMdo','2015-07-25','2015-07-24 15:01:04','2015-07-24 15:01:04'),(441,'0SSlJymmLMc','2015-07-26','2015-07-25 15:01:05','2015-07-25 15:01:05'),(442,'7FnP1K3JJBw','2015-07-27','2015-07-26 15:01:05','2015-07-26 15:01:05'),(443,'-Ay0OakbX8U','2015-07-28','2015-07-27 15:01:05','2015-07-27 15:01:05'),(444,'HUCmag5dVxo','2015-07-29','2015-07-28 15:01:04','2015-07-28 15:01:04'),(445,'TY_N-Z4XCl8','2015-07-30','2015-07-29 15:01:05','2015-07-29 15:01:05'),(446,'XEu6gZzyx_U','2015-07-31','2015-07-30 15:01:05','2015-07-30 15:01:05'),(447,'TohhjiAkmZ8','2015-08-01','2015-07-31 15:01:05','2015-07-31 15:01:05'),(448,'WD00QxwBTSY','2015-08-02','2015-08-01 15:01:05','2015-08-01 15:01:05'),(449,'Qv46dvfWa8Q','2015-08-03','2015-08-02 15:01:05','2015-08-02 15:01:05'),(450,'-xUKsNrLOLQ','2015-08-04','2015-08-03 15:01:04','2015-08-03 15:01:04'),(451,'7MA0jtdjHSM','2015-08-05','2015-08-04 15:01:04','2015-08-04 15:01:04'),(452,'9bSc2tW4HpM','2015-08-06','2015-08-05 15:01:05','2015-08-05 15:01:05'),(453,'xXIm6ba1oxE','2015-08-07','2015-08-06 15:01:04','2015-08-06 15:01:04'),(454,'6_unu2fNi4s','2015-08-08','2015-08-07 15:01:04','2015-08-07 15:01:04'),(455,'14Zl8mWKUzk','2015-08-09','2015-08-08 15:01:05','2015-08-08 15:01:05'),(456,'BvsK5HN3WiU','2015-08-10','2015-08-09 15:01:05','2015-08-09 15:01:05'),(457,'HJg7WkOHxMs','2015-08-11','2015-08-10 15:01:05','2015-08-10 15:01:05'),(458,'ofL1q11CoxE','2015-08-23','2015-08-22 15:01:05','2015-08-22 15:01:05'),(459,'2Sx4Kwowr7U','2015-08-24','2015-08-23 15:01:05','2015-08-23 15:01:05'),(460,'8yS8GOvKfSs','2015-08-25','2015-08-24 15:01:04','2015-08-24 15:01:04'),(461,'qcprnxnkBcs','2015-08-26','2015-08-25 15:01:05','2015-08-25 15:01:05'),(462,'fa5biSOaFJg','2015-08-27','2015-08-26 15:01:04','2015-08-26 15:01:04'),(463,'2F1G2r59oZk','2015-08-28','2015-08-27 15:01:06','2015-08-27 15:01:06'),(464,'1hx1GVFO9Cs','2015-08-29','2015-08-28 15:01:04','2015-08-28 15:01:04'),(465,'Mdo3uvX-yog','2015-08-30','2015-08-29 15:01:04','2015-08-29 15:01:04'),(466,'dj93e1nLGwE','2015-08-31','2015-08-30 15:01:04','2015-08-30 15:01:04'),(467,'u3gPNKinadw','2015-09-01','2015-08-31 15:01:05','2015-08-31 15:01:05'),(468,'dj93e1nLGwE','2015-09-02','2015-09-01 15:01:04','2015-09-01 15:01:04'),(469,'x5sEDpGMqkU','2015-09-03','2015-09-02 15:01:05','2015-09-02 15:01:05'),(470,'Qv46dvfWa8Q','2015-09-04','2015-09-03 15:01:05','2015-09-03 15:01:05'),(471,'qFK3Pu6YJQ8','2015-09-05','2015-09-04 15:01:04','2015-09-04 15:01:04'),(472,'zgnH_MNzlqs','2015-09-06','2015-09-05 15:01:05','2015-09-05 15:01:05'),(473,'OziIP5rbuE4','2015-09-07','2015-09-06 15:01:05','2015-09-06 15:01:05'),(474,'OkPoqIcWxEI','2015-09-08','2015-09-07 15:01:04','2015-09-07 15:01:04'),(475,'zo3pwwZCEcg','2015-09-09','2015-09-08 15:01:05','2015-09-08 15:01:05'),(476,'PRgOqCZID58','2015-09-10','2015-09-09 15:01:05','2015-09-09 15:01:05'),(477,'jfIeFt4Wou0','2015-09-11','2015-09-10 15:01:04','2015-09-10 15:01:04'),(478,'anYPlVAkPSQ','2015-09-12','2015-09-11 15:01:04','2015-09-11 15:01:04'),(479,'mMG-EoDpd2w','2015-09-13','2015-09-12 15:01:04','2015-09-12 15:01:04'),(480,'aPYRhBSxk5k','2015-09-14','2015-09-13 15:01:04','2015-09-13 15:01:04'),(481,'oC66717nuRY','2015-09-15','2015-09-14 15:01:05','2015-09-14 15:01:05'),(482,'7FtoNUdkfNc','2015-09-16','2015-09-15 15:01:04','2015-09-15 15:01:04'),(483,'6Xm8EEJ6rjc','2015-09-17','2015-09-16 15:01:05','2015-09-16 15:01:05'),(484,'roqFL0oEZYw','2015-09-18','2015-09-17 15:01:05','2015-09-17 15:01:05'),(485,'RIYejS2ujjo','2015-09-19','2015-09-18 15:01:05','2015-09-18 15:01:05'),(486,'aBO3dePaUYw','2015-09-20','2015-09-19 15:01:05','2015-09-19 15:01:05'),(487,'yJptus8dsKY','2015-09-21','2015-09-20 15:01:05','2015-09-20 15:01:05'),(488,'oVaeZVYgEfs','2015-09-22','2015-09-21 15:01:05','2015-09-21 15:01:05'),(489,'FOs04eyWBKQ','2015-09-23','2015-09-22 15:01:04','2015-09-22 15:01:04'),(490,'HJg7WkOHxMs','2015-09-24','2015-09-23 15:01:04','2015-09-23 15:01:04'),(491,'s5WnkWu-_HE','2015-09-25','2015-09-24 15:01:05','2015-09-24 15:01:05'),(492,'LcWXIbcCxEQ','2015-09-26','2015-09-25 15:01:05','2015-09-25 15:01:05'),(493,'hfVELQk27W4','2015-09-27','2015-09-26 15:01:05','2015-09-26 15:01:05'),(494,'yJptus8dsKY','2015-09-28','2015-09-27 15:01:04','2015-09-27 15:01:04'),(495,'XHHh6mYrYNI','2015-09-29','2015-09-28 15:01:05','2015-09-28 15:01:05'),(496,'Ig_arzhGuhM','2015-09-30','2015-09-29 15:01:05','2015-09-29 15:01:05'),(497,'YOkxRDaYuDk','2015-10-01','2015-09-30 15:01:05','2015-09-30 15:01:05'),(498,'ri35YKhV-ME','2015-10-02','2015-10-01 15:01:05','2015-10-01 15:01:05'),(499,'eO35NeuPQqI','2015-10-03','2015-10-02 15:01:04','2015-10-02 15:01:04'),(500,'lHxrb0GeCj4','2015-10-04','2015-10-03 15:01:16','2015-10-03 15:01:16'),(501,'YavNgBaqHoc','2015-10-05','2015-10-04 15:01:05','2015-10-04 15:01:05'),(502,'anYPlVAkPSQ','2015-10-06','2015-10-05 15:01:05','2015-10-05 15:01:05'),(503,'eNM6Xz7JMTY','2015-10-07','2015-10-06 15:01:05','2015-10-06 15:01:05'),(504,'l_t88F98snM','2015-10-08','2015-10-07 15:01:05','2015-10-07 15:01:05'),(505,'0qA8zwYOl9o','2015-10-09','2015-10-08 15:01:05','2015-10-08 15:01:05'),(506,'MCXSldXbidI','2015-10-10','2015-10-09 15:01:05','2015-10-09 15:01:05'),(507,'9MkWWrlx8qM','2015-10-11','2015-10-10 15:01:05','2015-10-10 15:01:05'),(508,'yZKzGehDxmo','2015-10-12','2015-10-11 15:01:05','2015-10-11 15:01:05'),(509,'-Ay0OakbX8U','2015-10-13','2015-10-12 15:01:06','2015-10-12 15:01:06'),(510,'lotrw32qs38','2015-10-14','2015-10-13 15:01:05','2015-10-13 15:01:05'),(511,'oC66717nuRY','2015-10-15','2015-10-14 15:01:06','2015-10-14 15:01:06'),(512,'YbYH47XuOq0','2015-10-16','2015-10-15 15:01:05','2015-10-15 15:01:05'),(513,'-ENWdLODjJs','2015-10-17','2015-10-16 15:01:06','2015-10-16 15:01:06'),(514,'9bSc2tW4HpM','2015-10-18','2015-10-17 15:01:05','2015-10-17 15:01:05'),(515,'yTzc2VnjkQw','2015-10-19','2015-10-18 15:01:04','2015-10-18 15:01:04'),(516,'9yunxAvbzCo','2015-10-20','2015-10-19 15:01:05','2015-10-19 15:01:05'),(517,'yY9O-V0DDqk','2015-10-21','2015-10-20 15:01:05','2015-10-20 15:01:05'),(518,'xXIm6ba1oxE','2015-10-22','2015-10-21 15:01:05','2015-10-21 15:01:05'),(519,'UB1oZZ6aaAU','2015-10-23','2015-10-22 15:01:05','2015-10-22 15:01:05'),(520,'2nx81srj44c','2015-10-24','2015-10-23 15:01:05','2015-10-23 15:01:05'),(521,'WVk70BIfxaQ','2015-10-25','2015-10-24 15:01:05','2015-10-24 15:01:05'),(522,'TD-fhGL0Bzk','2015-10-26','2015-10-25 15:01:05','2015-10-25 15:01:05'),(523,'w0f1ojQbKzw','2015-10-27','2015-10-26 15:01:05','2015-10-26 15:01:05'),(524,'rGXLXImN7nI','2015-10-28','2015-10-27 15:01:05','2015-10-27 15:01:05'),(525,'BvsK5HN3WiU','2015-10-29','2015-10-28 15:01:05','2015-10-28 15:01:05'),(526,'J5CyzT7HUz4','2015-10-30','2015-10-29 15:01:05','2015-10-29 15:01:05'),(527,'7Cp-e70yj6Y','2015-10-31','2015-10-30 15:01:05','2015-10-30 15:01:05'),(528,'H-Wut0BVQ_U','2015-11-01','2015-10-31 15:01:05','2015-10-31 15:01:05'),(529,'7_LUXNtGRdE','2015-11-02','2015-11-01 15:01:05','2015-11-01 15:01:05'),(530,'fUGZwd445EM','2015-11-03','2015-11-02 15:01:05','2015-11-02 15:01:05'),(531,'SMVY1cm3eV8','2015-11-04','2015-11-03 15:01:05','2015-11-03 15:01:05'),(532,'m354q21Bxh4','2015-11-05','2015-11-04 15:01:05','2015-11-04 15:01:05'),(533,'yY9O-V0DDqk','2015-11-06','2015-11-05 15:01:05','2015-11-05 15:01:05'),(534,'iTO-XrNnbkk','2015-11-07','2015-11-06 15:01:05','2015-11-06 15:01:05'),(535,'xXIm6ba1oxE','2015-11-08','2015-11-07 15:01:05','2015-11-07 15:01:05'),(536,'lMB_rK8o6rE','2015-11-09','2015-11-08 15:01:05','2015-11-08 15:01:05'),(537,'VAP2AzRxDbs','2015-11-10','2015-11-09 15:01:05','2015-11-09 15:01:05'),(538,'Z7ixtC4ntOw','2015-11-11','2015-11-10 15:01:05','2015-11-10 15:01:05'),(539,'sbGzz8BfBu4','2015-11-12','2015-11-11 15:01:05','2015-11-11 15:01:05'),(540,'3Rsf_Tahgk4','2015-11-13','2015-11-12 15:01:05','2015-11-12 15:01:05'),(541,'yZKzGehDxmo','2015-11-14','2015-11-13 15:01:05','2015-11-13 15:01:05'),(542,'vk9LlFDkCb0','2015-11-15','2015-11-14 15:01:05','2015-11-14 15:01:05'),(543,'qkgJ85oCodU','2015-11-16','2015-11-15 15:01:06','2015-11-15 15:01:06'),(544,'cIDPdhKkfYI','2015-11-17','2015-11-16 15:01:05','2015-11-16 15:01:05'),(545,'hYmy7szIuIw','2015-11-18','2015-11-17 15:01:05','2015-11-17 15:01:05'),(546,'DbpfjUyk_jw','2015-11-19','2015-11-18 15:01:05','2015-11-18 15:01:05'),(547,'Co0TmFvqxvY','2015-11-20','2015-11-19 15:01:05','2015-11-19 15:01:05'),(548,'z__B_djrJc4','2015-11-21','2015-11-20 15:01:05','2015-11-20 15:01:05'),(549,'7QHXcb0oqF4','2015-11-22','2015-11-21 15:01:05','2015-11-21 15:01:05'),(550,'sXVAN3thxME','2015-11-23','2015-11-22 15:01:04','2015-11-22 15:01:04'),(551,'FOs04eyWBKQ','2015-11-24','2015-11-23 15:01:05','2015-11-23 15:01:05'),(552,'JdKiJd-tYu4','2015-11-26','2015-11-25 15:01:05','2015-11-25 15:01:05'),(553,'JmNUI29IKCs','2015-11-27','2015-11-26 15:01:05','2015-11-26 15:01:05'),(554,'4iUgg-bN3ig','2015-11-28','2015-11-27 15:01:05','2015-11-27 15:01:05'),(555,'Ocy2RqL8Ac0','2015-11-29','2015-11-28 15:01:05','2015-11-28 15:01:05'),(556,'2kXM9ZDe0PE','2015-11-30','2015-11-29 15:01:05','2015-11-29 15:01:05'),(557,'3trYIk73p0k','2015-12-01','2015-11-30 15:01:05','2015-11-30 15:01:05'),(558,'SnXkhkEvNIM','2015-12-02','2015-12-01 15:01:04','2015-12-01 15:01:04'),(559,'8I-qBnFbse0','2015-12-03','2015-12-02 15:01:05','2015-12-02 15:01:05'),(560,'sWvuAO_LHiw','2015-12-04','2015-12-03 15:01:05','2015-12-03 15:01:05'),(561,'rOpwGa6vRYI','2015-12-05','2015-12-04 15:01:05','2015-12-04 15:01:05'),(562,'nCOoxRs9IOQ','2015-12-06','2015-12-05 15:01:05','2015-12-05 15:01:05'),(563,'H8TAOHLLT0w','2015-12-07','2015-12-06 15:01:12','2015-12-06 15:01:12'),(564,'emGiPyoAfz8','2015-12-08','2015-12-07 15:01:05','2015-12-07 15:01:05'),(565,'J5CyzT7HUz4','2015-12-09','2015-12-08 15:01:05','2015-12-08 15:01:05'),(566,'UIqH9bZlqlo','2015-12-10','2015-12-09 15:01:08','2015-12-09 15:01:08'),(567,'wfpPt8z2aEA','2015-12-11','2015-12-10 15:01:05','2015-12-10 15:01:05'),(568,'wfpPt8z2aEA','2015-12-12','2015-12-11 15:01:06','2015-12-11 15:01:06'),(569,'WdhLlPWgF4Y','2015-12-13','2015-12-12 15:01:05','2015-12-12 15:01:05'),(570,'h1M4X8GSpWA','2015-12-14','2015-12-13 15:01:06','2015-12-13 15:01:06'),(571,'TsKs0oGhTWo','2015-12-15','2015-12-14 15:01:05','2015-12-14 15:01:05'),(572,'Ks9G4_vTFN4','2015-12-16','2015-12-15 15:01:05','2015-12-15 15:01:05'),(573,'5TC3j2beOP4','2015-12-17','2015-12-16 15:01:05','2015-12-16 15:01:05'),(574,'vkH29ILw_Qw','2015-12-18','2015-12-17 15:01:05','2015-12-17 15:01:05'),(575,'svEYFvGOF3U','2015-12-19','2015-12-18 15:01:06','2015-12-18 15:01:06'),(576,'4NsQtYEQf4E','2015-12-20','2015-12-19 15:01:05','2015-12-19 15:01:05'),(577,'8UR1tBp23mM','2015-12-21','2015-12-20 15:01:05','2015-12-20 15:01:05'),(578,'sWvuAO_LHiw','2015-12-22','2015-12-21 15:01:05','2015-12-21 15:01:05'),(579,'B254xxs4ywM','2015-12-23','2015-12-22 15:01:05','2015-12-22 15:01:05'),(580,'y9oJXm3ygOE','2015-12-24','2015-12-23 15:01:06','2015-12-23 15:01:06'),(581,'y03Xkh0mmC0','2015-12-25','2015-12-24 15:01:06','2015-12-24 15:01:06'),(582,'oI76VzHC_Go','2015-12-26','2015-12-25 15:01:05','2015-12-25 15:01:05'),(583,'GaEQJYgQNi0','2015-12-27','2015-12-26 15:01:05','2015-12-26 15:01:05'),(584,'RqHZUWLxMdo','2015-12-28','2015-12-27 15:01:04','2015-12-27 15:01:04'),(585,'npSkmTvIjO4','2015-12-29','2015-12-28 15:01:05','2015-12-28 15:01:05'),(586,'Eahu-s-CXkk','2015-12-30','2015-12-29 15:01:06','2015-12-29 15:01:06'),(587,'_bzS83nl3oM','2015-12-31','2015-12-30 15:01:05','2015-12-30 15:01:05'),(588,'lHxrb0GeCj4','2016-01-01','2015-12-31 15:01:05','2015-12-31 15:01:05'),(589,'fa5biSOaFJg','2016-01-02','2016-01-01 15:01:06','2016-01-01 15:01:06'),(590,'LA-JDnpt2iQ','2016-01-03','2016-01-02 15:01:05','2016-01-02 15:01:05'),(591,'MIxeuUIeF3U','2016-01-17','2016-01-16 15:01:05','2016-01-16 15:01:05'),(592,'8IJVS7pVWg8','2016-01-18','2016-01-17 15:01:05','2016-01-17 15:01:05'),(593,'XXCzJK3-iZY','2016-01-19','2016-01-18 15:01:05','2016-01-18 15:01:05'),(594,'7L8jGxljy04','2016-01-20','2016-01-19 15:01:05','2016-01-19 15:01:05'),(595,'fUbFZkfjpfQ','2016-01-21','2016-01-20 15:01:05','2016-01-20 15:01:05'),(596,'OEDN7EPznoY','2016-01-22','2016-01-21 15:01:05','2016-01-21 15:01:05'),(597,'WUFw3IK-qs8','2016-01-23','2016-01-22 15:01:12','2016-01-22 15:01:12'),(598,'6JrNLMLg7RE','2016-01-24','2016-01-23 15:01:05','2016-01-23 15:01:05'),(599,'wj5pVZ2JbVU','2016-01-25','2016-01-24 15:01:16','2016-01-24 15:01:16'),(600,'UqNOXP5-qYc','2016-01-26','2016-01-25 15:01:05','2016-01-25 15:01:05'),(601,'uNHzJG-30Zs','2016-01-27','2016-01-26 15:01:05','2016-01-26 15:01:05'),(602,'WcOUxyhDVSY','2016-01-28','2016-01-27 15:01:05','2016-01-27 15:01:05'),(603,'EPcPGc7f-aE','2016-01-29','2016-01-28 15:01:05','2016-01-28 15:01:05'),(604,'csSLXUP9xk0','2016-01-30','2016-01-29 15:01:07','2016-01-29 15:01:07'),(605,'jZ1GWob9Bxk','2016-01-31','2016-01-30 15:01:04','2016-01-30 15:01:04'),(606,'DbpfjUyk_jw','2016-02-01','2016-01-31 15:01:06','2016-01-31 15:01:06'),(607,'vb5BhEY2Gpw','2016-02-02','2016-02-01 15:01:05','2016-02-01 15:01:05'),(608,'-aFHv3eLq8g','2016-02-03','2016-02-02 15:01:05','2016-02-02 15:01:05'),(609,'14Zl8mWKUzk','2016-02-04','2016-02-03 15:01:05','2016-02-03 15:01:05'),(610,'HHML2F7l2vU','2016-02-05','2016-02-04 15:01:05','2016-02-04 15:01:05'),(611,'JFfWmMcOU5Q','2016-02-06','2016-02-05 15:01:05','2016-02-05 15:01:05'),(612,'HMzyU1zSO1o','2016-02-07','2016-02-06 15:01:05','2016-02-06 15:01:05'),(613,'O6mJvhdm5MQ','2016-02-08','2016-02-07 15:01:05','2016-02-07 15:01:05'),(614,'PRgOqCZID58','2016-02-09','2016-02-08 15:01:05','2016-02-08 15:01:05'),(615,'WdhLlPWgF4Y','2016-02-10','2016-02-09 15:01:06','2016-02-09 15:01:06'),(616,'44oPxIjUtGc','2016-02-11','2016-02-10 15:01:05','2016-02-10 15:01:05'),(617,'y03Xkh0mmC0','2016-02-12','2016-02-11 15:01:05','2016-02-11 15:01:05'),(618,'8-Z0KX7pXKs','2016-02-13','2016-02-12 15:01:06','2016-02-12 15:01:06'),(619,'TY_N-Z4XCl8','2016-02-14','2016-02-13 15:01:05','2016-02-13 15:01:05'),(620,'5SntLIEYTS4','2016-02-15','2016-02-14 15:01:05','2016-02-14 15:01:05'),(621,'DctkTzlyDDg','2016-02-16','2016-02-15 15:01:13','2016-02-15 15:01:13'),(622,'cTbw-PqU514','2016-02-17','2016-02-16 15:01:05','2016-02-16 15:01:05'),(623,'Axl7VT0y63s','2016-02-18','2016-02-17 15:01:05','2016-02-17 15:01:05'),(624,'PRgOqCZID58','2016-02-19','2016-02-18 15:01:05','2016-02-18 15:01:05'),(625,'ySC0apNduaQ','2016-02-20','2016-02-19 15:01:05','2016-02-19 15:01:05'),(626,'2nx81srj44c','2016-02-21','2016-02-20 15:01:05','2016-02-20 15:01:05'),(627,'3lr2CG1_qFo','2016-02-22','2016-02-21 15:01:05','2016-02-21 15:01:05'),(628,'H_o753eDRVQ','2016-02-23','2016-02-22 15:01:05','2016-02-22 15:01:05'),(629,'u1kvlgf-tTM','2016-02-24','2016-02-23 15:01:05','2016-02-23 15:01:05'),(630,'KsSFpuToNh8','2016-02-25','2016-02-24 15:01:04','2016-02-24 15:01:04'),(631,'ghOsH6uY8oA','2016-02-26','2016-02-25 15:01:05','2016-02-25 15:01:05'),(632,'UIqH9bZlqlo','2016-02-27','2016-02-26 15:01:05','2016-02-26 15:01:05'),(633,'AwC5k3hpuGY','2016-02-28','2016-02-27 15:01:05','2016-02-27 15:01:05'),(634,'2mXPSsoew9k','2016-02-29','2016-02-28 15:01:05','2016-02-28 15:01:05'),(635,'MIxeuUIeF3U','2016-03-01','2016-02-29 15:01:17','2016-02-29 15:01:17'),(636,'GtLmBjkFQ7k','2016-03-02','2016-03-01 15:01:05','2016-03-01 15:01:05'),(637,'WUFw3IK-qs8','2016-03-03','2016-03-02 15:01:05','2016-03-02 15:01:05'),(638,'7FnP1K3JJBw','2016-03-04','2016-03-03 15:01:05','2016-03-03 15:01:05'),(639,'aBO3dePaUYw','2016-03-05','2016-03-04 15:01:05','2016-03-04 15:01:05'),(640,'N30PVsHHc4U','2016-03-06','2016-03-05 15:01:08','2016-03-05 15:01:08'),(641,'_CddRkYpKtI','2016-03-07','2016-03-06 15:01:05','2016-03-06 15:01:05'),(642,'cTbw-PqU514','2016-03-08','2016-03-07 15:01:05','2016-03-07 15:01:05'),(643,'-aFHv3eLq8g','2016-03-09','2016-03-08 15:01:05','2016-03-08 15:01:05'),(644,'Lvfo3C3rGCI','2016-03-10','2016-03-09 15:01:05','2016-03-09 15:01:05'),(645,'YgKjqN4mYSg','2016-03-11','2016-03-10 15:01:06','2016-03-10 15:01:06'),(646,'pZN0nHB0qRQ','2016-03-12','2016-03-11 15:01:05','2016-03-11 15:01:05'),(647,'w0f1ojQbKzw','2016-03-13','2016-03-12 15:01:05','2016-03-12 15:01:05'),(648,'zWXFyRHolHA','2016-03-14','2016-03-13 15:01:24','2016-03-13 15:01:24'),(649,'CnV34wsvbCE','2016-03-15','2016-03-14 15:01:05','2016-03-14 15:01:05'),(650,'u1kvlgf-tTM','2016-03-16','2016-03-15 15:01:05','2016-03-15 15:01:05'),(651,'5kTbT9m9LNo','2016-03-17','2016-03-16 15:01:05','2016-03-16 15:01:05'),(652,'LVPcTo5nGnU','2016-03-18','2016-03-17 15:01:05','2016-03-17 15:01:05'),(653,'PY9qT5FtqHY','2016-03-19','2016-03-18 15:01:05','2016-03-18 15:01:05'),(654,'ggBcpLQJb0o','2016-03-20','2016-03-19 15:01:05','2016-03-19 15:01:05'),(655,'s5WnkWu-_HE','2016-03-21','2016-03-20 15:01:05','2016-03-20 15:01:05'),(656,'V58EqJxODSo','2016-03-22','2016-03-21 15:01:06','2016-03-21 15:01:06'),(657,'O6mJvhdm5MQ','2016-03-23','2016-03-22 15:01:05','2016-03-22 15:01:05'),(658,'JhjQps5WcUc','2016-03-24','2016-03-23 15:01:06','2016-03-23 15:01:06'),(659,'7FtoNUdkfNc','2016-03-25','2016-03-24 15:01:08','2016-03-24 15:01:08'),(660,'vkH29ILw_Qw','2016-03-26','2016-03-25 15:01:09','2016-03-25 15:01:09'),(661,'kl-0ABda1aA','2016-03-27','2016-03-26 15:01:07','2016-03-26 15:01:07'),(662,'CxwCDe8CbO0','2016-03-28','2016-03-27 15:01:07','2016-03-27 15:01:07'),(663,'ri35YKhV-ME','2016-03-29','2016-03-28 15:01:05','2016-03-28 15:01:05'),(664,'ojFz98v3BHM','2016-03-30','2016-03-29 15:01:06','2016-03-29 15:01:06'),(665,'vb5BhEY2Gpw','2016-03-31','2016-03-30 15:01:11','2016-03-30 15:01:11'),(666,'6w3Ep_Zu4UE','2016-04-01','2016-03-31 15:01:05','2016-03-31 15:01:05'),(667,'2kXM9ZDe0PE','2016-04-02','2016-04-01 15:01:05','2016-04-01 15:01:05'),(668,'nh1w1-QVRT4','2016-04-03','2016-04-02 15:01:05','2016-04-02 15:01:05'),(669,'mMG-EoDpd2w','2016-04-04','2016-04-03 15:01:19','2016-04-03 15:01:19'),(670,'fhahd1bgksE','2016-04-05','2016-04-04 15:01:05','2016-04-04 15:01:05'),(671,'b9lwmxbis8M','2016-04-06','2016-04-05 15:01:04','2016-04-05 15:01:04'),(672,'RoWuNTc7djY','2016-04-07','2016-04-06 15:01:05','2016-04-06 15:01:05'),(673,'bDXjSP_8CAc','2016-04-08','2016-04-07 15:01:05','2016-04-07 15:01:05'),(674,'u3gPNKinadw','2016-04-09','2016-04-08 15:01:05','2016-04-08 15:01:05'),(675,'zvmlcwyHR5Q','2016-04-10','2016-04-09 15:01:06','2016-04-09 15:01:06'),(676,'8-Z0KX7pXKs','2016-04-11','2016-04-10 15:01:05','2016-04-10 15:01:05'),(677,'C_Srcfj7qHA','2016-04-12','2016-04-11 15:01:06','2016-04-11 15:01:06'),(678,'ZmJD-7A6H2A','2016-04-13','2016-04-12 15:01:14','2016-04-12 15:01:14'),(679,'5TC3j2beOP4','2016-04-14','2016-04-13 15:01:06','2016-04-13 15:01:06'),(680,'u3gPNKinadw','2016-04-15','2016-04-14 15:01:06','2016-04-14 15:01:06'),(681,'TsKs0oGhTWo','2016-04-16','2016-04-15 15:01:11','2016-04-15 15:01:11'),(682,'jxzI9XOfh6w','2016-04-17','2016-04-16 15:01:05','2016-04-16 15:01:05'),(683,'qFK3Pu6YJQ8','2016-04-18','2016-04-17 15:01:06','2016-04-17 15:01:06'),(684,'Ocy2RqL8Ac0','2016-04-19','2016-04-18 15:01:05','2016-04-18 15:01:05'),(685,'se36IdE1_Nw','2016-04-20','2016-04-19 15:01:05','2016-04-19 15:01:05'),(686,'svEYFvGOF3U','2016-04-21','2016-04-20 15:01:07','2016-04-20 15:01:07'),(687,'MuJHpjhFRAE','2016-04-22','2016-04-21 15:01:05','2016-04-21 15:01:05'),(688,'a_-clIaVvko','2016-04-23','2016-04-22 15:01:06','2016-04-22 15:01:06'),(689,'7Cp-e70yj6Y','2016-04-24','2016-04-23 15:01:06','2016-04-23 15:01:06'),(690,'se36IdE1_Nw','2016-04-25','2016-04-24 15:01:05','2016-04-24 15:01:05'),(691,'_FkPM-_RrCI','2016-04-26','2016-04-25 15:01:05','2016-04-25 15:01:05'),(692,'K-ZS2MFQy1o','2016-04-27','2016-04-26 15:01:05','2016-04-26 15:01:05'),(693,'yoh1qy0mXM0','2016-04-28','2016-04-27 15:01:06','2016-04-27 15:01:06'),(694,'W6yn0-AhgTM','2016-04-29','2016-04-28 15:01:06','2016-04-28 15:01:06'),(695,'Zw100vOIk5c','2016-04-30','2016-04-29 15:01:06','2016-04-29 15:01:06'),(696,'8yS8GOvKfSs','2016-05-01','2016-04-30 15:01:06','2016-04-30 15:01:06'),(697,'StMYs21OhCE','2016-05-02','2016-05-01 15:01:35','2016-05-01 15:01:35'),(698,'hfVELQk27W4','2016-05-03','2016-05-02 15:01:05','2016-05-02 15:01:05'),(699,'_ZJtGAx7siw','2016-05-04','2016-05-03 15:01:05','2016-05-03 15:01:05'),(700,'8dJVuB5qBVU','2016-05-05','2016-05-04 15:01:05','2016-05-04 15:01:05'),(701,'-qzh4sRe_3w','2016-05-06','2016-05-05 15:01:05','2016-05-05 15:01:05'),(702,'cjQ2eORmIUo','2016-05-07','2016-05-06 15:01:05','2016-05-06 15:01:05'),(703,'MXgTZqGHDhw','2016-05-08','2016-05-07 15:01:06','2016-05-07 15:01:06'),(704,'YK7jRR3BmBU','2016-05-09','2016-05-08 15:01:05','2016-05-08 15:01:05'),(705,'2HYQpbqAe6w','2016-05-10','2016-05-09 15:02:17','2016-05-09 15:02:17'),(706,'Zy46FW5heU0','2016-05-11','2016-05-10 15:01:04','2016-05-10 15:01:04'),(707,'PRebgmIeVb0','2016-05-12','2016-05-11 15:01:04','2016-05-11 15:01:04'),(708,'DqS1HZcVxps','2016-05-13','2016-05-12 15:01:05','2016-05-12 15:01:05'),(709,'bb_qJ33fmL4','2016-05-14','2016-05-13 15:01:04','2016-05-13 15:01:04'),(710,'HoUM-XxOm6I','2016-05-15','2016-05-14 15:01:04','2016-05-14 15:01:04'),(711,'LA-JDnpt2iQ','2016-05-16','2016-05-15 15:01:05','2016-05-15 15:01:05'),(712,'jPClvL9a03M','2016-05-17','2016-05-16 15:01:04','2016-05-16 15:01:04'),(713,'Ocy2RqL8Ac0','2016-05-18','2016-05-17 15:01:05','2016-05-17 15:01:05'),(714,'uKqydUNfi80','2016-05-19','2016-05-18 15:01:04','2016-05-18 15:01:04'),(715,'UB1oZZ6aaAU','2016-05-20','2016-05-19 15:01:05','2016-05-19 15:01:05'),(716,'g7PEIiD8V9Y','2016-05-21','2016-05-20 15:01:05','2016-05-20 15:01:05'),(717,'Q3sTM6AIf-A','2016-05-22','2016-05-21 15:01:04','2016-05-21 15:01:04'),(718,'aB8VTpTQ6zk','2016-05-23','2016-05-22 15:01:05','2016-05-22 15:01:05'),(719,'G3Y6JALsXvk','2016-05-24','2016-05-23 15:01:04','2016-05-23 15:01:04'),(720,'rS87DCftyao','2016-05-25','2016-05-24 15:01:05','2016-05-24 15:01:05'),(721,'s5WnkWu-_HE','2016-05-26','2016-05-25 15:01:05','2016-05-25 15:01:05'),(722,'cTbw-PqU514','2016-05-27','2016-05-26 15:01:04','2016-05-26 15:01:04'),(723,'O6mJvhdm5MQ','2016-05-28','2016-05-27 15:01:05','2016-05-27 15:01:05'),(724,'qkgJ85oCodU','2016-05-29','2016-05-28 15:01:04','2016-05-28 15:01:04'),(725,'qFK3Pu6YJQ8','2016-05-30','2016-05-29 15:01:05','2016-05-29 15:01:05'),(726,'t1QnsduCdI0','2016-05-31','2016-05-30 15:01:05','2016-05-30 15:01:05'),(727,'Rx7YsP6Re2s','2016-06-01','2016-05-31 15:01:05','2016-05-31 15:01:05'),(728,'Ks9G4_vTFN4','2016-06-02','2016-06-01 15:01:05','2016-06-01 15:01:05'),(729,'UJHeo4HI8zQ','2016-06-03','2016-06-02 15:01:04','2016-06-02 15:01:04'),(730,'JjwjyOQK9xI','2016-06-04','2016-06-03 15:01:04','2016-06-03 15:01:04'),(731,'SnXkhkEvNIM','2016-06-05','2016-06-04 15:01:04','2016-06-04 15:01:04'),(732,'vkpxsCZo2tk','2016-06-06','2016-06-05 15:01:05','2016-06-05 15:01:05'),(733,'4ckzJS0R3Zg','2016-06-07','2016-06-06 15:01:04','2016-06-06 15:01:04'),(734,'OEDN7EPznoY','2016-06-08','2016-06-07 15:01:05','2016-06-07 15:01:05'),(735,'_BVEt3xtYos','2016-06-09','2016-06-08 15:01:04','2016-06-08 15:01:04'),(736,'5kfEOVCxikc','2016-06-10','2016-06-09 15:01:04','2016-06-09 15:01:04'),(737,'iksQUFp1gDg','2016-06-11','2016-06-10 15:01:05','2016-06-10 15:01:05'),(738,'UIqH9bZlqlo','2016-06-12','2016-06-11 15:01:05','2016-06-11 15:01:05'),(739,'cIDPdhKkfYI','2016-06-13','2016-06-12 15:01:09','2016-06-12 15:01:09'),(740,'tpO0ATpYRw8','2016-06-14','2016-06-13 15:01:05','2016-06-13 15:01:05'),(741,'l_t88F98snM','2016-06-15','2016-06-14 15:01:05','2016-06-14 15:01:05'),(742,'lg57i_222zg','2016-06-16','2016-06-15 15:01:04','2016-06-15 15:01:04'),(743,'TsKs0oGhTWo','2016-06-17','2016-06-16 15:01:04','2016-06-16 15:01:04'),(744,'m354q21Bxh4','2016-06-18','2016-06-17 15:01:04','2016-06-17 15:01:04'),(745,'8dJVuB5qBVU','2016-06-19','2016-06-18 15:01:04','2016-06-18 15:01:04'),(746,'ACTpRkbcqMk','2016-06-20','2016-06-19 15:01:08','2016-06-19 15:01:08'),(747,'OkPoqIcWxEI','2016-06-21','2016-06-20 15:01:08','2016-06-20 15:01:08'),(748,'wj5pVZ2JbVU','2016-06-22','2016-06-21 15:01:04','2016-06-21 15:01:04'),(749,'4GFLQcyVX4M','2016-06-23','2016-06-22 15:01:04','2016-06-22 15:01:04'),(750,'zs5NEaHNNu0','2016-06-24','2016-06-23 15:01:05','2016-06-23 15:01:05'),(751,'ZV2jhl2OWMo','2016-06-25','2016-06-24 15:01:04','2016-06-24 15:01:04'),(752,'jTJqPBMZXKs','2016-06-26','2016-06-25 15:01:05','2016-06-25 15:01:05'),(753,'OEDN7EPznoY','2016-06-27','2016-06-26 15:01:05','2016-06-26 15:01:05'),(754,'HUCmag5dVxo','2016-06-28','2016-06-27 15:01:05','2016-06-27 15:01:05'),(755,'sWvuAO_LHiw','2016-06-29','2016-06-28 15:01:05','2016-06-28 15:01:05'),(756,'dACw-xCioBE','2016-06-30','2016-06-29 15:01:05','2016-06-29 15:01:05'),(757,'uhEM8oALyII','2016-07-01','2016-06-30 15:01:05','2016-06-30 15:01:05'),(758,'cnQhFRSvVtQ','2016-07-02','2016-07-01 15:01:04','2016-07-01 15:01:04'),(759,'EiCWuUGUNmE','2016-07-08','2016-07-07 15:01:04','2016-07-07 15:01:04'),(760,'3V3X9alrXTE','2016-07-09','2016-07-08 15:01:05','2016-07-08 15:01:05'),(761,'ZV2jhl2OWMo','2016-07-10','2016-07-09 15:01:05','2016-07-09 15:01:05'),(762,'tjSS4XIJg_M','2016-07-11','2016-07-10 15:01:05','2016-07-10 15:01:05'),(763,'a4tMpRfc7DA','2016-07-12','2016-07-11 15:01:04','2016-07-11 15:01:04'),(764,'CxwCDe8CbO0','2016-07-13','2016-07-12 15:01:06','2016-07-12 15:01:06'),(765,'rS87DCftyao','2016-07-14','2016-07-13 15:01:05','2016-07-13 15:01:05'),(766,'Hx_RSNa2YDU','2016-07-15','2016-07-14 15:01:05','2016-07-14 15:01:05'),(767,'2F1G2r59oZk','2016-07-16','2016-07-15 15:01:05','2016-07-15 15:01:05'),(768,'U2Sc19rRAl0','2016-07-17','2016-07-16 15:01:05','2016-07-16 15:01:05'),(769,'4LkmEIdb4Oo','2016-07-18','2016-07-17 15:01:08','2016-07-17 15:01:08'),(770,'yVGC5KMKgqw','2016-07-19','2016-07-18 15:01:04','2016-07-18 15:01:04'),(771,'qHmo8Bx3fSg','2016-07-20','2016-07-19 15:01:05','2016-07-19 15:01:05'),(772,'u3gPNKinadw','2016-07-21','2016-07-20 15:01:05','2016-07-20 15:01:05'),(773,'AwC5k3hpuGY','2016-07-22','2016-07-21 15:01:05','2016-07-21 15:01:05'),(774,'kxWHb0pUigg','2016-07-23','2016-07-22 15:01:04','2016-07-22 15:01:04'),(775,'7IcVeEOy9HE','2016-07-24','2016-07-23 15:01:05','2016-07-23 15:01:05'),(776,'zWXFyRHolHA','2016-07-25','2016-07-24 15:01:05','2016-07-24 15:01:05'),(777,'WqlL3YC_Bgg','2016-07-26','2016-07-25 15:01:05','2016-07-25 15:01:05'),(778,'x5sEDpGMqkU','2016-07-27','2016-07-26 15:01:05','2016-07-26 15:01:05'),(779,'HHNxnM9B7TM','2016-07-28','2016-07-27 15:01:04','2016-07-27 15:01:04'),(780,'cjQ2eORmIUo','2016-07-29','2016-07-28 15:01:05','2016-07-28 15:01:05'),(781,'hfVELQk27W4','2016-07-30','2016-07-29 15:01:05','2016-07-29 15:01:05'),(782,'Rx2Pk1AE4Fg','2016-07-31','2016-07-30 15:01:05','2016-07-30 15:01:05'),(783,'4Gc3vF6FX_o','2016-08-01','2016-07-31 15:01:05','2016-07-31 15:01:05'),(784,'h2IffIvIRm0','2016-08-02','2016-08-01 15:01:05','2016-08-01 15:01:05'),(785,'UpqC6wYC14U','2016-08-03','2016-08-02 15:01:07','2016-08-02 15:01:07'),(786,'vb5BhEY2Gpw','2016-08-04','2016-08-03 15:01:04','2016-08-03 15:01:04'),(787,'iI74IGxvugQ','2016-08-05','2016-08-04 15:01:05','2016-08-04 15:01:05'),(788,'dWqZ5VRLoWA','2016-08-06','2016-08-05 15:01:04','2016-08-05 15:01:04'),(789,'-lfWAylktfw','2016-08-07','2016-08-06 15:01:04','2016-08-06 15:01:04'),(790,'4GFLQcyVX4M','2016-08-08','2016-08-07 15:01:04','2016-08-07 15:01:04'),(791,'ZbhW_GDuk0c','2016-08-09','2016-08-08 15:01:05','2016-08-08 15:01:05'),(792,'8-Z0KX7pXKs','2016-08-10','2016-08-09 15:01:05','2016-08-09 15:01:05'),(793,'OziIP5rbuE4','2016-08-11','2016-08-10 15:01:04','2016-08-10 15:01:04'),(794,'bMd9r6hLGLY','2016-08-12','2016-08-11 15:01:05','2016-08-11 15:01:05'),(795,'5pZ8-SLtyzE','2016-08-13','2016-08-12 15:01:05','2016-08-12 15:01:05'),(796,'Z-kO6n23Ydg','2016-08-14','2016-08-13 15:01:04','2016-08-13 15:01:04'),(797,'o7V9T5YuUO4','2016-08-15','2016-08-14 15:01:05','2016-08-14 15:01:05'),(798,'dhQeNAv_RoA','2016-08-16','2016-08-15 15:01:05','2016-08-15 15:01:05'),(799,'6Xm8EEJ6rjc','2016-08-17','2016-08-16 15:01:04','2016-08-16 15:01:04'),(800,'UUzuLx_LLgk','2016-08-18','2016-08-17 15:01:04','2016-08-17 15:01:04'),(801,'b9lwmxbis8M','2016-08-19','2016-08-18 15:01:05','2016-08-18 15:01:05'),(802,'fhahd1bgksE','2016-08-20','2016-08-19 15:01:05','2016-08-19 15:01:05'),(803,'9yunxAvbzCo','2016-08-21','2016-08-20 15:01:05','2016-08-20 15:01:05'),(804,'xs6OmSnxlA0','2016-08-22','2016-08-21 15:01:05','2016-08-21 15:01:05'),(805,'NukkrzLgRjY','2016-08-23','2016-08-22 15:01:05','2016-08-22 15:01:05'),(806,'oVfyt4BWJNQ','2016-08-24','2016-08-23 15:01:05','2016-08-23 15:01:05'),(807,'JFfWmMcOU5Q','2016-08-25','2016-08-24 15:01:04','2016-08-24 15:01:04'),(808,'juVGd6ZApWU','2016-08-26','2016-08-25 15:01:05','2016-08-25 15:01:05'),(809,'G3Y6JALsXvk','2016-08-27','2016-08-26 15:01:04','2016-08-26 15:01:04'),(810,'Zw100vOIk5c','2016-08-28','2016-08-27 15:01:04','2016-08-27 15:01:04'),(811,'HJBgWizZuSk','2016-09-01','2016-08-31 15:01:04','2016-08-31 15:01:04'),(812,'p5mFAYUxjnw','2016-09-02','2016-09-01 15:01:05','2016-09-01 15:01:05'),(813,'HMzyU1zSO1o','2016-09-03','2016-09-02 15:01:05','2016-09-02 15:01:05'),(814,'_bzS83nl3oM','2016-09-04','2016-09-03 15:01:05','2016-09-03 15:01:05'),(815,'MIxeuUIeF3U','2016-09-05','2016-09-04 15:01:05','2016-09-04 15:01:05'),(816,'7DOLntbtAow','2016-09-06','2016-09-05 15:01:05','2016-09-05 15:01:05'),(817,'qNfPov8hI4U','2016-09-07','2016-09-06 15:01:05','2016-09-06 15:01:05'),(818,'YOkxRDaYuDk','2016-09-08','2016-09-07 15:01:04','2016-09-07 15:01:04'),(819,'Ks9G4_vTFN4','2016-09-09','2016-09-08 15:01:04','2016-09-08 15:01:04'),(820,'oI76VzHC_Go','2016-09-10','2016-09-09 15:01:05','2016-09-09 15:01:05'),(821,'FngB6Em17Zk','2016-09-11','2016-09-10 15:01:05','2016-09-10 15:01:05'),(822,'UB1oZZ6aaAU','2016-09-12','2016-09-11 15:01:05','2016-09-11 15:01:05'),(823,'KXnZfC7A5FM','2016-09-13','2016-09-12 15:01:05','2016-09-12 15:01:05'),(824,'UhCqdxsgc-M','2016-09-14','2016-09-13 15:01:04','2016-09-13 15:01:04'),(825,'FREAPyuceuM','2016-09-15','2016-09-14 15:01:04','2016-09-14 15:01:04'),(826,'H8TAOHLLT0w','2016-09-16','2016-09-15 15:01:05','2016-09-15 15:01:05'),(827,'eO35NeuPQqI','2016-09-17','2016-09-16 15:01:05','2016-09-16 15:01:05'),(828,'vkH29ILw_Qw','2016-09-18','2016-09-17 15:01:05','2016-09-17 15:01:05'),(829,'_ZJtGAx7siw','2016-09-19','2016-09-18 15:01:05','2016-09-18 15:01:05'),(830,'C7xvp72iCDg','2016-09-20','2016-09-19 15:01:04','2016-09-19 15:01:04'),(831,'oVfyt4BWJNQ','2016-09-21','2016-09-20 15:01:04','2016-09-20 15:01:04'),(832,'XEu6gZzyx_U','2016-09-22','2016-09-21 15:01:04','2016-09-21 15:01:04'),(833,'z_PB3Jfo03o','2016-09-23','2016-09-22 15:01:04','2016-09-22 15:01:04'),(834,'JC5oFWeXIKY','2016-09-24','2016-09-23 15:01:04','2016-09-23 15:01:04'),(835,'-87Q50gqRFM','2016-09-25','2016-09-24 15:01:05','2016-09-24 15:01:05'),(836,'9bSc2tW4HpM','2016-09-26','2016-09-25 15:01:05','2016-09-25 15:01:05'),(837,'bb_qJ33fmL4','2016-09-27','2016-09-26 15:01:05','2016-09-26 15:01:05'),(838,'wFojgCbralk','2016-09-28','2016-09-27 15:01:04','2016-09-27 15:01:04'),(839,'3trYIk73p0k','2016-09-29','2016-09-28 15:01:04','2016-09-28 15:01:04'),(840,'Yv2mnchq6LY','2016-09-30','2016-09-29 15:01:05','2016-09-29 15:01:05'),(841,'tMqCj2pDOEY','2016-10-01','2016-09-30 15:01:05','2016-09-30 15:01:05'),(842,'ZUTqVx49NAQ','2016-10-02','2016-10-01 15:01:04','2016-10-01 15:01:04'),(843,'TohhjiAkmZ8','2016-10-03','2016-10-02 15:01:05','2016-10-02 15:01:05'),(844,'0j8D0fZyiiQ','2016-10-04','2016-10-03 15:01:05','2016-10-03 15:01:05'),(845,'EGqZM0sHBuY','2016-10-05','2016-10-04 15:01:05','2016-10-04 15:01:05'),(846,'IeJTNN8_jLI','2016-10-06','2016-10-05 15:01:05','2016-10-05 15:01:05'),(847,'TohhjiAkmZ8','2016-10-07','2016-10-06 15:01:04','2016-10-06 15:01:04'),(848,'Axl7VT0y63s','2016-10-08','2016-10-07 15:01:04','2016-10-07 15:01:04'),(849,'6bM5SzQFpZQ','2016-10-09','2016-10-08 15:01:04','2016-10-08 15:01:04'),(850,'Ks9G4_vTFN4','2016-10-10','2016-10-09 15:01:05','2016-10-09 15:01:05'),(851,'S1aBMas4Jnw','2016-10-11','2016-10-10 15:01:05','2016-10-10 15:01:05'),(852,'_oi5EvPTzZQ','2016-10-12','2016-10-11 15:01:04','2016-10-11 15:01:04'),(853,'EjS1IREdOjE','2016-10-13','2016-10-12 15:01:04','2016-10-12 15:01:04'),(854,'DbpfjUyk_jw','2016-10-14','2016-10-13 15:01:04','2016-10-13 15:01:04'),(855,'Axl7VT0y63s','2016-10-15','2016-10-14 15:01:04','2016-10-14 15:01:04'),(856,'7DOLntbtAow','2016-10-16','2016-10-15 15:01:04','2016-10-15 15:01:04'),(857,'0SSlJymmLMc','2016-10-17','2016-10-16 15:01:04','2016-10-16 15:01:04'),(858,'iyRqY2775cA','2016-10-18','2016-10-17 15:01:04','2016-10-17 15:01:04'),(859,'jZ1GWob9Bxk','2016-10-19','2016-10-18 15:01:05','2016-10-18 15:01:05'),(860,'x-THZrQTg5E','2016-10-20','2016-10-19 15:01:05','2016-10-19 15:01:05'),(861,'fTs3gXDsWEU','2016-10-21','2016-10-20 15:01:05','2016-10-20 15:01:05'),(862,'jKNbfiPczqo','2016-10-22','2016-10-21 15:01:05','2016-10-21 15:01:05'),(863,'lzk4efmFQW4','2016-10-23','2016-10-22 15:01:05','2016-10-22 15:01:05'),(864,'HHNxnM9B7TM','2016-10-24','2016-10-23 15:01:05','2016-10-23 15:01:05'),(865,'LA-JDnpt2iQ','2016-10-25','2016-10-24 15:01:04','2016-10-24 15:01:04'),(866,'StMYs21OhCE','2016-10-26','2016-10-25 15:01:05','2016-10-25 15:01:05'),(867,'Axl7VT0y63s','2016-10-27','2016-10-26 15:01:05','2016-10-26 15:01:05'),(868,'GyFtL4hmoN0','2016-10-28','2016-10-27 15:01:05','2016-10-27 15:01:05'),(869,'vtA_DWA6tx4','2016-10-29','2016-10-28 15:01:04','2016-10-28 15:01:04'),(870,'dhQeNAv_RoA','2016-10-30','2016-10-29 15:01:05','2016-10-29 15:01:05'),(871,'44oPxIjUtGc','2016-10-31','2016-10-30 15:01:04','2016-10-30 15:01:04'),(872,'msxEDL1yaak','2016-11-01','2016-10-31 15:01:04','2016-10-31 15:01:04'),(873,'mNu85yWnSPk','2016-11-02','2016-11-01 15:01:05','2016-11-01 15:01:05'),(874,'J5urSMpUFMc','2016-11-03','2016-11-02 15:01:05','2016-11-02 15:01:05'),(875,'K-ZS2MFQy1o','2016-11-04','2016-11-03 15:01:05','2016-11-03 15:01:05'),(876,'mq9PU2XY3bQ','2016-11-05','2016-11-04 15:01:05','2016-11-04 15:01:05'),(877,'ddgcjiFfrd4','2016-11-06','2016-11-05 15:01:05','2016-11-05 15:01:05'),(878,'S9olG0marBg','2016-11-07','2016-11-06 15:01:05','2016-11-06 15:01:05'),(879,'ojFz98v3BHM','2016-11-08','2016-11-07 15:01:04','2016-11-07 15:01:04'),(880,'Zy46FW5heU0','2016-11-09','2016-11-08 15:01:04','2016-11-08 15:01:04'),(881,'JFr_bzw-WfM','2016-11-10','2016-11-09 15:01:04','2016-11-09 15:01:04'),(882,'wZaDIOJKEJA','2016-11-11','2016-11-10 15:01:05','2016-11-10 15:01:05'),(883,'smDIBN_8KY8','2016-11-12','2016-11-11 15:01:05','2016-11-11 15:01:05'),(884,'lotrw32qs38','2016-11-13','2016-11-12 15:01:05','2016-11-12 15:01:05'),(885,'8I-qBnFbse0','2016-11-14','2016-11-13 15:01:05','2016-11-13 15:01:05'),(886,'y9oJXm3ygOE','2016-11-15','2016-11-14 15:01:05','2016-11-14 15:01:05'),(887,'Z7ixtC4ntOw','2016-11-16','2016-11-15 15:01:04','2016-11-15 15:01:04'),(888,'rGXLXImN7nI','2016-11-17','2016-11-16 15:01:05','2016-11-16 15:01:05'),(889,'_d98KQ2DsiQ','2016-11-18','2016-11-17 15:01:05','2016-11-17 15:01:05'),(890,'MIxeuUIeF3U','2016-11-19','2016-11-18 15:01:05','2016-11-18 15:01:05'),(891,'nCOoxRs9IOQ','2016-11-20','2016-11-19 15:01:05','2016-11-19 15:01:05'),(892,'cTbw-PqU514','2016-11-21','2016-11-20 15:01:05','2016-11-20 15:01:05'),(893,'Jz-mEvSFmGE','2016-11-22','2016-11-21 15:01:05','2016-11-21 15:01:05'),(894,'dhQeNAv_RoA','2016-11-23','2016-11-22 15:01:05','2016-11-22 15:01:05'),(895,'6p-B0AgbXtA','2016-11-24','2016-11-23 15:01:04','2016-11-23 15:01:04'),(896,'bMd9r6hLGLY','2016-11-25','2016-11-24 15:01:05','2016-11-24 15:01:05'),(897,'zTuBeNrUU9I','2016-11-26','2016-11-25 15:01:04','2016-11-25 15:01:04'),(898,'6Xm8EEJ6rjc','2016-11-27','2016-11-26 15:01:05','2016-11-26 15:01:05'),(899,'4NsQtYEQf4E','2016-11-28','2016-11-27 15:01:04','2016-11-27 15:01:04'),(900,'y9oJXm3ygOE','2016-11-29','2016-11-28 15:01:04','2016-11-28 15:01:04'),(901,'t1QnsduCdI0','2016-11-30','2016-11-29 15:01:04','2016-11-29 15:01:04'),(902,'vkH29ILw_Qw','2016-12-01','2016-11-30 15:01:04','2016-11-30 15:01:04'),(903,'0S8GPdo5XbI','2016-12-02','2016-12-01 15:01:05','2016-12-01 15:01:05'),(904,'jZ1GWob9Bxk','2016-12-03','2016-12-02 15:01:05','2016-12-02 15:01:05'),(905,'UNOLELxhYQg','2016-12-04','2016-12-03 15:01:05','2016-12-03 15:01:05'),(906,'Vhosr_SjjN0','2016-12-05','2016-12-04 15:01:05','2016-12-04 15:01:05'),(907,'oI76VzHC_Go','2016-12-06','2016-12-05 15:01:05','2016-12-05 15:01:05'),(908,'JkEttKCNWJI','2016-12-07','2016-12-06 15:01:04','2016-12-06 15:01:04'),(909,'fUGZwd445EM','2016-12-08','2016-12-07 15:01:04','2016-12-07 15:01:04'),(910,'C7WtyHNqs4w','2016-12-09','2016-12-08 15:01:04','2016-12-08 15:01:04'),(911,'s_8NZ8rn_Us','2016-12-10','2016-12-09 15:01:04','2016-12-09 15:01:04'),(912,'Lvfo3C3rGCI','2016-12-11','2016-12-10 15:01:05','2016-12-10 15:01:05'),(913,'H8EFIge77XY','2016-12-12','2016-12-11 15:01:04','2016-12-11 15:01:04'),(914,'PY9qT5FtqHY','2016-12-13','2016-12-12 15:01:04','2016-12-12 15:01:04'),(915,'XyvwQJnZwMo','2016-12-14','2016-12-13 15:01:05','2016-12-13 15:01:05'),(916,'UBc4d0xMRDo','2016-12-15','2016-12-14 15:01:05','2016-12-14 15:01:05'),(917,'x5sEDpGMqkU','2016-12-16','2016-12-15 15:01:05','2016-12-15 15:01:05'),(918,'1nSF-Xta3IM','2016-12-17','2016-12-16 15:01:05','2016-12-16 15:01:05'),(919,'TfShgYAT8W8','2016-12-18','2016-12-17 15:01:04','2016-12-17 15:01:04'),(920,'YEz3J4Ukmtk','2016-12-19','2016-12-18 15:01:04','2016-12-18 15:01:04'),(921,'3lr2CG1_qFo','2016-12-20','2016-12-19 15:01:05','2016-12-19 15:01:05'),(922,'YOkxRDaYuDk','2016-12-21','2016-12-20 15:01:05','2016-12-20 15:01:05'),(923,'KsSFpuToNh8','2016-12-22','2016-12-21 15:01:05','2016-12-21 15:01:05'),(924,'TDu7CcYxA9g','2016-12-23','2016-12-22 15:01:04','2016-12-22 15:01:04'),(925,'XXCzJK3-iZY','2016-12-24','2016-12-23 15:01:05','2016-12-23 15:01:05'),(926,'3lr2CG1_qFo','2016-12-25','2016-12-24 15:01:04','2016-12-24 15:01:04'),(927,'JoaPnfcaM0M','2016-12-26','2016-12-25 15:01:05','2016-12-25 15:01:05'),(928,'TD-fhGL0Bzk','2016-12-27','2016-12-26 15:01:05','2016-12-26 15:01:05'),(929,'zTuBeNrUU9I','2016-12-28','2016-12-27 15:01:04','2016-12-27 15:01:04'),(930,'H8EFIge77XY','2016-12-29','2016-12-28 15:01:05','2016-12-28 15:01:05'),(931,'4iUgg-bN3ig','2016-12-30','2016-12-29 15:01:05','2016-12-29 15:01:05'),(932,'cIDPdhKkfYI','2016-12-31','2016-12-30 15:01:04','2016-12-30 15:01:04'),(933,'VBgzGP0ITUc','2017-01-01','2016-12-31 15:01:04','2016-12-31 15:01:04'),(934,'qkgJ85oCodU','2017-01-02','2017-01-01 15:01:05','2017-01-01 15:01:05'),(935,'7m3s71jKSkc','2017-01-03','2017-01-02 15:01:05','2017-01-02 15:01:05'),(936,'Galpr9dwJuk','2017-01-04','2017-01-03 15:01:05','2017-01-03 15:01:05'),(937,'6KZksQWLN48','2017-01-05','2017-01-04 15:01:05','2017-01-04 15:01:05'),(938,'pj-TgIco_ug','2017-01-06','2017-01-05 15:01:05','2017-01-05 15:01:05'),(939,'q2TqOAir_Ow','2017-01-07','2017-01-06 15:01:05','2017-01-06 15:01:05'),(940,'s5WnkWu-_HE','2017-01-08','2017-01-07 15:01:05','2017-01-07 15:01:05'),(941,'Co0TmFvqxvY','2017-01-09','2017-01-08 15:01:04','2017-01-08 15:01:04'),(942,'HQDWOrkPC6g','2017-01-10','2017-01-09 15:01:06','2017-01-09 15:01:06'),(943,'FREAPyuceuM','2017-01-11','2017-01-10 15:01:05','2017-01-10 15:01:05'),(944,'Ks9G4_vTFN4','2017-01-12','2017-01-11 15:01:05','2017-01-11 15:01:05'),(945,'16VVZB0bnnE','2017-01-13','2017-01-12 15:01:05','2017-01-12 15:01:05'),(946,'Rx7YsP6Re2s','2017-01-14','2017-01-13 15:01:05','2017-01-13 15:01:05'),(947,'82Y_lc-dxvU','2017-01-15','2017-01-14 15:01:05','2017-01-14 15:01:05'),(948,'AwC5k3hpuGY','2017-01-16','2017-01-15 15:01:05','2017-01-15 15:01:05'),(949,'OkPoqIcWxEI','2017-01-17','2017-01-16 15:01:05','2017-01-16 15:01:05'),(950,'vb5BhEY2Gpw','2017-01-18','2017-01-17 15:01:05','2017-01-17 15:01:05'),(951,'v1LVAJYebL0','2017-01-19','2017-01-18 15:01:05','2017-01-18 15:01:05'),(952,'5TC3j2beOP4','2017-01-20','2017-01-19 15:01:05','2017-01-19 15:01:05'),(953,'zWXFyRHolHA','2017-01-21','2017-01-20 15:01:05','2017-01-20 15:01:05'),(954,'9MkWWrlx8qM','2017-01-22','2017-01-21 15:01:05','2017-01-21 15:01:05'),(955,'BjBsUko_-X0','2017-01-23','2017-01-22 15:01:04','2017-01-22 15:01:04'),(956,'aB8VTpTQ6zk','2017-01-24','2017-01-23 15:01:04','2017-01-23 15:01:04'),(957,'JFfWmMcOU5Q','2017-01-25','2017-01-24 15:01:05','2017-01-24 15:01:05'),(958,'mv6GMGf8L5Y','2017-01-26','2017-01-25 15:01:05','2017-01-25 15:01:05'),(959,'56uwv-goo-E','2017-01-27','2017-01-26 15:01:05','2017-01-26 15:01:05'),(960,'SMVY1cm3eV8','2017-01-28','2017-01-27 15:01:05','2017-01-27 15:01:05'),(961,'a4tMpRfc7DA','2017-01-29','2017-01-28 15:01:04','2017-01-28 15:01:04'),(962,'HHNxnM9B7TM','2017-01-30','2017-01-29 15:01:04','2017-01-29 15:01:04'),(963,'Axl7VT0y63s','2017-01-31','2017-01-30 15:01:04','2017-01-30 15:01:04'),(964,'EKSd6xUNPU4','2017-02-01','2017-01-31 15:01:05','2017-01-31 15:01:05'),(965,'TD-fhGL0Bzk','2017-02-02','2017-02-01 15:01:05','2017-02-01 15:01:05'),(966,'suIwWlyeEC4','2017-02-03','2017-02-02 15:01:04','2017-02-02 15:01:04'),(967,'BjBsUko_-X0','2017-02-04','2017-02-03 15:01:05','2017-02-03 15:01:05'),(968,'CENfFHw9Kg8','2017-02-05','2017-02-04 15:01:04','2017-02-04 15:01:04'),(969,'H9bK_vdQMOc','2017-02-06','2017-02-05 15:01:04','2017-02-05 15:01:04'),(970,'Ip_0YtVxJGE','2017-02-07','2017-02-06 15:01:05','2017-02-06 15:01:05'),(971,'p0pf6B59HUI','2017-02-08','2017-02-07 15:01:05','2017-02-07 15:01:05'),(972,'UNOLELxhYQg','2017-02-09','2017-02-08 15:01:04','2017-02-08 15:01:04'),(973,'U2Sc19rRAl0','2017-02-10','2017-02-09 15:01:04','2017-02-09 15:01:04'),(974,'6bM5SzQFpZQ','2017-02-11','2017-02-10 15:01:05','2017-02-10 15:01:05'),(975,'SYXmdZ60LQY','2017-02-12','2017-02-11 15:01:04','2017-02-11 15:01:04'),(976,'StMYs21OhCE','2017-02-13','2017-02-12 15:01:05','2017-02-12 15:01:05'),(977,'JC5oFWeXIKY','2017-02-14','2017-02-13 15:01:05','2017-02-13 15:01:05'),(978,'Qv46dvfWa8Q','2017-02-15','2017-02-14 15:01:05','2017-02-14 15:01:05'),(979,'C7xvp72iCDg','2017-02-16','2017-02-15 15:01:05','2017-02-15 15:01:05'),(980,'5JGgFjdhVSo','2017-02-17','2017-02-16 15:01:05','2017-02-16 15:01:05'),(981,'-aFHv3eLq8g','2017-02-18','2017-02-17 15:01:05','2017-02-17 15:01:05'),(982,'pqrQ25psl6E','2017-02-19','2017-02-18 15:01:05','2017-02-18 15:01:05'),(983,'6_unu2fNi4s','2017-02-20','2017-02-19 15:01:05','2017-02-19 15:01:05'),(984,'6Ozqy6PCMkg','2017-02-21','2017-02-20 15:01:04','2017-02-20 15:01:04'),(985,'dT-I8vThSuA','2017-02-22','2017-02-21 15:01:05','2017-02-21 15:01:05'),(986,'HMzyU1zSO1o','2017-02-23','2017-02-22 15:01:05','2017-02-22 15:01:05'),(987,'aB8VTpTQ6zk','2017-02-24','2017-02-23 15:01:04','2017-02-23 15:01:04'),(988,'Q54jE2K_OQ0','2017-02-25','2017-02-24 15:01:05','2017-02-24 15:01:05'),(989,'1b-1LsKuroY','2017-02-26','2017-02-25 15:01:05','2017-02-25 15:01:05'),(990,'wasKHC7X4Uw','2017-02-27','2017-02-26 15:01:04','2017-02-26 15:01:04'),(991,'6622p95gpNA','2017-02-28','2017-02-27 15:01:04','2017-02-27 15:01:04'),(992,'7hCd4INUNbg','2017-03-01','2017-02-28 15:01:05','2017-02-28 15:01:05'),(993,'F9p9qAmk11c','2017-03-02','2017-03-01 15:01:04','2017-03-01 15:01:04'),(994,'14Zl8mWKUzk','2017-03-03','2017-03-02 15:01:04','2017-03-02 15:01:04'),(995,'fTs3gXDsWEU','2017-03-04','2017-03-03 15:01:04','2017-03-03 15:01:04'),(996,'bwVkn8Z0YHk','2017-03-05','2017-03-04 15:01:05','2017-03-04 15:01:05'),(997,'MIxeuUIeF3U','2017-03-06','2017-03-05 15:01:04','2017-03-05 15:01:04'),(998,'ybzsKec_cW0','2017-03-07','2017-03-06 15:01:04','2017-03-06 15:01:04'),(999,'97ZC3wje_mk','2017-03-08','2017-03-07 15:01:05','2017-03-07 15:01:05'),(1000,'l_t88F98snM','2017-03-09','2017-03-08 15:01:04','2017-03-08 15:01:04'),(1001,'PRgOqCZID58','2017-03-10','2017-03-09 15:01:05','2017-03-09 15:01:05'),(1002,'CKl-rk50NMo','2017-03-11','2017-03-10 15:01:04','2017-03-10 15:01:04'),(1003,'V-KC0sxO0Y8','2017-03-12','2017-03-11 15:01:04','2017-03-11 15:01:04'),(1004,'41S6liUvoq4','2017-03-13','2017-03-12 15:01:05','2017-03-12 15:01:05'),(1005,'aBO3dePaUYw','2017-03-14','2017-03-13 15:01:05','2017-03-13 15:01:05'),(1006,'GJiARx6l66A','2017-03-15','2017-03-14 15:01:05','2017-03-14 15:01:05'),(1007,'bMd9r6hLGLY','2017-03-16','2017-03-15 15:01:05','2017-03-15 15:01:05'),(1008,'eP8uggsdhkU','2017-03-17','2017-03-16 15:01:05','2017-03-16 15:01:05'),(1009,'jnGrjfh9gHE','2017-03-18','2017-03-17 15:01:04','2017-03-17 15:01:04'),(1010,'-G8uM2DKGME','2017-03-19','2017-03-18 15:01:05','2017-03-18 15:01:05'),(1011,'mNu85yWnSPk','2017-03-20','2017-03-19 15:01:04','2017-03-19 15:01:04'),(1012,'TsKs0oGhTWo','2017-03-21','2017-03-20 15:01:05','2017-03-20 15:01:05'),(1013,'IXyctNFW25o','2017-03-22','2017-03-21 15:01:05','2017-03-21 15:01:05'),(1014,'1b-1LsKuroY','2017-03-23','2017-03-22 15:01:05','2017-03-22 15:01:05'),(1015,'WqlL3YC_Bgg','2017-03-24','2017-03-23 15:01:05','2017-03-23 15:01:05'),(1016,'mIq_QPuTWHo','2017-03-25','2017-03-24 15:01:05','2017-03-24 15:01:05'),(1017,'6h4XMbEUrB8','2017-03-26','2017-03-25 15:01:04','2017-03-25 15:01:04'),(1018,'ybzsKec_cW0','2017-03-27','2017-03-26 15:01:05','2017-03-26 15:01:05'),(1019,'s6CLngcj6Z8','2017-03-28','2017-03-27 15:01:04','2017-03-27 15:01:04'),(1020,'jnGrjfh9gHE','2017-03-29','2017-03-28 15:01:05','2017-03-28 15:01:05'),(1021,'UYGtfq-ly1U','2017-03-30','2017-03-29 15:01:05','2017-03-29 15:01:05'),(1022,'BvsK5HN3WiU','2017-03-31','2017-03-30 15:01:05','2017-03-30 15:01:05'),(1023,'k0Al6_MABsQ','2017-04-01','2017-03-31 15:01:05','2017-03-31 15:01:05'),(1024,'ghOsH6uY8oA','2017-04-02','2017-04-01 15:01:06','2017-04-01 15:01:06'),(1025,'sVMj0sMfA2c','2017-04-03','2017-04-02 15:01:05','2017-04-02 15:01:05'),(1026,'pPscQ92DM8M','2017-04-04','2017-04-03 15:01:05','2017-04-03 15:01:05'),(1027,'B4F-sweNJoQ','2017-04-05','2017-04-04 15:01:04','2017-04-04 15:01:04'),(1028,'p5mFAYUxjnw','2017-04-06','2017-04-05 15:01:05','2017-04-05 15:01:05'),(1029,'JoaPnfcaM0M','2017-04-07','2017-04-06 15:01:05','2017-04-06 15:01:05'),(1030,'Sr0lC5rWz9U','2017-04-08','2017-04-07 15:01:05','2017-04-07 15:01:05'),(1031,'TtA6kpvVqOU','2017-04-09','2017-04-08 15:01:05','2017-04-08 15:01:05'),(1032,'jPClvL9a03M','2017-04-10','2017-04-09 15:01:06','2017-04-09 15:01:06'),(1033,'nZuKRhQMeSI','2017-04-11','2017-04-10 15:01:05','2017-04-10 15:01:05'),(1034,'wj5pVZ2JbVU','2017-04-12','2017-04-11 15:01:05','2017-04-11 15:01:05'),(1035,'iksQUFp1gDg','2017-04-13','2017-04-12 15:01:05','2017-04-12 15:01:05'),(1036,'jxzI9XOfh6w','2017-04-14','2017-04-13 15:01:05','2017-04-13 15:01:05'),(1037,'rGXLXImN7nI','2017-04-15','2017-04-14 15:01:04','2017-04-14 15:01:04'),(1038,'2kXM9ZDe0PE','2017-04-16','2017-04-15 15:01:05','2017-04-15 15:01:05'),(1039,'se36IdE1_Nw','2017-04-17','2017-04-16 15:01:05','2017-04-16 15:01:05'),(1040,'YEz3J4Ukmtk','2017-04-18','2017-04-17 15:01:06','2017-04-17 15:01:06'),(1041,'dVBYPu1Oopg','2017-04-19','2017-04-18 15:01:05','2017-04-18 15:01:05'),(1042,'fUbFZkfjpfQ','2017-04-20','2017-04-19 15:01:06','2017-04-19 15:01:06'),(1043,'qFK3Pu6YJQ8','2017-04-21','2017-04-20 15:01:05','2017-04-20 15:01:05'),(1044,'CTFojUn0u9w','2017-04-22','2017-04-21 15:01:05','2017-04-21 15:01:05'),(1045,'BjBsUko_-X0','2017-04-23','2017-04-22 15:01:05','2017-04-22 15:01:05'),(1046,'Z5PM0FhFkoQ','2017-04-24','2017-04-23 15:01:05','2017-04-23 15:01:05'),(1047,'npNEdDxCNrk','2017-04-25','2017-04-24 15:01:05','2017-04-24 15:01:05'),(1048,'dhQeNAv_RoA','2017-04-26','2017-04-25 15:01:05','2017-04-25 15:01:05'),(1049,'7m3s71jKSkc','2017-04-27','2017-04-26 15:01:06','2017-04-26 15:01:06'),(1050,'BUfxw97avEU','2017-04-28','2017-04-27 15:01:04','2017-04-27 15:01:04'),(1051,'Xv4nXYbQQ34','2017-04-29','2017-04-28 15:01:04','2017-04-28 15:01:04'),(1052,'bDXjSP_8CAc','2017-04-30','2017-04-29 15:01:04','2017-04-29 15:01:04'),(1053,'NV0YUJ3DBIU','2017-05-01','2017-04-30 15:01:06','2017-04-30 15:01:06'),(1054,'uNHzJG-30Zs','2017-05-02','2017-05-01 15:01:05','2017-05-01 15:01:05'),(1055,'2mXPSsoew9k','2017-05-03','2017-05-02 15:01:05','2017-05-02 15:01:05'),(1056,'M_ktlIXJhfc','2017-11-01','2017-10-31 15:01:03','2017-10-31 15:01:03'),(1057,'lkLro07kYtA','2017-11-02','2017-11-01 15:01:03','2017-11-01 15:01:03'),(1058,'J6pSjwp4qxw','2017-11-03','2017-11-02 15:01:03','2017-11-02 15:01:03'),(1059,'WD00QxwBTSY','2017-11-04','2017-11-03 15:01:03','2017-11-03 15:01:03'),(1060,'fphH41xbWEQ','2017-11-05','2017-11-04 15:01:03','2017-11-04 15:01:03'),(1061,'HHNxnM9B7TM','2017-11-06','2017-11-05 15:01:04','2017-11-05 15:01:04'),(1062,'xs6OmSnxlA0','2017-11-07','2017-11-06 15:01:04','2017-11-06 15:01:04'),(1063,'iT3zGRN4mFs','2017-11-08','2017-11-07 15:01:04','2017-11-07 15:01:04'),(1064,'PRgOqCZID58','2017-11-09','2017-11-08 15:01:04','2017-11-08 15:01:04'),(1065,'w0f1ojQbKzw','2017-11-10','2017-11-09 15:01:04','2017-11-09 15:01:04'),(1066,'zZ1g2tAXqWQ','2017-11-11','2017-11-10 15:01:03','2017-11-10 15:01:03'),(1067,'YgKjqN4mYSg','2017-11-12','2017-11-11 15:01:04','2017-11-11 15:01:04'),(1068,'h1M4X8GSpWA','2017-11-13','2017-11-12 15:01:04','2017-11-12 15:01:04'),(1069,'s_8NZ8rn_Us','2017-11-14','2017-11-13 15:01:04','2017-11-13 15:01:04'),(1070,'_bzS83nl3oM','2017-11-15','2017-11-14 15:01:03','2017-11-14 15:01:03'),(1071,'smDIBN_8KY8','2017-11-16','2017-11-15 15:01:04','2017-11-15 15:01:04'),(1072,'lotrw32qs38','2017-11-17','2017-11-16 15:01:04','2017-11-16 15:01:04'),(1073,'Z5PM0FhFkoQ','2018-12-12','2019-05-10 12:43:04','2019-05-10 12:43:04'),(1074,'rF2y3Akpj-8','2019-05-12','2019-05-12 04:36:13','2019-05-12 04:36:13'),(1075,'cTbw-PqU514','2019-05-18','2019-05-18 06:59:05','2019-05-18 06:59:05'),(1076,'EKSd6xUNPU4','2019-07-21','2019-08-06 15:44:14','2019-08-06 15:44:14'),(1077,'mxi8SmFys2U','2019-08-05','2019-08-06 16:29:48','2019-08-06 16:29:48'),(1078,'s5WnkWu-_HE','2019-03-17','2019-08-06 17:02:25','2019-08-06 17:02:25'),(1079,'SO3JcsLYqAE','2019-07-13','2019-08-06 17:59:02','2019-08-06 17:59:02'),(1080,'sXVAN3thxME','2019-07-28','2019-08-06 20:09:12','2019-08-06 20:09:12'),(1081,'qHmo8Bx3fSg','2019-07-29','2019-08-06 20:27:05','2019-08-06 20:27:05'),(1082,'0S8GPdo5XbI','2019-05-22','2019-08-06 20:40:40','2019-08-06 20:40:40'),(1083,'S1aBMas4Jnw','2018-11-29','2019-08-06 23:25:27','2019-08-06 23:25:27'),(1084,'sWvuAO_LHiw','2019-08-02','2019-08-06 23:43:46','2019-08-06 23:43:46'),(1085,'_CddRkYpKtI','2019-07-27','2019-08-07 00:10:59','2019-08-07 00:10:59'),(1086,'y9oJXm3ygOE','2019-08-07','2019-08-07 02:00:43','2019-08-07 02:00:43'),(1087,'-ENWdLODjJs','2019-05-04','2019-08-07 02:06:44','2019-08-07 02:06:44'),(1088,'nHelkaQVoSA','2018-11-17','2019-08-07 02:46:44','2019-08-07 02:46:44'),(1089,'UBc4d0xMRDo','2019-07-24','2019-08-07 06:19:27','2019-08-07 06:19:27'),(1090,'HOXXDj4OzDI','2019-01-01','2019-08-07 10:39:06','2019-08-07 10:39:06'),(1091,'Mdo3uvX-yog','2019-04-11','2019-08-07 15:18:01','2019-08-07 15:18:01'),(1092,'0S8GPdo5XbI','2019-07-30','2019-08-07 15:28:06','2019-08-07 15:28:06'),(1093,'cTbw-PqU514','2019-07-31','2019-08-07 16:47:31','2019-08-07 16:47:31'),(1094,'-3xGyRiepe0','2019-07-18','2019-08-07 17:58:27','2019-08-07 17:58:27'),(1095,'uNHzJG-30Zs','2019-06-18','2019-08-07 20:05:55','2019-08-07 20:05:55'),(1096,'C7xvp72iCDg','2019-07-23','2019-08-07 22:11:30','2019-08-07 22:11:30'),(1097,'LA-JDnpt2iQ','2019-08-08','2019-08-08 01:14:47','2019-08-08 01:14:47'),(1098,'9_o3V4CVess','2019-07-19','2019-08-08 02:37:24','2019-08-08 02:37:24'),(1099,'iyRqY2775cA','2019-02-28','2019-08-08 03:22:25','2019-08-08 03:22:25'),(1100,'B7KK4DGnxyA','2019-07-20','2019-08-08 07:51:34','2019-08-08 07:51:34'),(1101,'oVaeZVYgEfs','2019-07-14','2019-08-08 08:29:02','2019-08-08 08:29:02'),(1102,'0SSlJymmLMc','2019-06-28','2019-08-08 12:06:07','2019-08-08 12:06:07'),(1103,'HQDWOrkPC6g','2019-05-30','2019-08-08 16:34:06','2019-08-08 16:34:06'),(1104,'nHQS2Oi9Pjw','2019-07-22','2019-08-08 17:35:54','2019-08-08 17:35:54'),(1105,'C6xMKvMyngs','2019-08-06','2019-08-08 17:55:25','2019-08-08 17:55:25'),(1106,'M_ktlIXJhfc','2019-06-20','2019-08-08 18:58:17','2019-08-08 18:58:17'),(1107,'iehulywj4Rc','2019-08-04','2019-08-09 03:03:09','2019-08-09 03:03:09'),(1108,'V1AjaoTspbU','2019-07-08','2019-08-09 08:17:15','2019-08-09 08:17:15'),(1109,'wG6WP2Hqd9w','2019-08-09','2019-08-09 10:38:55','2019-08-09 10:38:55'),(1110,'CALZ26GuQ1E','2019-06-21','2019-08-09 12:43:33','2019-08-09 12:43:33'),(1111,'oVaeZVYgEfs','2019-07-25','2019-08-09 14:45:52','2019-08-09 14:45:52'),(1112,'LVPcTo5nGnU','2019-02-04','2019-08-09 15:18:35','2019-08-09 15:18:35'),(1113,'42J0VKYB2u4','2019-05-24','2019-08-09 17:51:18','2019-08-09 17:51:18'),(1114,'YK7jRR3BmBU','2019-04-20','2019-08-09 19:55:57','2019-08-09 19:55:57'),(1115,'l9wRjsQ_JII','2019-05-27','2019-08-09 19:58:07','2019-08-09 19:58:07'),(1116,'cIDPdhKkfYI','2019-08-10','2019-08-10 00:38:07','2019-08-10 00:38:07'),(1117,'CxwCDe8CbO0','2019-08-03','2019-08-10 05:54:37','2019-08-10 05:54:37'),(1118,'H-Wut0BVQ_U','2019-04-01','2019-08-10 10:46:12','2019-08-10 10:46:12'),(1119,'jYIDnOifvfA','2019-06-25','2019-08-10 12:37:36','2019-08-10 12:37:36'),(1120,'svEYFvGOF3U','2019-07-11','2019-08-10 15:02:23','2019-08-10 15:02:23'),(1121,'x5sEDpGMqkU','2018-12-02','2019-08-10 22:31:25','2019-08-10 22:31:25'),(1122,'dgiOMveoFko','2019-05-26','2019-08-11 00:00:12','2019-08-11 00:00:12'),(1123,'DPGYwAZHBlY','2019-08-11','2019-08-11 00:01:39','2019-08-11 00:01:39'),(1124,'aEu2fSfd3j0','2019-01-25','2019-08-11 00:42:27','2019-08-11 00:42:27'),(1125,'fhahd1bgksE','2018-12-10','2019-08-11 08:46:36','2019-08-11 08:46:36'),(1126,'RqHZUWLxMdo','2019-07-09','2019-08-11 19:52:46','2019-08-11 19:52:46'),(1127,'cIDPdhKkfYI','2019-08-12','2019-08-12 00:09:06','2019-08-12 00:09:06'),(1128,'qkgJ85oCodU','2019-03-05','2019-08-12 02:08:14','2019-08-12 02:08:14'),(1129,'iFK3BTHRG_M','2019-06-26','2019-08-12 11:21:36','2019-08-12 11:21:36'),(1130,'XaCSCOlC2Z8','2019-06-22','2019-08-12 13:35:33','2019-08-12 13:35:33'),(1131,'o7V9T5YuUO4','2019-08-13','2019-08-13 01:25:16','2019-08-13 01:25:16'),(1132,'cnQhFRSvVtQ','2019-05-07','2019-08-13 05:02:21','2019-08-13 05:02:21'),(1133,'G8Fyn-2A3J4','2019-04-22','2019-08-13 10:35:35','2019-08-13 10:35:35'),(1134,'GAwHAstt3lE','2019-04-10','2019-08-13 12:55:44','2019-08-13 12:55:44'),(1135,'k3CEKGoXkBs','2019-07-03','2019-08-13 15:23:59','2019-08-13 15:23:59'),(1136,'6w3Ep_Zu4UE','2019-02-03','2019-08-13 23:09:39','2019-08-13 23:09:39'),(1137,'vkH29ILw_Qw','2019-08-14','2019-08-14 00:28:00','2019-08-14 00:28:00'),(1138,'z7XlZlaykxk','2019-07-01','2019-08-14 01:51:43','2019-08-14 01:51:43'),(1139,'q2TqOAir_Ow','2019-01-15','2019-08-14 02:20:23','2019-08-14 02:20:23'),(1140,'85nir6cByKk','2018-12-14','2019-08-14 05:57:19','2019-08-14 05:57:19'),(1141,'NukkrzLgRjY','2019-01-27','2019-08-14 06:16:59','2019-08-14 06:16:59'),(1142,'qKJhvyAv2fY','2019-01-31','2019-08-14 12:02:31','2019-08-14 12:02:31'),(1143,'twb8cB9dRHU','2019-05-16','2019-08-14 15:58:16','2019-08-14 15:58:16'),(1144,'HRn2OIFs8DA','2019-03-02','2019-08-14 17:07:39','2019-08-14 17:07:39'),(1145,'y03Xkh0mmC0','2019-07-12','2019-08-14 17:31:31','2019-08-14 17:31:31'),(1146,'MIxeuUIeF3U','2019-03-15','2019-08-14 19:05:59','2019-08-14 19:05:59'),(1147,'x4ivn9pq7Gs','2019-08-15','2019-08-15 00:10:55','2019-08-15 00:10:55'),(1148,'C_Srcfj7qHA','2019-01-13','2019-08-15 01:09:07','2019-08-15 01:09:07'),(1149,'m2yeCwwcL0I','2019-08-01','2019-08-15 05:36:31','2019-08-15 05:36:31'),(1150,'Zjr_-7O43C4','2019-05-14','2019-08-15 13:40:18','2019-08-15 13:40:18'),(1151,'eNM6Xz7JMTY','2019-05-05','2019-08-15 15:51:28','2019-08-15 15:51:28'),(1152,'HJg7WkOHxMs','2019-05-10','2019-08-15 17:32:41','2019-08-15 17:32:41'),(1153,'iLQUKTaatNk','2019-06-30','2019-08-15 17:33:15','2019-08-15 17:33:15'),(1154,'WqlL3YC_Bgg','2019-05-09','2019-08-15 19:16:57','2019-08-15 19:16:57'),(1155,'1l3d7C243mQ','2019-06-09','2019-08-15 21:53:44','2019-08-15 21:53:44'),(1156,'d_lR7EfEJKo','2019-08-16','2019-08-16 00:05:39','2019-08-16 00:05:39'),(1157,'9_o3V4CVess','2019-05-28','2019-08-16 01:19:03','2019-08-16 01:19:03'),(1158,'u3gPNKinadw','2018-12-29','2019-08-16 04:45:09','2019-08-16 04:45:09'),(1159,'zs5NEaHNNu0','2019-07-26','2019-08-16 05:44:24','2019-08-16 05:44:24'),(1160,'ddgcjiFfrd4','2019-06-01','2019-08-16 06:10:28','2019-08-16 06:10:28'),(1161,'veemHKlHB6Q','2019-01-30','2019-08-16 07:45:50','2019-08-16 07:45:50'),(1162,'7hCd4INUNbg','2019-02-01','2019-08-16 07:46:55','2019-08-16 07:46:55'),(1163,'cTbw-PqU514','2019-03-08','2019-08-16 09:13:23','2019-08-16 09:13:23'),(1164,'mMG-EoDpd2w','2019-04-19','2019-08-16 13:06:03','2019-08-16 13:06:03'),(1165,'GazyY-e5Xto','2019-05-08','2019-08-16 20:14:13','2019-08-16 20:14:13'),(1166,'3Rsf_Tahgk4','2019-02-02','2019-08-16 21:29:37','2019-08-16 21:29:37'),(1167,'zaKqtd4ZwsY','2019-05-15','2019-08-16 21:35:59','2019-08-16 21:35:59'),(1168,'HOXXDj4OzDI','2019-08-17','2019-08-17 00:27:15','2019-08-17 00:27:15'),(1169,'jfIeFt4Wou0','2019-04-14','2019-08-17 01:53:26','2019-08-17 01:53:26'),(1170,'TsKs0oGhTWo','2019-01-28','2019-08-17 03:34:51','2019-08-17 03:34:51'),(1171,'B254xxs4ywM','2019-05-29','2019-08-17 06:37:30','2019-08-17 06:37:30'),(1172,'AXHr_3l0wng','2019-02-07','2019-08-17 10:09:10','2019-08-17 10:09:10'),(1173,'56uwv-goo-E','2019-01-12','2019-08-17 16:18:03','2019-08-17 16:18:03'),(1174,'YavNgBaqHoc','2019-05-06','2019-08-17 17:10:55','2019-08-17 17:10:55'),(1175,'79q3h1X-Asw','2018-12-09','2019-08-17 18:31:54','2019-08-17 18:31:54'),(1176,'jmBDn9WyRKc','2019-07-04','2019-08-17 20:57:34','2019-08-17 20:57:34'),(1177,'ogD3hP8e6TU','2019-08-18','2019-08-18 00:00:59','2019-08-18 00:00:59'),(1178,'LcWXIbcCxEQ','2019-05-23','2019-08-18 12:36:17','2019-08-18 12:36:17'),(1179,'045mtg6Nk6A','2019-05-17','2019-08-18 15:30:45','2019-08-18 15:30:45'),(1180,'1VobwuqSpuo','2019-07-16','2019-08-18 16:35:51','2019-08-18 16:35:51'),(1181,'sVMj0sMfA2c','2019-07-10','2019-08-18 18:54:37','2019-08-18 18:54:37'),(1182,'Xv4nXYbQQ34','2019-08-19','2019-08-19 00:26:02','2019-08-19 00:26:02'),(1183,'7hCd4INUNbg','2019-04-17','2019-08-19 03:51:09','2019-08-19 03:51:09'),(1184,'UhCqdxsgc-M','2019-04-07','2019-08-19 11:38:59','2019-08-19 11:38:59'),(1185,'YbYH47XuOq0','2019-03-16','2019-08-19 15:43:37','2019-08-19 15:43:37'),(1186,'0j8D0fZyiiQ','2019-03-13','2019-08-19 17:25:59','2019-08-19 17:25:59'),(1187,'K0kog-MfnPE','2019-02-11','2019-08-19 19:22:24','2019-08-19 19:22:24'),(1188,'PieJYJjUNtY','2019-01-23','2019-08-19 20:45:23','2019-08-19 20:45:23'),(1189,'O6mJvhdm5MQ','2019-01-05','2019-08-19 21:39:44','2019-08-19 21:39:44'),(1190,'wG6WP2Hqd9w','2019-03-25','2019-08-19 21:43:41','2019-08-19 21:43:41'),(1191,'nvbnFpzuj2w','2019-04-09','2019-08-20 01:49:15','2019-08-20 01:49:15'),(1192,'LswZYhaOagY','2019-03-12','2019-08-20 03:16:49','2019-08-20 03:16:49'),(1193,'H-Wut0BVQ_U','2019-04-06','2019-08-20 06:51:05','2019-08-20 06:51:05'),(1194,'aQ0VdvWdKsk','2019-08-20','2019-08-20 09:17:16','2019-08-20 09:17:16'),(1195,'4XXIEK-XMZw','2019-01-18','2019-08-20 17:53:27','2019-08-20 17:53:27'),(1196,'ONNFHTOueXo','2019-06-11','2019-08-20 19:46:22','2019-08-20 19:46:22'),(1197,'z__B_djrJc4','2019-01-14','2019-08-20 23:48:07','2019-08-20 23:48:07'),(1198,'oVfyt4BWJNQ','2019-08-21','2019-08-21 00:28:56','2019-08-21 00:28:56'),(1199,'cjQ2eORmIUo','2018-11-10','2019-08-21 02:07:51','2019-08-21 02:07:51'),(1200,'B7KK4DGnxyA','2019-06-06','2019-08-21 06:08:10','2019-08-21 06:08:10'),(1201,'lHxrb0GeCj4','2018-11-15','2019-08-21 16:32:55','2019-08-21 16:32:55'),(1202,'j2qYG7tIS9k','2018-12-20','2019-08-21 17:49:13','2019-08-21 17:49:13'),(1203,'PY9qT5FtqHY','2019-03-10','2019-08-21 18:54:13','2019-08-21 18:54:13'),(1204,'oI76VzHC_Go','2019-08-22','2019-08-22 01:57:29','2019-08-22 01:57:29'),(1205,'zWXFyRHolHA','2019-06-12','2019-08-22 03:45:06','2019-08-22 03:45:06'),(1206,'J5CyzT7HUz4','2019-04-02','2019-08-22 06:58:47','2019-08-22 06:58:47'),(1207,'ZFWu2q04NtM','2019-02-24','2019-08-22 22:08:01','2019-08-22 22:08:01'),(1208,'1UVodfF7aZI','2019-03-27','2019-08-23 01:24:42','2019-08-23 01:24:42'),(1209,'J7bOzCjYzbY','2019-08-23','2019-08-23 01:32:47','2019-08-23 01:32:47'),(1210,'5Q1DrlTIAZo','2019-06-04','2019-08-23 02:02:58','2019-08-23 02:02:58'),(1211,'GGeRq0fE5oE','2019-06-02','2019-08-23 03:34:19','2019-08-23 03:34:19'),(1212,'mt9rXp4SfWM','2018-11-11','2019-08-23 03:37:22','2019-08-23 03:37:22'),(1213,'oVaeZVYgEfs','2018-11-13','2019-08-23 03:37:24','2019-08-23 03:37:24'),(1214,'Nn1_KZZdUMk','2018-11-14','2019-08-23 03:37:26','2019-08-23 03:37:26'),(1215,'suTEAtURsag','2018-11-18','2019-08-23 03:37:30','2019-08-23 03:37:30'),(1216,'yoh1qy0mXM0','2018-11-19','2019-08-23 03:37:32','2019-08-23 03:37:32'),(1217,'paE6EgFaAQs','2018-11-20','2019-08-23 03:37:33','2019-08-23 03:37:33'),(1218,'B254xxs4ywM','2018-11-21','2019-08-23 03:37:35','2019-08-23 03:37:35'),(1219,'a4tMpRfc7DA','2018-11-22','2019-08-23 03:37:37','2019-08-23 03:37:37'),(1220,'-lfWAylktfw','2018-11-23','2019-08-23 03:37:39','2019-08-23 03:37:39'),(1221,'gYUE_Zu6leg','2019-01-29','2019-08-23 03:37:43','2019-08-23 03:37:43'),(1222,'qzXJ1lDE_as','2019-03-20','2019-08-23 03:37:46','2019-08-23 03:37:46'),(1223,'7FnP1K3JJBw','2019-03-22','2019-08-23 03:37:48','2019-08-23 03:37:48'),(1224,'Y4XHAEdaoVw','2019-04-03','2019-08-23 03:37:52','2019-08-23 03:37:52'),(1225,'ZFWu2q04NtM','2018-12-31','2019-08-23 04:44:22','2019-08-23 04:44:22'),(1226,'dWqZ5VRLoWA','2019-03-18','2019-08-23 06:05:13','2019-08-23 06:05:13'),(1227,'nvbnFpzuj2w','2019-01-22','2019-08-23 13:34:23','2019-08-23 13:34:23'),(1228,'xs6OmSnxlA0','2019-02-09','2019-08-23 16:27:24','2019-08-23 16:27:24'),(1229,'OziIP5rbuE4','2019-02-12','2019-08-23 21:54:54','2019-08-23 21:54:54'),(1230,'g7PEIiD8V9Y','2019-01-08','2019-08-24 00:06:42','2019-08-24 00:06:42'),(1231,'1nSF-Xta3IM','2019-08-24','2019-08-24 00:22:43','2019-08-24 00:22:43'),(1232,'6bM5SzQFpZQ','2018-11-24','2019-08-24 01:56:03','2019-08-24 01:56:03'),(1233,'iciSfjGR2dk','2019-06-05','2019-08-24 04:44:53','2019-08-24 04:44:53'),(1234,'9bSc2tW4HpM','2018-12-30','2019-08-24 07:14:10','2019-08-24 07:14:10'),(1235,'qcprnxnkBcs','2019-04-04','2019-08-24 09:00:36','2019-08-24 09:00:36'),(1236,'ls9VW2oJhoE','2019-03-21','2019-08-24 13:08:01','2019-08-24 13:08:01'),(1237,'7Cp-e70yj6Y','2019-01-16','2019-08-24 18:59:35','2019-08-24 18:59:35'),(1238,'jTJqPBMZXKs','2019-08-25','2019-08-25 00:07:30','2019-08-25 00:07:30'),(1239,'4ckzJS0R3Zg','2019-01-20','2019-08-25 00:56:18','2019-08-25 00:56:18'),(1240,'85nir6cByKk','2019-01-04','2019-08-25 02:09:05','2019-08-25 02:09:05'),(1241,'VTIdPlj449E','2019-01-07','2019-08-25 03:17:23','2019-08-25 03:17:23'),(1242,'KXnZfC7A5FM','2018-11-12','2019-08-25 04:51:01','2019-08-25 04:51:01'),(1243,'Nn1_KZZdUMk','2019-02-23','2019-08-25 05:04:05','2019-08-25 05:04:05'),(1244,'e3g1rnkneBE','2019-05-25','2019-08-25 05:47:52','2019-08-25 05:47:52'),(1245,'dhQeNAv_RoA','2019-03-30','2019-08-25 10:59:45','2019-08-25 10:59:45'),(1246,'GJXmBq47EGg','2019-02-15','2019-08-25 13:15:12','2019-08-25 13:15:12'),(1247,'vYGje-wCb8g','2019-03-14','2019-08-25 13:29:56','2019-08-25 13:29:56'),(1248,'npNEdDxCNrk','2019-08-26','2019-08-26 01:43:05','2019-08-26 01:43:05'),(1249,'2HYQpbqAe6w','2019-03-26','2019-08-26 02:41:54','2019-08-26 02:41:54'),(1250,'z__B_djrJc4','2019-06-07','2019-08-26 02:42:02','2019-08-26 02:42:02'),(1251,'zo3pwwZCEcg','2019-07-15','2019-08-26 05:34:52','2019-08-26 05:34:52'),(1252,'keA2A8FCo5w','2019-03-29','2019-08-26 06:16:34','2019-08-26 06:16:34'),(1253,'7hCd4INUNbg','2019-07-05','2019-08-26 09:31:20','2019-08-26 09:31:20'),(1254,'hd41RDP2JDU','2019-03-23','2019-08-26 12:02:32','2019-08-26 12:02:32'),(1255,'k3CEKGoXkBs','2018-12-21','2019-08-26 13:32:02','2019-08-26 13:32:02'),(1256,'4XOWE1G31aU','2019-03-06','2019-08-26 13:46:42','2019-08-26 13:46:42'),(1257,'w40GiK_Cdgc','2019-02-19','2019-08-26 14:05:48','2019-08-26 14:05:48'),(1258,'HQDWOrkPC6g','2019-03-07','2019-08-26 14:17:45','2019-08-26 14:17:45'),(1259,'smDIBN_8KY8','2019-05-31','2019-08-26 14:36:56','2019-08-26 14:36:56'),(1260,'iT3zGRN4mFs','2019-03-19','2019-08-26 14:47:16','2019-08-26 14:47:16'),(1261,'H8EFIge77XY','2019-05-19','2019-08-26 17:48:10','2019-08-26 17:48:10'),(1262,'JMCKOpQ-pIM','2018-12-17','2019-08-26 18:07:52','2019-08-26 18:07:52'),(1263,'r2BeDQvarJc','2019-03-11','2019-08-26 18:59:41','2019-08-26 18:59:41'),(1264,'NkIxOZKtOQo','2019-06-15','2019-08-26 20:42:45','2019-08-26 20:42:45'),(1265,'mxi8SmFys2U','2019-03-24','2019-08-26 20:54:04','2019-08-26 20:54:04'),(1266,'YKwXix967PI','2018-12-16','2019-08-26 23:52:58','2019-08-26 23:52:58'),(1267,'jZ1GWob9Bxk','2019-08-27','2019-08-27 00:46:04','2019-08-27 00:46:04'),(1268,'GJiARx6l66A','2019-02-27','2019-08-27 01:14:01','2019-08-27 01:14:01'),(1269,'g3nZrrg_ulE','2019-06-08','2019-08-27 03:45:05','2019-08-27 03:45:05'),(1270,'MIxeuUIeF3U','2019-06-10','2019-08-27 05:03:09','2019-08-27 05:03:09'),(1271,'YOkxRDaYuDk','2019-03-09','2019-08-27 09:09:14','2019-08-27 09:09:14'),(1272,'lzk4efmFQW4','2019-04-08','2019-08-27 10:10:37','2019-08-27 10:10:37'),(1273,'7hCd4INUNbg','2019-02-22','2019-08-27 21:48:41','2019-08-27 21:48:41'),(1274,'Wb0FT-6OjUE','2019-01-26','2019-08-27 23:17:46','2019-08-27 23:17:46'),(1275,'y9oJXm3ygOE','2019-08-28','2019-08-28 02:07:59','2019-08-28 02:07:59'),(1276,'rjxmDJLAkaM','2019-06-03','2019-08-28 07:45:53','2019-08-28 07:45:53'),(1277,'s6CLngcj6Z8','2019-02-25','2019-08-28 17:10:50','2019-08-28 17:10:50'),(1278,'XaCSCOlC2Z8','2019-02-21','2019-08-28 18:14:24','2019-08-28 18:14:24'),(1279,'sTiE3jNzXYs','2018-11-25','2019-08-28 20:45:35','2019-08-28 20:45:35'),(1280,'g3nZrrg_ulE','2019-04-12','2019-08-28 21:19:15','2019-08-28 21:19:15'),(1281,'FS14OUzjLTk','2018-12-19','2019-08-28 21:37:28','2019-08-28 21:37:28'),(1282,'Z5PM0FhFkoQ','2019-01-10','2019-08-28 23:06:10','2019-08-28 23:06:10'),(1283,'cSBSyoTyli0','2019-08-29','2019-08-29 00:02:23','2019-08-29 00:02:23'),(1284,'SnXkhkEvNIM','2018-11-30','2019-08-29 02:53:00','2019-08-29 02:53:00'),(1285,'s_8NZ8rn_Us','2019-01-21','2019-08-29 05:43:56','2019-08-29 05:43:56'),(1286,'82Y_lc-dxvU','2019-02-16','2019-08-29 15:25:08','2019-08-29 15:25:08'),(1287,'f3daOQ_LUTk','2019-01-24','2019-08-29 18:27:25','2019-08-29 18:27:25'),(1288,'_CddRkYpKtI','2019-08-30','2019-08-30 00:30:01','2019-08-30 00:30:01'),(1289,'pOby4b4O8gE','2019-01-06','2019-08-30 11:53:13','2019-08-30 11:53:13'),(1290,'DM1iiAkOEK0','2019-03-04','2019-08-30 16:49:00','2019-08-30 16:49:00'),(1291,'M8nu4gkOlbI','2019-08-31','2019-08-31 00:54:32','2019-08-31 00:54:32'),(1292,'0qA8zwYOl9o','2019-02-08','2019-08-31 05:45:36','2019-08-31 05:45:36'),(1293,'-cxSzWc1nRw','2019-04-15','2019-08-31 10:10:08','2019-08-31 10:10:08'),(1294,'LswZYhaOagY','2019-02-18','2019-08-31 11:04:29','2019-08-31 11:04:29'),(1295,'iFK3BTHRG_M','2019-01-19','2019-08-31 12:13:20','2019-08-31 12:13:20'),(1296,'GJXmBq47EGg','2019-01-02','2019-08-31 12:32:19','2019-08-31 12:32:19'),(1297,'DKtmZBFmS7s','2019-02-20','2019-08-31 12:40:15','2019-08-31 12:40:15'),(1298,'8-Z0KX7pXKs','2019-02-05','2019-08-31 15:18:03','2019-08-31 15:18:03'),(1299,'csSLXUP9xk0','2018-12-15','2019-08-31 21:14:30','2019-08-31 21:14:30'),(1300,'NukkrzLgRjY','2019-01-17','2019-08-31 21:47:28','2019-08-31 21:47:28'),(1301,'7QHXcb0oqF4','2019-09-01','2019-09-01 18:38:17','2019-09-01 18:38:17'),(1302,'vb5BhEY2Gpw','2019-02-10','2019-09-01 18:45:22','2019-09-01 18:45:22'),(1303,'1l3d7C243mQ','2019-02-26','2019-09-01 19:42:22','2019-09-01 19:42:22'),(1304,'JC5oFWeXIKY','2019-09-02','2019-09-02 01:22:09','2019-09-02 01:22:09'),(1305,'WcOUxyhDVSY','2019-02-13','2019-09-02 07:08:54','2019-09-02 07:08:54'),(1306,'_5k_4Rkk6Do','2019-02-17','2019-09-02 15:44:39','2019-09-02 15:44:39'),(1307,'HJg7WkOHxMs','2019-01-11','2019-09-02 22:56:31','2019-09-02 22:56:31'),(1308,'jnGrjfh9gHE','2019-09-03','2019-09-03 05:38:28','2019-09-03 05:38:28'),(1309,'EkT7tnpipPM','2019-07-06','2019-09-03 06:17:55','2019-09-03 06:17:55'),(1310,'1l3d7C243mQ','2018-12-11','2019-09-03 07:00:43','2019-09-03 07:00:43'),(1311,'JW0E_SawH2U','2019-04-05','2019-09-03 08:13:37','2019-09-03 08:13:37'),(1312,'TD-fhGL0Bzk','2019-02-06','2019-09-03 14:54:20','2019-09-03 14:54:20'),(1313,'GGeRq0fE5oE','2018-12-18','2019-09-03 16:05:44','2019-09-03 16:05:44'),(1314,'8jrgAHJepDU','2019-06-27','2019-09-03 17:50:00','2019-09-03 17:50:00'),(1315,'xzHGXopIjc0','2019-09-04','2019-09-04 00:18:18','2019-09-04 00:18:18'),(1316,'nOmppjvG7ks','2019-04-18','2019-09-04 04:32:36','2019-09-04 04:32:36'),(1317,'1b-1LsKuroY','2019-07-07','2019-09-04 10:58:02','2019-09-04 10:58:02'),(1318,'NPJ5I_plhp0','2019-07-02','2019-09-04 20:23:10','2019-09-04 20:23:10'),(1319,'7DOLntbtAow','2019-09-05','2019-09-05 00:06:20','2019-09-05 00:06:20'),(1320,'KqBZIxoe7OI','2019-06-19','2019-09-05 15:18:10','2019-09-05 15:18:10'),(1321,'lg57i_222zg','2019-03-01','2019-09-05 17:51:01','2019-09-05 17:51:01'),(1322,'41-0qVxPSt0','2019-07-17','2019-09-05 18:31:14','2019-09-05 18:31:14'),(1323,'veemHKlHB6Q','2019-04-24','2019-09-05 20:29:38','2019-09-05 20:29:38'),(1324,'9OaZs3cKoTk','2019-09-06','2019-09-06 00:03:28','2019-09-06 00:03:28'),(1325,'0iNlmysyP5A','2019-02-14','2019-09-06 04:30:22','2019-09-06 04:30:22'),(1326,'DM1iiAkOEK0','2019-04-16','2019-09-06 13:55:51','2019-09-06 13:55:51'),(1327,'_JUOD8LPHLQ','2019-03-31','2019-09-06 14:32:35','2019-09-06 14:32:35'),(1328,'rjxmDJLAkaM','2019-04-21','2019-09-06 16:45:27','2019-09-06 16:45:27'),(1329,'j-eoIxIMgeA','2019-09-07','2019-09-07 01:33:02','2019-09-07 01:33:02'),(1330,'Y7OHmxvuIwE','2018-12-13','2019-09-07 05:31:36','2019-09-07 05:31:36'),(1331,'fUbFZkfjpfQ','2018-11-28','2019-09-07 08:07:16','2019-09-07 08:07:16'),(1332,'PaToFup-LD0','2019-04-23','2019-09-07 10:33:30','2019-09-07 10:33:30'),(1333,'PKvwQ4f_XpE','2019-04-13','2019-09-07 12:26:15','2019-09-07 12:26:15'),(1334,'fphH41xbWEQ','2019-09-08','2019-09-08 01:03:21','2019-09-08 01:03:21'),(1335,'C6xMKvMyngs','2019-09-09','2019-09-09 00:24:25','2019-09-09 00:24:25'),(1336,'TD-fhGL0Bzk','2019-04-25','2019-09-09 00:54:52','2019-09-09 00:54:52'),(1337,'497mV85yhUM','2019-03-03','2019-09-09 03:53:25','2019-09-09 03:53:25'),(1338,'YEz3J4Ukmtk','2019-09-10','2019-09-10 00:35:43','2019-09-10 00:35:43'),(1339,'XXCzJK3-iZY','2019-09-11','2019-09-11 01:12:32','2019-09-11 01:12:32'),(1340,'MuJHpjhFRAE','2019-09-12','2019-09-12 00:07:51','2019-09-12 00:07:51'),(1341,'eyNqLvdZY-8','2019-09-13','2019-09-13 01:39:29','2019-09-13 01:39:29'),(1342,'qcprnxnkBcs','2019-06-24','2019-09-13 02:50:57','2019-09-13 02:50:57'),(1343,'s_8NZ8rn_Us','2019-03-28','2019-09-13 05:18:53','2019-09-13 05:18:53'),(1344,'6T-Hc7QqSPE','2019-09-14','2019-09-14 14:23:36','2019-09-14 14:23:36'),(1345,'kl4SC2DGud4','2019-09-15','2019-09-15 06:51:12','2019-09-15 06:51:12'),(1346,'GUIDZik9M_I','2019-09-16','2019-09-16 00:17:06','2019-09-16 00:17:06'),(1347,'wfpPt8z2aEA','2019-09-17','2019-09-17 00:04:50','2019-09-17 00:04:50'),(1348,'jYIDnOifvfA','2019-06-17','2019-09-17 15:54:57','2019-09-17 15:54:57'),(1349,'H-Wut0BVQ_U','2019-09-18','2019-09-18 00:13:32','2019-09-18 00:13:32'),(1350,'Yv2mnchq6LY','2019-09-19','2019-09-19 00:05:23','2019-09-19 00:05:23'),(1351,'Fm7Hn-k2rlk','2019-09-20','2019-09-20 00:51:18','2019-09-20 00:51:18'),(1352,'VNluFrNy_5I','2019-09-21','2019-09-21 00:10:55','2019-09-21 00:10:55'),(1353,'zs5NEaHNNu0','2019-09-22','2019-09-22 06:57:12','2019-09-22 06:57:12'),(1354,'DbpfjUyk_jw','2019-09-23','2019-09-23 01:51:41','2019-09-23 01:51:41'),(1355,'YKwXix967PI','2019-09-24','2019-09-24 14:03:17','2019-09-24 14:03:17'),(1356,'ALdAGOTBLOs','2019-09-25','2019-09-25 09:27:40','2019-09-25 09:27:40'),(1357,'XvO8lFROzMs','2019-09-26','2019-09-26 01:54:40','2019-09-26 01:54:40'),(1358,'tJEBPb3EfUQ','2019-09-27','2019-09-27 01:34:30','2019-09-27 01:34:30'),(1359,'SnXkhkEvNIM','2019-09-28','2019-09-28 00:49:10','2019-09-28 00:49:10'),(1360,'GyFtL4hmoN0','2019-09-29','2019-09-29 07:49:43','2019-09-29 07:49:43'),(1361,'tF4s6l_3o7M','2019-09-30','2019-09-30 03:26:07','2019-09-30 03:26:07'),(1362,'b9lwmxbis8M','2019-10-01','2019-10-01 01:20:21','2019-10-01 01:20:21'),(1363,'0UkepPvSQUs','2019-10-02','2019-10-02 05:33:34','2019-10-02 05:33:34'),(1364,'Tv5WMoPDUwo','2019-10-03','2019-10-03 00:44:40','2019-10-03 00:44:40'),(1365,'UTmaAW-ZE50','2019-04-26','2019-10-03 01:43:43','2019-10-03 01:43:43'),(1366,'-Ay0OakbX8U','2019-10-04','2019-10-04 04:20:48','2019-10-04 04:20:48'),(1367,'XwW5_MFzC6A','2019-10-05','2019-10-05 00:05:42','2019-10-05 00:05:42'),(1368,'jnGrjfh9gHE','2019-10-06','2019-10-06 00:05:37','2019-10-06 00:05:37'),(1369,'eNM6Xz7JMTY','2019-04-29','2019-10-06 01:23:56','2019-10-06 01:23:56'),(1370,'GazyY-e5Xto','2019-10-07','2019-10-07 00:02:43','2019-10-07 00:02:43'),(1371,'whtiSq7k0Lg','2019-10-08','2019-10-08 00:23:05','2019-10-08 00:23:05'),(1372,'97ZC3wje_mk','2019-05-01','2019-10-08 01:37:07','2019-10-08 01:37:07'),(1373,'VBgzGP0ITUc','2019-10-09','2019-10-09 00:44:00','2019-10-09 00:44:00'),(1374,'6bM5SzQFpZQ','2019-05-02','2019-10-09 03:42:09','2019-10-09 03:42:09'),(1375,'mq9PU2XY3bQ','2019-10-10','2019-10-10 01:39:49','2019-10-10 01:39:49'),(1376,'g7PEIiD8V9Y','2019-10-11','2019-10-11 00:04:08','2019-10-11 00:04:08'),(1377,'U2Sc19rRAl0','2019-10-12','2019-10-12 00:14:21','2019-10-12 00:14:21'),(1378,'zCtE0PgptNs','2018-11-26','2019-10-12 06:01:41','2019-10-12 06:01:41'),(1379,'nOmppjvG7ks','2019-05-03','2019-10-12 06:01:47','2019-10-12 06:01:47'),(1380,'RRzUJ0oL9cc','2019-10-13','2019-10-13 00:14:06','2019-10-13 00:14:06'),(1381,'tjSS4XIJg_M','2019-10-14','2019-10-14 00:13:44','2019-10-14 00:13:44'),(1382,'keA2A8FCo5w','2019-10-15','2019-10-15 01:01:12','2019-10-15 01:01:12'),(1383,'dgiOMveoFko','2019-10-16','2019-10-16 00:17:47','2019-10-16 00:17:47'),(1384,'8IJVS7pVWg8','2019-10-17','2019-10-17 02:30:44','2019-10-17 02:30:44'),(1385,'-3xGyRiepe0','2019-10-18','2019-10-18 14:45:43','2019-10-18 14:45:43'),(1386,'CKl-rk50NMo','2019-10-19','2019-10-19 07:36:07','2019-10-19 07:36:07'),(1387,'nHelkaQVoSA','2019-10-20','2019-10-20 07:08:49','2019-10-20 07:08:49'),(1388,'W6yn0-AhgTM','2019-10-21','2019-10-21 05:14:30','2019-10-21 05:14:30'),(1389,'YgKjqN4mYSg','2019-10-22','2019-10-22 07:33:09','2019-10-22 07:33:09'),(1390,'hfVELQk27W4','2019-10-23','2019-10-23 03:42:55','2019-10-23 03:42:55'),(1391,'bDXjSP_8CAc','2019-10-24','2019-10-24 00:27:27','2019-10-24 00:27:27'),(1392,'KVJpj0Zz1uQ','2019-10-25','2019-10-25 00:22:54','2019-10-25 00:22:54'),(1393,'ZUTqVx49NAQ','2019-10-26','2019-10-26 00:16:24','2019-10-26 00:16:24'),(1394,'_KiCtINRalc','2019-01-03','2019-10-26 20:26:56','2019-10-26 20:26:56'),(1395,'3Rsf_Tahgk4','2019-10-27','2019-10-27 01:20:39','2019-10-27 01:20:39'),(1396,'44oPxIjUtGc','2019-10-28','2019-10-28 01:22:18','2019-10-28 01:22:18'),(1397,'fEsyBaG-uNw','2019-10-29','2019-10-29 01:21:11','2019-10-29 01:21:11'),(1398,'t1QnsduCdI0','2019-10-30','2019-10-30 00:09:46','2019-10-30 00:09:46'),(1399,'ttWlPvrIQZk','2019-10-31','2019-10-31 00:59:58','2019-10-31 00:59:58'),(1400,'tk5VR35WEeU','2019-11-01','2019-11-01 01:02:25','2019-11-01 01:02:25'),(1401,'YGGc9PUOhhQ','2019-11-02','2019-11-02 01:27:23','2019-11-02 01:27:23'),(1402,'N30PVsHHc4U','2019-11-03','2019-11-03 00:08:40','2019-11-03 00:08:40'),(1403,'wFojgCbralk','2019-11-04','2019-11-04 02:49:36','2019-11-04 02:49:36'),(1404,'ACTpRkbcqMk','2019-11-05','2019-11-05 00:52:17','2019-11-05 00:52:17'),(1405,'-ENWdLODjJs','2019-11-06','2019-11-06 01:08:14','2019-11-06 01:08:14'),(1406,'JFr_bzw-WfM','2019-11-07','2019-11-07 01:57:55','2019-11-07 01:57:55'),(1407,'ibZUsXC2OtY','2018-12-07','2019-11-07 17:54:23','2019-11-07 17:54:23'),(1408,'rOpwGa6vRYI','2019-11-08','2019-11-08 00:26:55','2019-11-08 00:26:55'),(1409,'DUhwkuh-5JM','2019-11-09','2019-11-09 00:45:57','2019-11-09 00:45:57'),(1410,'4iUgg-bN3ig','2019-11-10','2019-11-10 01:03:03','2019-11-10 01:03:03'),(1411,'bMd9r6hLGLY','2019-11-11','2019-11-11 00:37:18','2019-11-11 00:37:18'),(1412,'lotrw32qs38','2019-11-12','2019-11-12 05:22:21','2019-11-12 05:22:21'),(1413,'ONNFHTOueXo','2019-11-13','2019-11-13 07:34:46','2019-11-13 07:34:46'),(1414,'YKwXix967PI','2019-11-14','2019-11-14 00:31:47','2019-11-14 00:31:47'),(1415,'5ynpZbozOCw','2019-11-15','2019-11-15 00:24:57','2019-11-15 00:24:57'),(1416,'HMzyU1zSO1o','2019-11-16','2019-11-16 00:27:39','2019-11-16 00:27:39'),(1417,'xzHGXopIjc0','2019-11-17','2019-11-17 01:26:35','2019-11-17 01:26:35'),(1418,'mMG-EoDpd2w','2019-11-18','2019-11-18 00:13:31','2019-11-18 00:13:31'),(1419,'kPfJMaFlmhY','2019-11-19','2019-11-19 00:27:14','2019-11-19 00:27:14'),(1420,'7L8jGxljy04','2019-04-30','2019-11-19 21:58:23','2019-11-19 21:58:23'),(1421,'pPZIVXDy53E','2019-11-20','2019-11-20 01:01:45','2019-11-20 01:01:45'),(1422,'6c_X3wyarLo','2019-11-21','2019-11-21 00:16:14','2019-11-21 00:16:14'),(1423,'Z-kO6n23Ydg','2019-11-22','2019-11-22 00:09:03','2019-11-22 00:09:03'),(1424,'ALdAGOTBLOs','2019-11-23','2019-11-23 00:59:39','2019-11-23 00:59:39'),(1425,'ACTpRkbcqMk','2019-11-24','2019-11-24 03:47:11','2019-11-24 03:47:11'),(1426,'qbg-ULcVQGk','2019-11-25','2019-11-25 16:02:31','2019-11-25 16:02:31'),(1427,'rWHbK8dq1gU','2019-11-26','2019-11-26 05:23:00','2019-11-26 05:23:00'),(1428,'-qzh4sRe_3w','2019-11-27','2019-11-27 02:25:43','2019-11-27 02:25:43'),(1429,'OziIP5rbuE4','2019-11-28','2019-11-28 00:27:04','2019-11-28 00:27:04'),(1430,'qKJhvyAv2fY','2019-11-29','2019-11-29 00:42:10','2019-11-29 00:42:10'),(1431,'7DOLntbtAow','2019-11-30','2019-11-30 00:26:57','2019-11-30 00:26:57'),(1432,'8BkkyWyiPMs','2019-12-01','2019-12-01 13:39:58','2019-12-01 13:39:58'),(1433,'9_o3V4CVess','2019-12-02','2019-12-02 01:02:08','2019-12-02 01:02:08'),(1434,'rWHbK8dq1gU','2019-12-03','2019-12-03 01:03:00','2019-12-03 01:03:00'),(1435,'UDK0GQmN8aI','2019-12-04','2019-12-04 00:29:33','2019-12-04 00:29:33'),(1436,'fI3av1fRiYE','2019-12-05','2019-12-05 03:50:15','2019-12-05 03:50:15'),(1437,'B7KK4DGnxyA','2019-12-06','2019-12-06 01:18:22','2019-12-06 01:18:22'),(1438,'0-oZridYkGQ','2019-12-07','2019-12-07 17:09:49','2019-12-07 17:09:49'),(1439,'6E9Vr5SwsdY','2019-12-08','2019-12-08 18:12:42','2019-12-08 18:12:42'),(1440,'Wb0FT-6OjUE','2019-12-09','2019-12-09 07:35:44','2019-12-09 07:35:44'),(1441,'LA-JDnpt2iQ','2019-12-10','2019-12-10 05:51:16','2019-12-10 05:51:16'),(1442,'lZlg7HzSGAY','2019-12-11','2019-12-11 03:54:24','2019-12-11 03:54:24'),(1443,'BTBXci-bd9s','2019-12-12','2019-12-12 00:54:11','2019-12-12 00:54:11'),(1444,'ysjEib8E_no','2019-12-13','2019-12-13 00:06:40','2019-12-13 00:06:40'),(1445,'97ZC3wje_mk','2018-12-08','2019-12-13 08:40:02','2019-12-13 08:40:02'),(1446,'He79ZLV0x-0','2019-12-14','2019-12-14 00:57:25','2019-12-14 00:57:25'),(1447,'rlma_TP8lr4','2019-12-15','2019-12-15 00:26:32','2019-12-15 00:26:32'),(1448,'qiaEUasF6CM','2019-12-16','2019-12-16 01:12:40','2019-12-16 01:12:40'),(1449,'zo3pwwZCEcg','2019-12-17','2019-12-17 00:18:42','2019-12-17 00:18:42'),(1450,'mv6GMGf8L5Y','2019-12-18','2019-12-18 00:42:21','2019-12-18 00:42:21'),(1451,'Qa9XAmLO8l4','2019-12-19','2019-12-19 00:23:33','2019-12-19 00:23:33'),(1452,'8dJVuB5qBVU','2019-12-20','2019-12-20 00:21:52','2019-12-20 00:21:52'),(1453,'eyNqLvdZY-8','2019-12-21','2019-12-21 00:21:37','2019-12-21 00:21:37'),(1454,'xkkgAVzB_pM','2019-12-22','2019-12-22 04:23:37','2019-12-22 04:23:37'),(1455,'cnQhFRSvVtQ','2019-12-23','2019-12-23 01:56:54','2019-12-23 01:56:54'),(1456,'mMG-EoDpd2w','2019-12-24','2019-12-24 05:22:34','2019-12-24 05:22:34'),(1457,'Ig_arzhGuhM','2019-12-25','2019-12-25 00:07:08','2019-12-25 00:07:08'),(1458,'LxgMFO0xuEk','2019-12-26','2019-12-26 00:18:51','2019-12-26 00:18:51'),(1459,'0cHzwWzOs5A','2019-12-27','2019-12-27 00:14:51','2019-12-27 00:14:51'),(1460,'UBc4d0xMRDo','2019-12-28','2019-12-28 00:11:41','2019-12-28 00:11:41'),(1461,'ojFz98v3BHM','2019-12-29','2019-12-29 00:59:36','2019-12-29 00:59:36'),(1462,'1VobwuqSpuo','2019-12-30','2019-12-30 00:45:34','2019-12-30 00:45:34'),(1463,'5TtSOLsAop4','2019-12-31','2019-12-31 00:40:50','2019-12-31 00:40:50'),(1464,'85nir6cByKk','2020-01-01','2020-01-01 00:04:54','2020-01-01 00:04:54'),(1465,'2sgCzV51tj0','2019-06-14','2020-01-02 00:23:45','2020-01-02 00:23:45'),(1466,'cP6x1-YIBmM','2020-01-02','2020-01-02 00:33:20','2020-01-02 00:33:20'),(1467,'RXTCaIroztk','2019-06-16','2020-01-03 02:51:59','2020-01-03 02:51:59'),(1468,'6Xm8EEJ6rjc','2020-01-03','2020-01-03 03:24:26','2020-01-03 03:24:26'),(1469,'WUFw3IK-qs8','2020-01-04','2020-01-04 00:20:40','2020-01-04 00:20:40'),(1470,'qHmo8Bx3fSg','2019-05-13','2020-01-04 23:30:45','2020-01-04 23:30:45'),(1471,'gYUE_Zu6leg','2020-01-05','2020-01-05 00:16:07','2020-01-05 00:16:07'),(1472,'aB8VTpTQ6zk','2019-06-13','2020-01-05 21:32:29','2020-01-05 21:32:29'),(1473,'7MA0jtdjHSM','2020-01-06','2020-01-06 00:25:12','2020-01-06 00:25:12'),(1474,'S1aBMas4Jnw','2020-01-07','2020-01-07 00:25:16','2020-01-07 00:25:16'),(1475,'Xv4nXYbQQ34','2020-01-08','2020-01-08 00:26:17','2020-01-08 00:26:17'),(1476,'GyFtL4hmoN0','2020-01-09','2020-01-09 00:24:10','2020-01-09 00:24:10'),(1477,'PYTLakk8lNo','2020-01-10','2020-01-10 00:25:49','2020-01-10 00:25:49'),(1478,'8-Z0KX7pXKs','2020-01-11','2020-01-11 00:29:18','2020-01-11 00:29:18'),(1479,'PJ7xVKz8I6w','2020-01-12','2020-01-12 08:25:22','2020-01-12 08:25:22'),(1480,'uhEM8oALyII','2020-01-13','2020-01-13 02:25:26','2020-01-13 02:25:26'),(1481,'W6yn0-AhgTM','2020-01-14','2020-01-14 01:44:45','2020-01-14 01:44:45'),(1482,'HQDWOrkPC6g','2020-01-15','2020-01-15 02:19:38','2020-01-15 02:19:38'),(1483,'EPcPGc7f-aE','2019-05-11','2020-01-15 22:00:51','2020-01-15 22:00:51'),(1484,'bMd9r6hLGLY','2020-01-16','2020-01-16 12:24:59','2020-01-16 12:24:59'),(1485,'pPscQ92DM8M','2020-01-17','2020-01-17 01:06:08','2020-01-17 01:06:08'),(1486,'EkC96Zc2UkI','2020-01-18','2020-01-18 04:19:19','2020-01-18 04:19:19'),(1487,'jYIDnOifvfA','2020-01-19','2020-01-19 02:39:05','2020-01-19 02:39:05'),(1488,'iehulywj4Rc','2020-01-20','2020-01-20 00:04:45','2020-01-20 00:04:45'),(1489,'__ZMWE2oMI0','2020-01-21','2020-01-21 00:14:24','2020-01-21 00:14:24'),(1490,'5pZ8-SLtyzE','2020-01-22','2020-01-22 01:12:13','2020-01-22 01:12:13'),(1491,'rxbDuc0zhx4','2020-01-23','2020-01-23 11:38:15','2020-01-23 11:38:15'),(1492,'fphH41xbWEQ','2018-11-16','2020-01-23 16:03:40','2020-01-23 16:03:40'),(1493,'ikX_TUSgb-0','2020-01-24','2020-01-24 03:34:27','2020-01-24 03:34:27'),(1494,'GtLmBjkFQ7k','2020-01-25','2020-01-25 00:10:35','2020-01-25 00:10:35'),(1495,'G3Y6JALsXvk','2020-01-26','2020-01-26 00:06:14','2020-01-26 00:06:14'),(1496,'UIqH9bZlqlo','2020-01-27','2020-01-27 03:16:56','2020-01-27 03:16:56'),(1497,'UUzuLx_LLgk','2020-01-28','2020-01-28 04:17:27','2020-01-28 04:17:27'),(1498,'twb8cB9dRHU','2020-01-29','2020-01-29 01:18:06','2020-01-29 01:18:06'),(1499,'whtiSq7k0Lg','2020-01-30','2020-01-30 00:06:40','2020-01-30 00:06:40'),(1500,'1cilQLjjrYo','2020-01-31','2020-01-31 00:05:00','2020-01-31 00:05:00'),(1501,'OS15080xVmY','2020-02-01','2020-02-01 00:55:23','2020-02-01 00:55:23'),(1502,'k3CEKGoXkBs','2020-02-02','2020-02-02 00:50:21','2020-02-02 00:50:21'),(1503,'0S8GPdo5XbI','2020-02-03','2020-02-03 00:09:57','2020-02-03 00:09:57'),(1504,'m2yeCwwcL0I','2020-02-04','2020-02-04 02:20:48','2020-02-04 02:20:48'),(1505,'f3daOQ_LUTk','2020-02-05','2020-02-05 01:29:30','2020-02-05 01:29:30'),(1506,'zZ1g2tAXqWQ','2020-02-06','2020-02-06 01:47:01','2020-02-06 01:47:01'),(1507,'_FkPM-_RrCI','2020-02-07','2020-02-07 00:08:20','2020-02-07 00:08:20'),(1508,'K0kog-MfnPE','2020-02-08','2020-02-08 00:03:29','2020-02-08 00:03:29'),(1509,'5kTbT9m9LNo','2020-02-09','2020-02-09 03:14:50','2020-02-09 03:14:50'),(1510,'lg57i_222zg','2020-02-10','2020-02-10 00:45:26','2020-02-10 00:45:26'),(1511,'Ew2vD0pv3Pw','2020-02-11','2020-02-11 01:19:48','2020-02-11 01:19:48'),(1512,'cIDPdhKkfYI','2020-02-12','2020-02-12 00:27:05','2020-02-12 00:27:05'),(1513,'Dl9e-F2DHx8','2020-02-13','2020-02-13 00:44:27','2020-02-13 00:44:27'),(1514,'Z-kO6n23Ydg','2020-02-14','2020-02-14 00:39:21','2020-02-14 00:39:21'),(1515,'5bvpqpbIpMc','2020-02-15','2020-02-15 00:15:51','2020-02-15 00:15:51'),(1516,'tjSS4XIJg_M','2020-02-16','2020-02-16 02:49:30','2020-02-16 02:49:30'),(1517,'1b-1LsKuroY','2020-02-17','2020-02-17 00:03:39','2020-02-17 00:03:39'),(1518,'q2TqOAir_Ow','2020-02-18','2020-02-18 00:33:59','2020-02-18 00:33:59'),(1519,'Ks9G4_vTFN4','2020-02-19','2020-02-19 00:13:17','2020-02-19 00:13:17'),(1520,'S9olG0marBg','2020-02-20','2020-02-20 00:02:16','2020-02-20 00:02:16'),(1521,'F89vTGtrelQ','2020-02-21','2020-02-21 00:16:51','2020-02-21 00:16:51'),(1522,'pOby4b4O8gE','2020-02-22','2020-02-22 00:05:24','2020-02-22 00:05:24'),(1523,'19kj9kOncgQ','2020-02-23','2020-02-23 03:56:07','2020-02-23 03:56:07'),(1524,'VEqmEzRzArw','2020-02-24','2020-02-24 00:23:02','2020-02-24 00:23:02'),(1525,'42J0VKYB2u4','2020-02-25','2020-02-25 00:21:53','2020-02-25 00:21:53'),(1526,'ihCRNP9y9lg','2020-02-26','2020-02-26 00:45:38','2020-02-26 00:45:38'),(1527,'vWMxlqCN29A','2019-04-27','2020-02-26 03:48:47','2020-02-26 03:48:47'),(1528,'7Cp-e70yj6Y','2020-02-27','2020-02-27 00:40:36','2020-02-27 00:40:36'),(1529,'Sr0lC5rWz9U','2020-02-28','2020-02-28 00:17:40','2020-02-28 00:17:40'),(1530,'f3daOQ_LUTk','2018-12-27','2020-02-28 20:06:44','2020-02-28 20:06:44'),(1531,'_ZJtGAx7siw','2020-02-29','2020-02-29 00:16:17','2020-02-29 00:16:17'),(1532,'YbYH47XuOq0','2020-03-01','2020-03-01 00:02:23','2020-03-01 00:02:23'),(1533,'7oXOV0wAk7Y','2020-03-02','2020-03-02 02:03:25','2020-03-02 02:03:25'),(1534,'BnGao9iV9N4','2020-03-03','2020-03-03 01:38:10','2020-03-03 01:38:10'),(1535,'M7QXjdvEWzI','2020-03-04','2020-03-04 01:31:25','2020-03-04 01:31:25'),(1536,'juVGd6ZApWU','2020-03-05','2020-03-05 00:26:11','2020-03-05 00:26:11'),(1537,'HRn2OIFs8DA','2020-03-06','2020-03-06 00:15:19','2020-03-06 00:15:19'),(1538,'6T-Hc7QqSPE','2020-03-07','2020-03-07 01:07:07','2020-03-07 01:07:07'),(1539,'aQ0VdvWdKsk','2020-03-08','2020-03-08 00:24:24','2020-03-08 00:24:24'),(1540,'VWl9W4um-qc','2020-03-09','2020-03-09 00:51:54','2020-03-09 00:51:54'),(1541,'UqNOXP5-qYc','2020-03-10','2020-03-10 00:54:01','2020-03-10 00:54:01'),(1542,'5kTbT9m9LNo','2020-03-11','2020-03-11 00:50:28','2020-03-11 00:50:28'),(1543,'V0I8s5qldHo','2018-12-25','2020-03-11 19:53:28','2020-03-11 19:53:28'),(1544,'XyvwQJnZwMo','2020-03-12','2020-03-12 00:05:56','2020-03-12 00:05:56'),(1545,'2nx81srj44c','2018-12-04','2020-03-12 01:47:36','2020-03-12 01:47:36'),(1546,'f4lmSr7YxHI','2018-12-24','2020-03-12 02:41:10','2020-03-12 02:41:10'),(1547,'nOmppjvG7ks','2018-12-28','2020-03-12 03:23:12','2020-03-12 03:23:12'),(1548,'q6FUuehuIdc','2020-03-13','2020-03-13 01:13:15','2020-03-13 01:13:15'),(1549,'kl-0ABda1aA','2020-03-14','2020-03-14 01:01:33','2020-03-14 01:01:33'),(1550,'Z5PM0FhFkoQ','2020-03-15','2020-03-15 04:03:54','2020-03-15 04:03:54'),(1551,'KVJpj0Zz1uQ','2020-03-16','2020-03-16 00:04:43','2020-03-16 00:04:43'),(1552,'UDK0GQmN8aI','2018-12-26','2020-03-16 04:34:57','2020-03-16 04:34:57'),(1553,'AXHr_3l0wng','2018-12-22','2020-03-16 10:31:05','2020-03-16 10:31:05'),(1554,'zkLCprHkqYY','2019-06-23','2020-03-16 12:39:05','2020-03-16 12:39:05'),(1555,'VI1gspH68Lg','2020-03-17','2020-03-17 00:45:51','2020-03-17 00:45:51'),(1556,'roqFL0oEZYw','2019-06-29','2020-03-17 15:09:28','2020-03-17 15:09:28'),(1557,'HQha2iPF034','2018-12-23','2020-03-17 16:07:20','2020-03-17 16:07:20'),(1558,'hYmy7szIuIw','2020-03-18','2020-03-18 00:59:35','2020-03-18 00:59:35'),(1559,'CxwCDe8CbO0','2019-05-21','2020-03-18 15:47:51','2020-03-18 15:47:51'),(1560,'a_-clIaVvko','2019-05-20','2020-03-18 22:42:48','2020-03-18 22:42:48'),(1561,'_BVEt3xtYos','2020-03-19','2020-03-19 00:06:36','2020-03-19 00:06:36'),(1562,'Wb0FT-6OjUE','2020-03-20','2020-03-20 02:49:27','2020-03-20 02:49:27'),(1563,'t1QnsduCdI0','2020-03-21','2020-03-21 06:37:06','2020-03-21 06:37:06'),(1564,'0qA8zwYOl9o','2020-03-22','2020-03-22 00:34:07','2020-03-22 00:34:07'),(1565,'G3Y6JALsXvk','2020-03-23','2020-03-23 04:14:54','2020-03-23 04:14:54'),(1566,'JdKiJd-tYu4','2020-03-24','2020-03-24 05:35:00','2020-03-24 05:35:00'),(1567,'8I-qBnFbse0','2020-03-25','2020-03-25 00:37:56','2020-03-25 00:37:56'),(1568,'_5k_4Rkk6Do','2020-03-26','2020-03-26 00:10:04','2020-03-26 00:10:04'),(1569,'6h4XMbEUrB8','2020-03-27','2020-03-27 02:12:42','2020-03-27 02:12:42'),(1570,'jfIeFt4Wou0','2020-03-28','2020-03-28 00:32:44','2020-03-28 00:32:44'),(1571,'85_I2yVcbhU','2020-03-29','2020-03-29 00:58:16','2020-03-29 00:58:16'),(1572,'wFojgCbralk','2020-03-30','2020-03-30 00:47:59','2020-03-30 00:47:59'),(1573,'5kfEOVCxikc','2020-03-31','2020-03-31 03:24:34','2020-03-31 03:24:34'),(1574,'3Rsf_Tahgk4','2020-04-01','2020-04-01 09:10:23','2020-04-01 09:10:23'),(1575,'nHQS2Oi9Pjw','2020-04-02','2020-04-02 05:22:51','2020-04-02 05:22:51'),(1576,'kl4SC2DGud4','2020-04-03','2020-04-03 02:40:07','2020-04-03 02:40:07'),(1577,'ibZUsXC2OtY','2020-04-04','2020-04-04 00:21:33','2020-04-04 00:21:33'),(1578,'-qzh4sRe_3w','2019-01-09','2020-04-05 08:31:38','2020-04-05 08:31:38'),(1579,'-cxSzWc1nRw','2020-04-05','2020-04-05 09:17:18','2020-04-05 09:17:18'),(1580,'LITAGDY95g0','2020-04-06','2020-04-06 04:28:47','2020-04-06 04:28:47'),(1581,'NCfK7xoP3x4','2020-04-07','2020-04-07 03:12:59','2020-04-07 03:12:59'),(1582,'csSLXUP9xk0','2020-04-08','2020-04-08 02:32:25','2020-04-08 02:32:25'),(1583,'s6CLngcj6Z8','2020-04-09','2020-04-09 00:14:45','2020-04-09 00:14:45'),(1584,'XIFkD5J8GjQ','2020-04-10','2020-04-10 01:02:41','2020-04-10 01:02:41'),(1585,'ybzsKec_cW0','2020-04-11','2020-04-11 02:01:15','2020-04-11 02:01:15'),(1586,'suIwWlyeEC4','2018-12-03','2020-04-11 17:37:16','2020-04-11 17:37:16'),(1587,'vk9LlFDkCb0','2020-04-12','2020-04-12 00:40:34','2020-04-12 00:40:34'),(1588,'7KQjlUekhzk','2020-04-13','2020-04-13 10:08:38','2020-04-13 10:08:38'),(1589,'HHML2F7l2vU','2020-04-14','2020-04-14 03:11:34','2020-04-14 03:11:34'),(1590,'s_u0o3uczEc','2020-04-15','2020-04-15 11:44:49','2020-04-15 11:44:49'),(1591,'VAP2AzRxDbs','2020-04-16','2020-04-16 01:15:25','2020-04-16 01:15:25'),(1592,'LVPcTo5nGnU','2020-04-17','2020-04-17 02:59:31','2020-04-17 02:59:31'),(1593,'3V3X9alrXTE','2020-04-18','2020-04-18 01:19:38','2020-04-18 01:19:38'),(1594,'qt4Z1Uh_Mpg','2020-04-19','2020-04-19 00:21:26','2020-04-19 00:21:26'),(1595,'eyNqLvdZY-8','2020-04-20','2020-04-20 00:21:43','2020-04-20 00:21:43'),(1596,'0cHzwWzOs5A','2020-04-21','2020-04-21 02:59:13','2020-04-21 02:59:13'),(1597,'ihCRNP9y9lg','2020-04-22','2020-04-22 04:25:48','2020-04-22 04:25:48'),(1598,'5bvpqpbIpMc','2020-04-23','2020-04-23 01:25:59','2020-04-23 01:25:59'),(1599,'7m3s71jKSkc','2020-04-24','2020-04-24 00:42:32','2020-04-24 00:42:32'),(1600,'PRgOqCZID58','2020-04-25','2020-04-25 01:47:56','2020-04-25 01:47:56'),(1601,'TsKs0oGhTWo','2020-04-26','2020-04-26 01:40:42','2020-04-26 01:40:42'),(1602,'7EPj2xZPEH0','2020-04-27','2020-04-27 01:40:52','2020-04-27 01:40:52'),(1603,'hd41RDP2JDU','2020-04-28','2020-04-28 01:53:26','2020-04-28 01:53:26'),(1604,'zo3pwwZCEcg','2020-04-29','2020-04-29 11:44:18','2020-04-29 11:44:18'),(1605,'_BVEt3xtYos','2020-04-30','2020-04-30 00:56:29','2020-04-30 00:56:29'),(1606,'IKIus-hfSRY','2020-05-01','2020-05-01 00:22:36','2020-05-01 00:22:36'),(1607,'ri35YKhV-ME','2020-05-02','2020-05-02 00:21:46','2020-05-02 00:21:46'),(1608,'Q3sTM6AIf-A','2020-05-03','2020-05-03 00:29:07','2020-05-03 00:29:07'),(1609,'YEz3J4Ukmtk','2020-05-04','2020-05-04 00:26:52','2020-05-04 00:26:52'),(1610,'Nn1_KZZdUMk','2020-05-05','2020-05-05 01:46:32','2020-05-05 01:46:32'),(1611,'QzfC0_A73Hg','2020-05-06','2020-05-06 01:53:35','2020-05-06 01:53:35'),(1612,'whtiSq7k0Lg','2020-05-07','2020-05-07 02:51:46','2020-05-07 02:51:46'),(1613,'s6CLngcj6Z8','2019-04-28','2020-05-07 13:57:11','2020-05-07 13:57:11'),(1614,'nHelkaQVoSA','2020-05-08','2020-05-08 01:34:08','2020-05-08 01:34:08'),(1615,'C6xMKvMyngs','2020-05-09','2020-05-09 01:26:47','2020-05-09 01:26:47'),(1616,'6T-Hc7QqSPE','2020-05-10','2020-05-10 00:25:00','2020-05-10 00:25:00'),(1617,'g7PEIiD8V9Y','2020-05-11','2020-05-11 00:48:42','2020-05-11 00:48:42'),(1618,'rWHbK8dq1gU','2020-05-12','2020-05-12 00:25:45','2020-05-12 00:25:45'),(1619,'G3Y6JALsXvk','2020-05-13','2020-05-13 00:55:57','2020-05-13 00:55:57'),(1620,'A-BwQe8T23I','2020-05-14','2020-05-14 01:03:39','2020-05-14 01:03:39'),(1621,'g3nZrrg_ulE','2020-05-15','2020-05-15 00:36:35','2020-05-15 00:36:35'),(1622,'0-oZridYkGQ','2020-05-16','2020-05-16 00:21:56','2020-05-16 00:21:56'),(1623,'r2BeDQvarJc','2020-05-17','2020-05-17 00:36:20','2020-05-17 00:36:20'),(1624,'Co0TmFvqxvY','2020-05-18','2020-05-18 01:01:45','2020-05-18 01:01:45'),(1625,'bCcuuRwMJjc','2020-05-19','2020-05-19 00:37:56','2020-05-19 00:37:56'),(1626,'qbg-ULcVQGk','2020-05-20','2020-05-20 02:27:10','2020-05-20 02:27:10'),(1627,'tpO0ATpYRw8','2020-05-21','2020-05-21 00:40:27','2020-05-21 00:40:27'),(1628,'VI1gspH68Lg','2020-05-22','2020-05-22 00:34:46','2020-05-22 00:34:46'),(1629,'GJXmBq47EGg','2020-05-23','2020-05-23 10:58:18','2020-05-23 10:58:18'),(1630,'OS15080xVmY','2020-05-24','2020-05-24 03:10:45','2020-05-24 03:10:45'),(1631,'DPS3loXzGTw','2020-05-25','2020-05-25 01:23:56','2020-05-25 01:23:56'),(1632,'Jz-mEvSFmGE','2020-05-26','2020-05-26 00:06:49','2020-05-26 00:06:49'),(1633,'K5n4KLOgIjY','2020-05-27','2020-05-27 00:37:01','2020-05-27 00:37:01'),(1634,'uNHzJG-30Zs','2020-05-28','2020-05-28 01:12:51','2020-05-28 01:12:51'),(1635,'WSVpM0UrQaQ','2020-05-29','2020-05-29 01:24:27','2020-05-29 01:24:27'),(1636,'QzfC0_A73Hg','2020-05-30','2020-05-30 00:45:50','2020-05-30 00:45:50'),(1637,'VsXnhjCfCoE','2020-05-31','2020-05-31 00:47:19','2020-05-31 00:47:19'),(1638,'jnGrjfh9gHE','2020-06-01','2020-06-01 01:00:44','2020-06-01 01:00:44'),(1639,'N30PVsHHc4U','2020-06-02','2020-06-02 11:48:13','2020-06-02 11:48:13'),(1640,'85nir6cByKk','2020-06-03','2020-06-03 00:07:29','2020-06-03 00:07:29'),(1641,'QfJ-WFXRO-0','2020-06-04','2020-06-04 00:48:45','2020-06-04 00:48:45'),(1642,'Co0TmFvqxvY','2020-06-05','2020-06-05 02:11:58','2020-06-05 02:11:58'),(1643,'zZ1g2tAXqWQ','2020-06-06','2020-06-06 00:25:51','2020-06-06 00:25:51'),(1644,'qNfPov8hI4U','2020-06-07','2020-06-07 00:10:06','2020-06-07 00:10:06'),(1645,'4yY19IoWodg','2020-06-08','2020-06-08 00:06:00','2020-06-08 00:06:00'),(1646,'wZaDIOJKEJA','2020-06-09','2020-06-09 00:03:08','2020-06-09 00:03:08'),(1647,'Z7ixtC4ntOw','2020-06-10','2020-06-10 00:07:18','2020-06-10 00:07:18'),(1648,'Pj6oFoJktLM','2020-06-11','2020-06-11 00:05:50','2020-06-11 00:05:50'),(1649,'xkkgAVzB_pM','2020-06-12','2020-06-12 00:53:27','2020-06-12 00:53:27'),(1650,'k0Al6_MABsQ','2020-06-13','2020-06-13 00:11:10','2020-06-13 00:11:10'),(1651,'w40GiK_Cdgc','2020-06-14','2020-06-14 00:21:36','2020-06-14 00:21:36'),(1652,'roqFL0oEZYw','2020-06-15','2020-06-15 00:19:40','2020-06-15 00:19:40'),(1653,'UpqC6wYC14U','2020-06-16','2020-06-16 00:09:46','2020-06-16 00:09:46'),(1654,'cDcIlV21oHI','2020-06-17','2020-06-17 00:25:30','2020-06-17 00:25:30'),(1655,'EwQTjf2RPJI','2020-06-18','2020-06-18 00:10:49','2020-06-18 00:10:49'),(1656,'JW0E_SawH2U','2020-06-19','2020-06-19 00:05:42','2020-06-19 00:05:42'),(1657,'sOzMZUux6Hw','2020-06-20','2020-06-20 00:13:31','2020-06-20 00:13:31'),(1658,'B254xxs4ywM','2020-06-21','2020-06-21 01:06:05','2020-06-21 01:06:05'),(1659,'_d98KQ2DsiQ','2020-06-22','2020-06-22 00:34:24','2020-06-22 00:34:24'),(1660,'emGiPyoAfz8','2020-06-23','2020-06-23 00:47:12','2020-06-23 00:47:12'),(1661,'nZuKRhQMeSI','2020-06-24','2020-06-24 01:51:53','2020-06-24 01:51:53'),(1662,'Pj6oFoJktLM','2020-06-25','2020-06-25 00:42:47','2020-06-25 00:42:47'),(1663,'HUCmag5dVxo','2020-06-26','2020-06-26 00:22:30','2020-06-26 00:22:30'),(1664,'CVoOKCn3888','2020-06-27','2020-06-27 00:34:47','2020-06-27 00:34:47'),(1665,'NV0YUJ3DBIU','2020-06-28','2020-06-28 00:31:07','2020-06-28 00:31:07'),(1666,'dj93e1nLGwE','2020-06-29','2020-06-29 00:02:53','2020-06-29 00:02:53'),(1667,'pp7ZiCKN3IQ','2020-06-30','2020-06-30 00:48:00','2020-06-30 00:48:00'),(1668,'QzfC0_A73Hg','2020-07-01','2020-07-01 03:19:26','2020-07-01 03:19:26'),(1669,'l9wRjsQ_JII','2020-07-02','2020-07-02 00:35:19','2020-07-02 00:35:19'),(1670,'T_N8CR6PSrI','2020-07-03','2020-07-03 00:12:46','2020-07-03 00:12:46'),(1671,'msxEDL1yaak','2020-07-04','2020-07-04 02:55:00','2020-07-04 02:55:00'),(1672,'l9wRjsQ_JII','2020-07-05','2020-07-05 02:24:07','2020-07-05 02:24:07'),(1673,'UNOLELxhYQg','2020-07-06','2020-07-06 02:06:50','2020-07-06 02:06:50'),(1674,'oC66717nuRY','2020-07-07','2020-07-07 00:17:01','2020-07-07 00:17:01'),(1675,'3lr2CG1_qFo','2020-07-08','2020-07-08 00:28:45','2020-07-08 00:28:45'),(1676,'2vTBWJQm4hI','2020-07-09','2020-07-09 01:41:20','2020-07-09 01:41:20'),(1677,'_CddRkYpKtI','2020-07-10','2020-07-10 00:49:39','2020-07-10 00:49:39'),(1678,'qzXJ1lDE_as','2020-07-11','2020-07-11 00:35:07','2020-07-11 00:35:07'),(1679,'EPcPGc7f-aE','2020-07-12','2020-07-12 00:55:48','2020-07-12 00:55:48'),(1680,'WVk70BIfxaQ','2020-07-13','2020-07-13 01:04:01','2020-07-13 01:04:01'),(1681,'gmdOd997UWE','2020-07-14','2020-07-14 02:56:52','2020-07-14 02:56:52'),(1682,'3trYIk73p0k','2020-07-15','2020-07-15 01:01:51','2020-07-15 01:01:51'),(1683,'YgKjqN4mYSg','2020-07-16','2020-07-16 01:34:54','2020-07-16 01:34:54'),(1684,'2sgCzV51tj0','2020-07-17','2020-07-17 00:54:39','2020-07-17 00:54:39'),(1685,'z__B_djrJc4','2020-07-18','2020-07-18 00:09:30','2020-07-18 00:09:30'),(1686,'PYTLakk8lNo','2020-07-19','2020-07-19 00:25:35','2020-07-19 00:25:35'),(1687,'bDXjSP_8CAc','2020-07-20','2020-07-20 00:11:00','2020-07-20 00:11:00'),(1688,'sMCXMH8VAE4','2020-07-21','2020-07-21 01:07:42','2020-07-21 01:07:42'),(1689,'Fabi5cq2Vwk','2020-07-22','2020-07-22 02:34:11','2020-07-22 02:34:11'),(1690,'HQha2iPF034','2020-07-23','2020-07-23 02:41:39','2020-07-23 02:41:39'),(1691,'mt9rXp4SfWM','2020-07-24','2020-07-24 12:43:20','2020-07-24 12:43:20'),(1692,'yJptus8dsKY','2020-07-25','2020-07-25 06:44:12','2020-07-25 06:44:12'),(1693,'SO3JcsLYqAE','2020-07-26','2020-07-26 11:00:24','2020-07-26 11:00:24'),(1694,'k21LAaRZ-uM','2020-07-27','2020-07-27 01:09:52','2020-07-27 01:09:52'),(1695,'cnQhFRSvVtQ','2020-07-28','2020-07-28 00:40:40','2020-07-28 00:40:40'),(1696,'lzk4efmFQW4','2020-07-29','2020-07-29 00:14:14','2020-07-29 00:14:14'),(1697,'8lTHyd96aPM','2020-07-30','2020-07-30 00:06:36','2020-07-30 00:06:36'),(1698,'Ocy2RqL8Ac0','2020-07-31','2020-07-31 01:06:00','2020-07-31 01:06:00'),(1699,'f3daOQ_LUTk','2020-08-01','2020-08-01 00:19:42','2020-08-01 00:19:42'),(1700,'6622p95gpNA','2020-08-02','2020-08-02 00:31:16','2020-08-02 00:31:16'),(1701,'ggBcpLQJb0o','2020-08-03','2020-08-03 00:30:40','2020-08-03 00:30:40'),(1702,'41S6liUvoq4','2020-08-04','2020-08-04 00:43:43','2020-08-04 00:43:43'),(1703,'wZaDIOJKEJA','2020-08-05','2020-08-05 01:20:20','2020-08-05 01:20:20'),(1704,'CZrChkoycBA','2020-08-06','2020-08-06 00:05:58','2020-08-06 00:05:58'),(1705,'iFK3BTHRG_M','2020-08-07','2020-08-07 00:20:23','2020-08-07 00:20:23'),(1706,'xXIm6ba1oxE','2020-08-08','2020-08-08 01:58:44','2020-08-08 01:58:44'),(1707,'fkbI4JBzsOI','2020-08-09','2020-08-09 00:09:59','2020-08-09 00:09:59'),(1708,'6Xm8EEJ6rjc','2020-08-10','2020-08-10 00:25:54','2020-08-10 00:25:54'),(1709,'JoaPnfcaM0M','2020-08-11','2020-08-11 00:23:02','2020-08-11 00:23:02'),(1710,'x7CKnBYg0GM','2020-08-12','2020-08-12 00:45:51','2020-08-12 00:45:51'),(1711,'eGBxC7RQxsY','2020-08-13','2020-08-13 01:52:42','2020-08-13 01:52:42'),(1712,'keA2A8FCo5w','2020-08-14','2020-08-14 00:05:33','2020-08-14 00:05:33'),(1713,'EKSd6xUNPU4','2020-08-15','2020-08-15 00:13:39','2020-08-15 00:13:39'),(1714,'ZV2jhl2OWMo','2020-08-16','2020-08-16 00:12:25','2020-08-16 00:12:25'),(1715,'XvO8lFROzMs','2020-08-17','2020-08-17 00:10:27','2020-08-17 00:10:27'),(1716,'Ip_0YtVxJGE','2020-08-18','2020-08-18 00:14:48','2020-08-18 00:14:48'),(1717,'3Rsf_Tahgk4','2020-08-19','2020-08-19 01:16:08','2020-08-19 01:16:08'),(1718,'dgiOMveoFko','2020-08-20','2020-08-20 00:14:50','2020-08-20 00:14:50'),(1719,'0lrDn2qmtpE','2020-08-21','2020-08-21 02:04:11','2020-08-21 02:04:11'),(1720,'kl-0ABda1aA','2020-08-22','2020-08-22 00:25:36','2020-08-22 00:25:36'),(1721,'EGqZM0sHBuY','2020-08-23','2020-08-23 01:06:46','2020-08-23 01:06:46'),(1722,'Ea0l-yXlMKQ','2020-08-24','2020-08-24 02:59:33','2020-08-24 02:59:33'),(1723,'wj5pVZ2JbVU','2020-08-25','2020-08-25 00:03:33','2020-08-25 00:03:33'),(1724,'paE6EgFaAQs','2020-08-26','2020-08-26 02:05:32','2020-08-26 02:05:32'),(1725,'Zw100vOIk5c','2020-08-27','2020-08-27 01:51:12','2020-08-27 01:51:12'),(1726,'sOzMZUux6Hw','2020-08-28','2020-08-28 00:25:01','2020-08-28 00:25:01'),(1727,'fEsyBaG-uNw','2020-08-29','2020-08-29 06:55:56','2020-08-29 06:55:56'),(1728,'k3CEKGoXkBs','2020-08-30','2020-08-30 07:33:19','2020-08-30 07:33:19'),(1729,'w8e_e6FMRmk','2020-08-31','2020-08-31 00:49:19','2020-08-31 00:49:19'),(1730,'mw-_h5WZdzU','2020-09-01','2020-09-01 01:18:13','2020-09-01 01:18:13'),(1731,'OYLcflSsOf4','2020-09-02','2020-09-02 03:58:56','2020-09-02 03:58:56'),(1732,'XU9_m8Ul7Cg','2020-09-03','2020-09-03 05:00:59','2020-09-03 05:00:59'),(1733,'H8EFIge77XY','2020-09-04','2020-09-04 03:45:15','2020-09-04 03:45:15'),(1734,'0SSlJymmLMc','2020-09-05','2020-09-05 00:23:10','2020-09-05 00:23:10'),(1735,'8lTHyd96aPM','2020-09-06','2020-09-06 00:27:54','2020-09-06 00:27:54'),(1736,'EkT7tnpipPM','2020-09-07','2020-09-07 00:47:06','2020-09-07 00:47:06'),(1737,'I1MXesXuVa0','2020-09-08','2020-09-08 00:59:23','2020-09-08 00:59:23'),(1738,'AXHr_3l0wng','2020-09-09','2020-09-09 00:24:36','2020-09-09 00:24:36'),(1739,'WqlL3YC_Bgg','2020-09-10','2020-09-10 00:10:24','2020-09-10 00:10:24'),(1740,'npNEdDxCNrk','2020-09-11','2020-09-11 00:15:46','2020-09-11 00:15:46'),(1741,'MuJHpjhFRAE','2020-09-12','2020-09-12 00:09:08','2020-09-12 00:09:08'),(1742,'a5IzdMcC9uw','2020-09-13','2020-09-13 00:08:07','2020-09-13 00:08:07'),(1743,'TD-fhGL0Bzk','2020-09-14','2020-09-14 00:06:43','2020-09-14 00:06:43'),(1744,'HJBgWizZuSk','2020-09-15','2020-09-15 00:05:41','2020-09-15 00:05:41'),(1745,'ktfSsX43BFg','2020-09-16','2020-09-16 00:01:21','2020-09-16 00:01:21'),(1746,'YEz3J4Ukmtk','2020-09-17','2020-09-17 00:03:56','2020-09-17 00:03:56'),(1747,'Fd2x0o4T0hU','2020-09-18','2020-09-18 00:01:59','2020-09-18 00:01:59'),(1748,'XHHh6mYrYNI','2020-09-19','2020-09-19 00:05:17','2020-09-19 00:05:17'),(1749,'UqNOXP5-qYc','2020-09-20','2020-09-20 00:05:04','2020-09-20 00:05:04'),(1750,'rS87DCftyao','2020-09-21','2020-09-21 00:03:08','2020-09-21 00:03:08'),(1751,'u-IBAElG6n0','2020-09-22','2020-09-22 00:05:17','2020-09-22 00:05:17'),(1752,'PaToFup-LD0','2020-09-23','2020-09-23 00:05:56','2020-09-23 00:05:56'),(1753,'T_N8CR6PSrI','2020-09-24','2020-09-24 00:14:43','2020-09-24 00:14:43'),(1754,'SMVY1cm3eV8','2020-09-25','2020-09-25 00:12:00','2020-09-25 00:12:00'),(1755,'JC5oFWeXIKY','2020-09-26','2020-09-26 00:04:28','2020-09-26 00:04:28'),(1756,'jnGrjfh9gHE','2020-09-27','2020-09-27 00:08:11','2020-09-27 00:08:11'),(1757,'G3Y6JALsXvk','2020-09-28','2020-09-28 00:06:24','2020-09-28 00:06:24'),(1758,'HOXXDj4OzDI','2020-09-29','2020-09-29 00:01:55','2020-09-29 00:01:55'),(1759,'-3xGyRiepe0','2020-09-30','2020-09-30 00:17:58','2020-09-30 00:17:58'),(1760,'SnXkhkEvNIM','2020-10-01','2020-10-01 00:12:42','2020-10-01 00:12:42'),(1761,'gS1QhVpSEds','2020-10-02','2020-10-02 00:53:01','2020-10-02 00:53:01'),(1762,'VVn-n2ROQXg','2020-10-03','2020-10-03 00:16:35','2020-10-03 00:16:35'),(1763,'HJBgWizZuSk','2020-10-04','2020-10-04 01:18:55','2020-10-04 01:18:55'),(1764,'He79ZLV0x-0','2020-10-05','2020-10-05 00:29:06','2020-10-05 00:29:06'),(1765,'cSBSyoTyli0','2020-10-06','2020-10-06 00:54:16','2020-10-06 00:54:16'),(1766,'8lTHyd96aPM','2020-10-07','2020-10-07 00:26:53','2020-10-07 00:26:53'),(1767,'m2yeCwwcL0I','2020-10-08','2020-10-08 00:11:58','2020-10-08 00:11:58'),(1768,'ojFz98v3BHM','2020-10-09','2020-10-09 00:28:15','2020-10-09 00:28:15'),(1769,'bb_qJ33fmL4','2020-10-10','2020-10-10 00:17:18','2020-10-10 00:17:18'),(1770,'C_Srcfj7qHA','2020-10-11','2020-10-11 00:01:23','2020-10-11 00:01:23'),(1771,'3kkvNitQOwU','2020-10-12','2020-10-12 00:58:04','2020-10-12 00:58:04'),(1772,'yQgZCLGk050','2020-10-13','2020-10-13 00:56:36','2020-10-13 00:56:36'),(1773,'ofL1q11CoxE','2020-10-14','2020-10-14 00:37:51','2020-10-14 00:37:51'),(1774,'JFfWmMcOU5Q','2020-10-15','2020-10-15 01:30:23','2020-10-15 01:30:23'),(1775,'arC9vRxCAuE','2020-10-16','2020-10-16 17:18:22','2020-10-16 17:18:22'),(1776,'ZDlXM8anXtE','2020-10-17','2020-10-17 00:05:16','2020-10-17 00:05:16'),(1777,'3Rsf_Tahgk4','2020-10-18','2020-10-18 00:14:01','2020-10-18 00:14:01'),(1778,'_ZJtGAx7siw','2020-10-19','2020-10-19 00:05:56','2020-10-19 00:05:56'),(1779,'iFK3BTHRG_M','2020-10-20','2020-10-20 00:06:31','2020-10-20 00:06:31'),(1780,'VWl9W4um-qc','2020-10-21','2020-10-21 01:16:27','2020-10-21 01:16:27'),(1781,'ZrTKdUhsREk','2020-10-22','2020-10-22 00:07:48','2020-10-22 00:07:48'),(1782,'nh1w1-QVRT4','2020-10-23','2020-10-23 00:08:06','2020-10-23 00:08:06'),(1783,'2HYQpbqAe6w','2020-10-24','2020-10-24 00:03:17','2020-10-24 00:03:17'),(1784,'79q3h1X-Asw','2020-10-25','2020-10-25 00:07:16','2020-10-25 00:07:16'),(1785,'Lvfo3C3rGCI','2020-10-26','2020-10-26 00:41:47','2020-10-26 00:41:47'),(1786,'jmBDn9WyRKc','2020-10-27','2020-10-27 00:09:12','2020-10-27 00:09:12'),(1787,'XwW5_MFzC6A','2020-10-28','2020-10-28 00:07:21','2020-10-28 00:07:21'),(1788,'w8e_e6FMRmk','2020-10-29','2020-10-29 00:55:52','2020-10-29 00:55:52'),(1789,'jFZ67_poJjM','2020-10-30','2020-10-30 00:12:38','2020-10-30 00:12:38'),(1790,'jPClvL9a03M','2020-10-31','2020-10-31 01:54:10','2020-10-31 01:54:10'),(1791,'TWht6nrQuJw','2020-11-01','2020-11-01 00:13:20','2020-11-01 00:13:20'),(1792,'lotrw32qs38','2020-11-02','2020-11-02 00:01:52','2020-11-02 00:01:52'),(1793,'bxNd3fJRHTs','2020-11-03','2020-11-03 00:02:59','2020-11-03 00:02:59'),(1794,'Y3Wiwh3M__g','2020-11-04','2020-11-04 00:19:23','2020-11-04 00:19:23'),(1795,'CxwCDe8CbO0','2020-11-05','2020-11-05 00:10:47','2020-11-05 00:10:47'),(1796,'VEqmEzRzArw','2020-11-06','2020-11-06 00:14:56','2020-11-06 00:14:56'),(1797,'H9bK_vdQMOc','2020-11-07','2020-11-07 00:09:48','2020-11-07 00:09:48'),(1798,'HHNxnM9B7TM','2020-11-08','2020-11-08 00:17:13','2020-11-08 00:17:13'),(1799,'lzk4efmFQW4','2020-11-09','2020-11-09 00:09:39','2020-11-09 00:09:39'),(1800,'suTEAtURsag','2020-11-10','2020-11-10 00:12:44','2020-11-10 00:12:44'),(1801,'b9lwmxbis8M','2020-11-11','2020-11-11 11:04:54','2020-11-11 11:04:54'),(1802,'7oXOV0wAk7Y','2020-11-12','2020-11-12 00:27:09','2020-11-12 00:27:09'),(1803,'a_-clIaVvko','2020-11-13','2020-11-13 01:07:04','2020-11-13 01:07:04'),(1804,'weRWZIndnOA','2020-11-14','2020-11-14 00:38:01','2020-11-14 00:38:01'),(1805,'zWXFyRHolHA','2020-11-15','2020-11-15 00:22:01','2020-11-15 00:22:01'),(1806,'0Ji_xcV3zmI','2020-11-16','2020-11-16 00:32:02','2020-11-16 00:32:02'),(1807,'G3Y6JALsXvk','2020-11-17','2020-11-17 00:10:49','2020-11-17 00:10:49'),(1808,'FREAPyuceuM','2020-11-18','2020-11-18 00:47:22','2020-11-18 00:47:22'),(1809,'cP6x1-YIBmM','2020-11-19','2020-11-19 02:21:08','2020-11-19 02:21:08'),(1810,'JdKiJd-tYu4','2020-11-20','2020-11-20 03:01:57','2020-11-20 03:01:57'),(1811,'Zjr_-7O43C4','2020-11-21','2020-11-21 00:46:16','2020-11-21 00:46:16'),(1812,'7_LUXNtGRdE','2020-11-22','2020-11-22 00:53:48','2020-11-22 00:53:48'),(1813,'fEsyBaG-uNw','2020-11-23','2020-11-23 01:41:00','2020-11-23 01:41:00'),(1814,'UYGtfq-ly1U','2020-11-24','2020-11-24 00:32:29','2020-11-24 00:32:29'),(1815,'lotrw32qs38','2020-11-25','2020-11-25 00:52:33','2020-11-25 00:52:33'),(1816,'9bSc2tW4HpM','2020-11-26','2020-11-26 00:02:24','2020-11-26 00:02:24'),(1817,'ri35YKhV-ME','2020-11-27','2020-11-27 00:32:06','2020-11-27 00:32:06'),(1818,'4LkmEIdb4Oo','2020-11-28','2020-11-28 00:44:21','2020-11-28 00:44:21'),(1819,'5SntLIEYTS4','2020-11-29','2020-11-29 00:32:20','2020-11-29 00:32:20'),(1820,'m354q21Bxh4','2020-11-30','2020-11-30 00:19:20','2020-11-30 00:19:20'),(1821,'JjWiVb4bbFE','2020-12-01','2020-12-01 00:13:34','2020-12-01 00:13:34'),(1822,'EwQTjf2RPJI','2020-12-02','2020-12-02 00:07:33','2020-12-02 00:07:33'),(1823,'O629MDyEiDU','2020-12-03','2020-12-03 00:43:27','2020-12-03 00:43:27'),(1824,'lg57i_222zg','2020-12-04','2020-12-04 00:20:11','2020-12-04 00:20:11'),(1825,'5TC3j2beOP4','2020-12-05','2020-12-05 03:00:16','2020-12-05 03:00:16'),(1826,'xXIm6ba1oxE','2020-12-06','2020-12-06 00:37:37','2020-12-06 00:37:37'),(1827,'Rx2Pk1AE4Fg','2020-12-07','2020-12-07 00:10:20','2020-12-07 00:10:20'),(1828,'2nx81srj44c','2020-12-08','2020-12-08 01:52:54','2020-12-08 01:52:54'),(1829,'s8j5R4i3kq0','2020-12-09','2020-12-09 00:25:33','2020-12-09 00:25:33'),(1830,'vtA_DWA6tx4','2020-12-10','2020-12-10 00:07:08','2020-12-10 00:07:08'),(1831,'jFZ67_poJjM','2020-12-11','2020-12-11 01:13:31','2020-12-11 01:13:31'),(1832,'bxNd3fJRHTs','2020-12-12','2020-12-12 00:38:27','2020-12-12 00:38:27'),(1833,'ODEb7JY4WDo','2020-12-13','2020-12-13 00:11:24','2020-12-13 00:11:24'),(1834,'Z-kO6n23Ydg','2020-12-14','2020-12-14 01:56:25','2020-12-14 01:56:25'),(1835,'ihCRNP9y9lg','2020-12-15','2020-12-15 05:00:06','2020-12-15 05:00:06'),(1836,'3Rw3KiPgQ50','2020-12-16','2020-12-16 00:30:19','2020-12-16 00:30:19'),(1837,'ofL1q11CoxE','2020-12-17','2020-12-17 00:18:17','2020-12-17 00:18:17'),(1838,'a3i0BNJ55wo','2020-12-18','2020-12-18 00:16:13','2020-12-18 00:16:13'),(1839,'WUFw3IK-qs8','2020-12-19','2020-12-19 00:51:23','2020-12-19 00:51:23'),(1840,'fMAd3fxoGyc','2020-12-20','2020-12-20 00:12:34','2020-12-20 00:12:34'),(1841,'lzk4efmFQW4','2020-12-21','2020-12-21 06:25:43','2020-12-21 06:25:43'),(1842,'oVfyt4BWJNQ','2020-12-22','2020-12-22 00:09:00','2020-12-22 00:09:00'),(1843,'oSL2nCSD17g','2020-12-23','2020-12-23 00:06:13','2020-12-23 00:06:13'),(1844,'EkC96Zc2UkI','2020-12-24','2020-12-24 00:51:08','2020-12-24 00:51:08'),(1845,'XQHaWxYjPVw','2020-12-25','2020-12-25 05:21:44','2020-12-25 05:21:44'),(1846,'vtA_DWA6tx4','2020-12-26','2020-12-26 00:17:50','2020-12-26 00:17:50'),(1847,'_bzS83nl3oM','2020-12-27','2020-12-27 00:07:03','2020-12-27 00:07:03'),(1848,'5bvpqpbIpMc','2020-12-28','2020-12-28 00:17:29','2020-12-28 00:17:29'),(1849,'V0I8s5qldHo','2020-12-29','2020-12-29 00:10:39','2020-12-29 00:10:39'),(1850,'Fd2x0o4T0hU','2020-12-30','2020-12-30 00:14:39','2020-12-30 00:14:39'),(1851,'JW0E_SawH2U','2020-12-31','2020-12-31 02:01:14','2020-12-31 02:01:14'),(1852,'h1M4X8GSpWA','2021-01-01','2021-01-01 02:44:00','2021-01-01 02:44:00'),(1853,'qHmo8Bx3fSg','2021-01-02','2021-01-02 00:02:50','2021-01-02 00:02:50'),(1854,'x7CKnBYg0GM','2021-01-03','2021-01-03 00:32:52','2021-01-03 00:32:52'),(1855,'NukkrzLgRjY','2021-01-04','2021-01-04 00:39:36','2021-01-04 00:39:36'),(1856,'rxbDuc0zhx4','2021-01-05','2021-01-05 04:49:58','2021-01-05 04:49:58'),(1857,'NV0YUJ3DBIU','2021-01-06','2021-01-06 02:31:43','2021-01-06 02:31:43'),(1858,'g3nZrrg_ulE','2021-01-07','2021-01-07 00:22:20','2021-01-07 00:22:20'),(1859,'6T-Hc7QqSPE','2021-01-08','2021-01-08 05:08:38','2021-01-08 05:08:38'),(1860,'m354q21Bxh4','2021-01-09','2021-01-09 01:19:12','2021-01-09 01:19:12'),(1861,'jfIeFt4Wou0','2021-01-10','2021-01-10 00:58:26','2021-01-10 00:58:26'),(1862,'UyJ8Qbh_LH0','2021-01-11','2021-01-11 02:06:16','2021-01-11 02:06:16'),(1863,'buA3V0f-GEI','2021-01-12','2021-01-12 02:06:31','2021-01-12 02:06:31'),(1864,'lzk4efmFQW4','2021-01-13','2021-01-13 06:54:17','2021-01-13 06:54:17'),(1865,'buA3V0f-GEI','2021-01-14','2021-01-14 12:58:04','2021-01-14 12:58:04'),(1866,'oVfyt4BWJNQ','2021-01-15','2021-01-15 00:22:34','2021-01-15 00:22:34'),(1867,'4Gc3vF6FX_o','2021-01-16','2021-01-16 00:03:09','2021-01-16 00:03:09'),(1868,'EwQTjf2RPJI','2021-01-17','2021-01-17 00:13:53','2021-01-17 00:13:53'),(1869,'HHML2F7l2vU','2021-01-18','2021-01-18 01:51:01','2021-01-18 01:51:01'),(1870,'fUGZwd445EM','2021-01-19','2021-01-19 03:18:37','2021-01-19 03:18:37'),(1871,'2HYQpbqAe6w','2021-01-20','2021-01-20 01:03:23','2021-01-20 01:03:23'),(1872,'vkH29ILw_Qw','2021-01-21','2021-01-21 00:19:17','2021-01-21 00:19:17'),(1873,'FOs04eyWBKQ','2021-01-22','2021-01-22 00:08:58','2021-01-22 00:08:58'),(1874,'pqrQ25psl6E','2021-01-23','2021-01-23 01:01:14','2021-01-23 01:01:14'),(1875,'5kfEOVCxikc','2021-01-24','2021-01-24 00:35:06','2021-01-24 00:35:06'),(1876,'rWHbK8dq1gU','2021-01-25','2021-01-25 09:07:03','2021-01-25 09:07:03'),(1877,'y03Xkh0mmC0','2021-01-26','2021-01-26 04:56:10','2021-01-26 04:56:10'),(1878,'jxzI9XOfh6w','2021-01-27','2021-01-27 00:25:01','2021-01-27 00:25:01'),(1879,'7L8jGxljy04','2021-01-28','2021-01-28 02:17:09','2021-01-28 02:17:09'),(1880,'_CddRkYpKtI','2021-01-29','2021-01-29 00:55:34','2021-01-29 00:55:34'),(1881,'Z7ixtC4ntOw','2021-01-30','2021-01-30 00:39:29','2021-01-30 00:39:29'),(1882,'nZuKRhQMeSI','2021-01-31','2021-01-31 03:09:07','2021-01-31 03:09:07'),(1883,'85nir6cByKk','2021-02-01','2021-02-01 00:04:51','2021-02-01 00:04:51'),(1884,'fUGZwd445EM','2021-02-02','2021-02-02 00:10:39','2021-02-02 00:10:39'),(1885,'jfIeFt4Wou0','2021-02-03','2021-02-03 00:05:17','2021-02-03 00:05:17'),(1886,'JW0E_SawH2U','2021-02-04','2021-02-04 00:02:55','2021-02-04 00:02:55'),(1887,'jPClvL9a03M','2021-02-05','2021-02-05 03:29:12','2021-02-05 03:29:12'),(1888,'7UuNAKFV6KQ','2021-02-06','2021-02-06 01:05:03','2021-02-06 01:05:03'),(1889,'4Gc3vF6FX_o','2021-02-07','2021-02-07 00:08:02','2021-02-07 00:08:02'),(1890,'-xUKsNrLOLQ','2021-02-08','2021-02-08 00:07:38','2021-02-08 00:07:38'),(1891,'sTiE3jNzXYs','2021-02-09','2021-02-09 00:12:10','2021-02-09 00:12:10'),(1892,'u3gPNKinadw','2021-02-10','2021-02-10 00:11:15','2021-02-10 00:11:15'),(1893,'rjxmDJLAkaM','2021-02-11','2021-02-11 00:15:08','2021-02-11 00:15:08'),(1894,'KzfvVe2Ph6w','2021-02-12','2021-02-12 01:54:47','2021-02-12 01:54:47'),(1895,'O629MDyEiDU','2021-02-13','2021-02-13 00:48:38','2021-02-13 00:48:38'),(1896,'GGeRq0fE5oE','2021-02-14','2021-02-14 02:59:24','2021-02-14 02:59:24'),(1897,'vk9LlFDkCb0','2021-02-15','2021-02-15 00:11:58','2021-02-15 00:11:58'),(1898,'EkC96Zc2UkI','2021-02-16','2021-02-16 00:41:59','2021-02-16 00:41:59'),(1899,'0-oZridYkGQ','2021-02-17','2021-02-17 00:13:57','2021-02-17 00:13:57'),(1900,'Rx2Pk1AE4Fg','2021-02-18','2021-02-18 00:24:43','2021-02-18 00:24:43'),(1901,'dj93e1nLGwE','2021-02-19','2021-02-19 00:47:54','2021-02-19 00:47:54'),(1902,'jxzI9XOfh6w','2021-02-20','2021-02-20 01:06:48','2021-02-20 01:06:48'),(1903,'g5epn3yh76k','2021-02-21','2021-02-21 00:07:53','2021-02-21 00:07:53'),(1904,'4NsQtYEQf4E','2021-02-22','2021-02-22 23:34:00','2021-02-22 23:34:00'),(1905,'LxgMFO0xuEk','2021-02-23','2021-02-23 00:20:51','2021-02-23 00:20:51'),(1906,'0LpfTphAfMI','2021-02-24','2021-02-25 00:19:44','2021-02-25 00:19:44'),(1907,'-xUKsNrLOLQ','2021-02-25','2021-02-25 00:26:28','2021-02-25 00:26:28'),(1908,'JMCKOpQ-pIM','2021-02-26','2021-02-26 02:32:03','2021-02-26 02:32:03'),(1909,'qcprnxnkBcs','2021-02-27','2021-02-27 06:07:23','2021-02-27 06:07:23'),(1910,'-Ay0OakbX8U','2021-02-28','2021-02-28 09:18:11','2021-02-28 09:18:11'),(1911,'7DOLntbtAow','2021-03-01','2021-03-01 01:38:26','2021-03-01 01:38:26'),(1912,'ls9VW2oJhoE','2021-03-02','2021-03-02 00:54:34','2021-03-02 00:54:34'),(1913,'JhjQps5WcUc','2021-03-03','2021-03-03 10:13:59','2021-03-03 10:13:59'),(1914,'w40GiK_Cdgc','2021-03-04','2021-03-04 02:12:25','2021-03-04 02:12:25'),(1915,'4GYmD7Ogusc','2021-03-05','2021-03-05 01:34:57','2021-03-05 01:34:57'),(1916,'WcOUxyhDVSY','2021-03-06','2021-03-06 00:54:57','2021-03-06 00:54:57'),(1917,'rjxmDJLAkaM','2021-03-07','2021-03-07 00:04:27','2021-03-07 00:04:27'),(1918,'ZnGymLjQXLc','2021-03-08','2021-03-08 00:06:29','2021-03-08 00:06:29'),(1919,'GAwHAstt3lE','2021-03-09','2021-03-09 00:23:48','2021-03-09 00:23:48'),(1920,'VAP2AzRxDbs','2021-03-10','2021-03-10 04:58:09','2021-03-10 04:58:09'),(1921,'YOkxRDaYuDk','2021-03-11','2021-03-11 14:27:56','2021-03-11 14:27:56'),(1922,'cTbw-PqU514','2021-03-12','2021-03-12 00:16:02','2021-03-12 00:16:02'),(1923,'kgXBg5MHu6g','2021-03-13','2021-03-13 00:01:03','2021-03-13 00:01:03'),(1924,'V0Er6P8p0T0','2021-03-14','2021-03-14 00:16:25','2021-03-14 00:16:25'),(1925,'0mrm8OKOjCM','2021-03-15','2021-03-15 00:07:36','2021-03-15 00:07:36'),(1926,'YbYH47XuOq0','2021-03-16','2021-03-16 00:19:29','2021-03-16 00:19:29'),(1927,'JhjQps5WcUc','2021-03-18','2021-03-18 16:58:13','2021-03-18 16:58:13'),(1928,'PieJYJjUNtY','2021-03-19','2021-03-19 00:25:58','2021-03-19 00:25:58'),(1929,'anYPlVAkPSQ','2021-03-20','2021-03-20 00:07:33','2021-03-20 00:07:33'),(1930,'Z5PM0FhFkoQ','2021-03-22','2021-03-22 00:14:09','2021-03-22 00:14:09'),(1931,'GyFtL4hmoN0','2021-03-17','2021-03-22 01:26:44','2021-03-22 01:26:44'),(1932,'1nSF-Xta3IM','2021-03-21','2021-03-22 05:17:28','2021-03-22 05:17:28'),(1933,'hw5DmaD939A','2021-03-23','2021-03-23 00:04:43','2021-03-23 00:04:43'),(1934,'f3daOQ_LUTk','2021-03-24','2021-03-24 03:02:25','2021-03-24 03:02:25'),(1935,'_bzS83nl3oM','2021-03-25','2021-03-25 00:12:44','2021-03-25 00:12:44'),(1936,'BwHi6k50f7A','2021-03-26','2021-03-26 00:13:48','2021-03-26 00:13:48'),(1937,'DqS1HZcVxps','2021-03-27','2021-03-27 00:11:14','2021-03-27 00:11:14'),(1938,'npSkmTvIjO4','2021-03-28','2021-03-28 01:31:22','2021-03-28 01:31:22'),(1939,'Hx_RSNa2YDU','2021-03-29','2021-03-29 04:09:00','2021-03-29 04:09:00'),(1940,'PJ7xVKz8I6w','2021-03-30','2021-03-30 09:01:07','2021-03-30 09:01:07'),(1941,'dgiOMveoFko','2021-03-31','2021-03-31 10:25:18','2021-03-31 10:25:18'),(1942,'HpJ93q51YW8','2021-04-01','2021-04-01 10:56:27','2021-04-01 10:56:27'),(1943,'3Rsf_Tahgk4','2021-04-02','2021-04-02 08:57:31','2021-04-02 08:57:31'),(1944,'z7XlZlaykxk','2021-04-03','2021-04-03 08:57:09','2021-04-03 08:57:09'),(1945,'IXyctNFW25o','2021-04-04','2021-04-04 01:56:37','2021-04-04 01:56:37'),(1946,'H_o753eDRVQ','2021-04-05','2021-04-05 00:13:42','2021-04-05 00:13:42'),(1947,'6Ozqy6PCMkg','2021-04-06','2021-04-06 00:03:25','2021-04-06 00:03:25'),(1948,'C138QPKNU2U','2021-04-07','2021-04-07 10:04:11','2021-04-07 10:04:11'),(1949,'r2BeDQvarJc','2021-04-08','2021-04-08 11:55:38','2021-04-08 11:55:38'),(1950,'KzfvVe2Ph6w','2021-04-09','2021-04-09 01:01:05','2021-04-09 01:01:05'),(1951,'J7bOzCjYzbY','2021-04-10','2021-04-10 07:53:27','2021-04-10 07:53:27'),(1952,'HRn2OIFs8DA','2021-04-11','2021-04-11 07:48:25','2021-04-11 07:48:25'),(1953,'t5m--7k60lE','2021-04-12','2021-04-12 01:59:26','2021-04-12 01:59:26'),(1954,'xzHGXopIjc0','2021-04-13','2021-04-13 01:08:18','2021-04-13 01:08:18'),(1955,'HUCmag5dVxo','2021-04-14','2021-04-14 00:59:45','2021-04-14 00:59:45'),(1956,'jZ1GWob9Bxk','2021-04-15','2021-04-15 21:42:21','2021-04-15 21:42:21'),(1957,'B4F-sweNJoQ','2021-04-16','2021-04-16 02:50:14','2021-04-16 02:50:14'),(1958,'EKSd6xUNPU4','2021-04-17','2021-04-17 00:14:21','2021-04-17 00:14:21'),(1959,'sVMj0sMfA2c','2021-04-18','2021-04-18 02:38:59','2021-04-18 02:38:59'),(1960,'mw-_h5WZdzU','2021-04-19','2021-04-19 09:25:45','2021-04-19 09:25:45'),(1961,'8STVBxEuiXY','2021-04-20','2021-04-20 10:10:50','2021-04-20 10:10:50'),(1962,'ofL1q11CoxE','2021-04-21','2021-04-21 00:14:23','2021-04-21 00:14:23'),(1963,'4Eyd42mCo4Y','2021-04-22','2021-04-22 01:17:58','2021-04-22 01:17:58'),(1964,'Ew2vD0pv3Pw','2021-04-23','2021-04-23 00:40:19','2021-04-23 00:40:19'),(1965,'j-eoIxIMgeA','2021-04-24','2021-04-24 01:11:20','2021-04-24 01:11:20'),(1966,'CYBl8uNMfKQ','2021-04-25','2021-04-25 08:24:20','2021-04-25 08:24:20'),(1967,'mxi8SmFys2U','2021-04-26','2021-04-26 00:39:44','2021-04-26 00:39:44'),(1968,'MXgTZqGHDhw','2021-04-27','2021-04-27 04:19:49','2021-04-27 04:19:49'),(1969,'NPJ5I_plhp0','2021-04-28','2021-04-28 00:48:52','2021-04-28 00:48:52'),(1970,'s_u0o3uczEc','2021-04-29','2021-04-29 00:17:12','2021-04-29 00:17:12'),(1971,'56uwv-goo-E','2021-04-30','2021-04-30 00:25:43','2021-04-30 00:25:43'),(1972,'1OjpwEqsjNY','2021-05-01','2021-05-01 00:30:54','2021-05-01 00:30:54'),(1973,'DctkTzlyDDg','2021-05-02','2021-05-02 07:29:25','2021-05-02 07:29:25'),(1974,'k0Al6_MABsQ','2021-05-03','2021-05-03 01:42:28','2021-05-03 01:42:28'),(1975,'NukkrzLgRjY','2021-05-04','2021-05-04 00:12:23','2021-05-04 00:12:23'),(1976,'7MA0jtdjHSM','2021-05-05','2021-05-05 01:22:25','2021-05-05 01:22:25'),(1977,'p7LcjQcAWtg','2021-05-06','2021-05-06 00:33:00','2021-05-06 00:33:00'),(1978,'9bSc2tW4HpM','2021-05-07','2021-05-07 00:07:30','2021-05-07 00:07:30'),(1979,'14Zl8mWKUzk','2021-05-08','2021-05-08 01:51:32','2021-05-08 01:51:32'),(1980,'e_42DwxMr0U','2021-05-09','2021-05-09 05:25:33','2021-05-09 05:25:33'),(1981,'368MlsCI25M','2021-05-10','2021-05-10 04:33:07','2021-05-10 04:33:07'),(1982,'5pZ8-SLtyzE','2021-05-11','2021-05-11 00:03:16','2021-05-11 00:03:16'),(1983,'AO9v1jliqx4','2021-05-12','2021-05-12 00:04:50','2021-05-12 00:04:50'),(1984,'iciSfjGR2dk','2021-05-13','2021-05-13 09:20:12','2021-05-13 09:20:12'),(1985,'H_o753eDRVQ','2021-05-14','2021-05-14 01:44:40','2021-05-14 01:44:40'),(1986,'npSkmTvIjO4','2021-05-15','2021-05-15 01:55:32','2021-05-15 01:55:32'),(1987,'4yY19IoWodg','2021-05-16','2021-05-16 06:19:23','2021-05-16 06:19:23'),(1988,'ZV2jhl2OWMo','2021-05-17','2021-05-17 04:12:49','2021-05-17 04:12:49'),(1989,'w0f1ojQbKzw','2021-05-18','2021-05-18 04:26:38','2021-05-18 04:26:38'),(1990,'aEu2fSfd3j0','2021-05-19','2021-05-19 00:30:58','2021-05-19 00:30:58'),(1991,'TohhjiAkmZ8','2021-05-20','2021-05-20 01:31:35','2021-05-20 01:31:35'),(1992,'Co0TmFvqxvY','2021-05-21','2021-05-21 01:56:08','2021-05-21 01:56:08'),(1993,'BvsK5HN3WiU','2021-05-22','2021-05-22 00:26:53','2021-05-22 00:26:53'),(1994,'61BUubgjSJU','2021-05-23','2021-05-23 00:24:22','2021-05-23 00:24:22'),(1995,'UDK0GQmN8aI','2021-05-24','2021-05-24 00:17:45','2021-05-24 00:17:45'),(1996,'5vJDqlckxU8','2021-05-25','2021-05-25 00:29:56','2021-05-25 00:29:56'),(1997,'G8Fyn-2A3J4','2021-05-26','2021-05-26 00:55:56','2021-05-26 00:55:56'),(1998,'csSLXUP9xk0','2021-05-28','2021-05-28 01:00:23','2021-05-28 01:00:23'),(1999,'pPscQ92DM8M','2021-05-29','2021-05-29 00:04:55','2021-05-29 00:04:55'),(2000,'TsKs0oGhTWo','2021-05-30','2021-05-30 13:02:55','2021-05-30 13:02:55'),(2001,'e3g1rnkneBE','2021-05-31','2021-05-31 00:01:45','2021-05-31 00:01:45'),(2002,'DctkTzlyDDg','2021-05-27','2021-05-31 18:24:06','2021-05-31 18:24:06'),(2003,'y9oJXm3ygOE','2021-06-01','2021-06-01 00:04:38','2021-06-01 00:04:38'),(2004,'a28GXKGHgrE','2021-06-02','2021-06-02 20:23:46','2021-06-02 20:23:46'),(2005,'WqlL3YC_Bgg','2021-06-03','2021-06-03 00:02:59','2021-06-03 00:02:59'),(2006,'B4F-sweNJoQ','2021-06-04','2021-06-04 00:01:20','2021-06-04 00:01:20'),(2007,'BwHi6k50f7A','2021-06-05','2021-06-05 00:05:53','2021-06-05 00:05:53'),(2008,'JC5oFWeXIKY','2021-06-06','2021-06-06 01:15:37','2021-06-06 01:15:37'),(2009,'g3nZrrg_ulE','2021-06-07','2021-06-07 00:23:53','2021-06-07 00:23:53'),(2010,'OEDN7EPznoY','2021-06-08','2021-06-08 00:02:13','2021-06-08 00:02:13'),(2011,'zZ1g2tAXqWQ','2021-06-09','2021-06-09 00:06:02','2021-06-09 00:06:02'),(2012,'-xUKsNrLOLQ','2021-06-10','2021-06-10 00:17:51','2021-06-10 00:17:51'),(2013,'uYaSmK6DUkw','2021-06-11','2021-06-11 00:11:52','2021-06-11 00:11:52'),(2014,'K-ZS2MFQy1o','2021-06-12','2021-06-12 04:28:39','2021-06-12 04:28:39'),(2015,'DqS1HZcVxps','2021-06-13','2021-06-13 03:40:22','2021-06-13 03:40:22'),(2016,'UDK0GQmN8aI','2021-06-14','2021-06-14 02:30:03','2021-06-14 02:30:03'),(2017,'yJptus8dsKY','2021-06-15','2021-06-15 03:13:36','2021-06-15 03:13:36'),(2018,'HpJ93q51YW8','2021-06-16','2021-06-16 00:27:42','2021-06-16 00:27:42'),(2019,'qtU_pHArtCo','2021-06-17','2021-06-17 00:15:48','2021-06-17 00:15:48'),(2020,'GIL0QlSXD2o','2021-06-18','2021-06-18 00:56:36','2021-06-18 00:56:36'),(2021,'dACw-xCioBE','2021-06-19','2021-06-19 12:14:12','2021-06-19 12:14:12'),(2022,'EGqZM0sHBuY','2021-06-20','2021-06-20 08:24:17','2021-06-20 08:24:17'),(2023,'hMYpSLRbXMs','2021-06-21','2021-06-21 08:51:43','2021-06-21 08:51:43'),(2024,'Dlp-u__XN4s','2021-06-22','2021-06-22 00:00:55','2021-06-22 00:00:55'),(2025,'7IcVeEOy9HE','2021-06-23','2021-06-23 00:08:26','2021-06-23 00:08:26'),(2026,'RH7_wXQTdQk','2021-06-24','2021-06-24 00:41:37','2021-06-24 00:41:37'),(2027,'h1M4X8GSpWA','2021-06-25','2021-06-25 00:27:53','2021-06-25 00:27:53'),(2028,'whtiSq7k0Lg','2021-06-26','2021-06-26 00:51:01','2021-06-26 00:51:01'),(2029,'KVJpj0Zz1uQ','2021-06-27','2021-06-27 03:06:21','2021-06-27 03:06:21'),(2030,'ybzsKec_cW0','2021-06-28','2021-06-28 00:30:42','2021-06-28 00:30:42'),(2031,'4XXIEK-XMZw','2021-06-29','2021-06-29 00:30:39','2021-06-29 00:30:39'),(2032,'TsKs0oGhTWo','2021-06-30','2021-06-30 02:08:58','2021-06-30 02:08:58'),(2033,'MUvXJu4i0a0','2021-07-01','2021-07-01 00:56:54','2021-07-01 00:56:54'),(2034,'LA-JDnpt2iQ','2021-07-02','2021-07-02 09:29:28','2021-07-02 09:29:28'),(2035,'KsSFpuToNh8','2021-07-03','2021-07-03 11:38:08','2021-07-03 11:38:08'),(2036,'fa5biSOaFJg','2021-07-04','2021-07-04 02:29:16','2021-07-04 02:29:16'),(2037,'nOmppjvG7ks','2021-07-05','2021-07-05 08:36:44','2021-07-05 08:36:44'),(2038,'iQ8MS6W9pF4','2021-07-06','2021-07-06 00:42:24','2021-07-06 00:42:24'),(2039,'EjS1IREdOjE','2021-07-07','2021-07-07 01:24:24','2021-07-07 01:24:24'),(2040,'C_Srcfj7qHA','2021-07-08','2021-07-08 00:07:02','2021-07-08 00:07:02'),(2041,'bb_qJ33fmL4','2021-07-09','2021-07-09 00:09:21','2021-07-09 00:09:21'),(2042,'KqBZIxoe7OI','2021-07-10','2021-07-10 06:07:05','2021-07-10 06:07:05'),(2043,'YEz3J4Ukmtk','2021-07-11','2021-07-11 00:20:04','2021-07-11 00:20:04'),(2044,'3lr2CG1_qFo','2021-07-12','2021-07-12 07:06:08','2021-07-12 07:06:08'),(2045,'jPjG5xZEBDI','2021-07-13','2021-07-13 00:23:07','2021-07-13 00:23:07'),(2046,'s8j5R4i3kq0','2021-07-14','2021-07-14 00:03:57','2021-07-14 00:03:57'),(2047,'GbnCm6jy1wo','2021-07-15','2021-07-15 07:36:52','2021-07-15 07:36:52'),(2048,'2HYQpbqAe6w','2021-07-16','2021-07-16 03:37:53','2021-07-16 03:37:53'),(2049,'5L587lit3GQ','2021-07-17','2021-07-17 02:48:50','2021-07-17 02:48:50'),(2050,'ghOsH6uY8oA','2021-07-18','2021-07-18 00:01:24','2021-07-18 00:01:24'),(2051,'DPGYwAZHBlY','2021-07-19','2021-07-19 01:20:23','2021-07-19 01:20:23'),(2052,'hYmy7szIuIw','2021-07-20','2021-07-20 00:52:28','2021-07-20 00:52:28'),(2053,'GIL0QlSXD2o','2021-07-21','2021-07-21 03:59:03','2021-07-21 03:59:03'),(2054,'JMCKOpQ-pIM','2021-07-22','2021-07-22 04:13:43','2021-07-22 04:13:43'),(2055,'__ZMWE2oMI0','2021-07-23','2021-07-23 09:39:04','2021-07-23 09:39:04'),(2056,'Ig_arzhGuhM','2021-07-24','2021-07-24 00:00:31','2021-07-24 00:00:31'),(2057,'a3i0BNJ55wo','2021-07-25','2021-07-25 07:31:17','2021-07-25 07:31:17'),(2058,'WD00QxwBTSY','2021-07-26','2021-07-26 11:04:46','2021-07-26 11:04:46'),(2059,'AO9v1jliqx4','2021-07-27','2021-07-27 08:56:50','2021-07-27 08:56:50'),(2060,'MIxeuUIeF3U','2021-07-28','2021-07-28 00:04:09','2021-07-28 00:04:09'),(2061,'8UR1tBp23mM','2021-07-29','2021-07-29 02:25:28','2021-07-29 02:25:28'),(2062,'ySC0apNduaQ','2021-07-30','2021-07-30 00:25:28','2021-07-30 00:25:28'),(2063,'s_u0o3uczEc','2021-07-31','2021-07-31 09:36:03','2021-07-31 09:36:03'),(2064,'mfKjDrO2q5w','2021-08-01','2021-08-01 00:51:48','2021-08-01 00:51:48'),(2065,'CTFojUn0u9w','2021-08-02','2021-08-02 07:55:01','2021-08-02 07:55:01'),(2066,'Z5PM0FhFkoQ','2021-08-03','2021-08-03 07:48:53','2021-08-03 07:48:53'),(2067,'qcprnxnkBcs','2021-08-04','2021-08-04 00:14:39','2021-08-04 00:14:39'),(2068,'ZnGymLjQXLc','2021-08-05','2021-08-05 09:24:03','2021-08-05 09:24:03'),(2069,'TWht6nrQuJw','2021-08-06','2021-08-06 01:59:02','2021-08-06 01:59:02'),(2070,'OEDN7EPznoY','2021-08-07','2021-08-07 00:14:14','2021-08-07 00:14:14'),(2071,'k21LAaRZ-uM','2021-08-08','2021-08-08 00:17:11','2021-08-08 00:17:11'),(2072,'NCfK7xoP3x4','2021-08-09','2021-08-09 06:14:38','2021-08-09 06:14:38'),(2073,'Wb0FT-6OjUE','2021-08-10','2021-08-10 00:12:57','2021-08-10 00:12:57'),(2074,'x7CKnBYg0GM','2021-08-11','2021-08-11 05:02:01','2021-08-11 05:02:01'),(2075,'JC5oFWeXIKY','2021-08-12','2021-08-12 11:09:58','2021-08-12 11:09:58'),(2076,'oC66717nuRY','2021-08-13','2021-08-13 12:07:03','2021-08-13 12:07:03'),(2077,'TWht6nrQuJw','2021-08-14','2021-08-14 08:12:17','2021-08-14 08:12:17'),(2078,'14Zl8mWKUzk','2021-08-15','2021-08-15 08:12:30','2021-08-15 08:12:30'),(2079,'rIH4hSA2kLc','2021-08-16','2021-08-16 05:51:18','2021-08-16 05:51:18'),(2080,'5L587lit3GQ','2021-08-17','2021-08-17 00:38:25','2021-08-17 00:38:25'),(2081,'k3CEKGoXkBs','2021-08-18','2021-08-18 00:07:08','2021-08-18 00:07:08'),(2082,'14Zl8mWKUzk','2021-08-19','2021-08-19 00:11:27','2021-08-19 00:11:27'),(2083,'BnGao9iV9N4','2021-08-20','2021-08-20 08:57:52','2021-08-20 08:57:52'),(2084,'rIH4hSA2kLc','2021-08-21','2021-08-21 10:48:53','2021-08-21 10:48:53'),(2085,'C6xMKvMyngs','2021-08-22','2021-08-22 00:10:37','2021-08-22 00:10:37'),(2086,'qFK3Pu6YJQ8','2021-08-23','2021-08-23 00:58:31','2021-08-23 00:58:31'),(2087,'1OjpwEqsjNY','2021-08-24','2021-08-24 01:30:24','2021-08-24 01:30:24'),(2088,'-3xGyRiepe0','2021-08-25','2021-08-25 00:23:31','2021-08-25 00:23:31'),(2089,'JMCKOpQ-pIM','2021-08-26','2021-08-26 04:23:03','2021-08-26 04:23:03'),(2090,'PJ7xVKz8I6w','2021-08-27','2021-08-27 00:14:30','2021-08-27 00:14:30'),(2091,'w40GiK_Cdgc','2021-08-28','2021-08-28 09:25:39','2021-08-28 09:25:39'),(2092,'eGBxC7RQxsY','2021-08-29','2021-08-29 02:42:36','2021-08-29 02:42:36'),(2093,'wj5pVZ2JbVU','2021-08-30','2021-08-30 00:24:08','2021-08-30 00:24:08'),(2094,'kxWHb0pUigg','2021-08-31','2021-08-31 09:10:57','2021-08-31 09:10:57'),(2095,'mxi8SmFys2U','2021-09-01','2021-09-01 05:09:20','2021-09-01 05:09:20'),(2096,'7u7tZSye8GQ','2021-09-02','2021-09-02 04:48:29','2021-09-02 04:48:29'),(2097,'se36IdE1_Nw','2021-09-03','2021-09-03 00:30:34','2021-09-03 00:30:34'),(2098,'HHML2F7l2vU','2021-09-04','2021-09-04 01:59:08','2021-09-04 01:59:08'),(2099,'twb8cB9dRHU','2021-09-05','2021-09-05 03:36:55','2021-09-05 03:36:55'),(2100,'jPClvL9a03M','2021-09-06','2021-09-06 07:55:19','2021-09-06 07:55:19'),(2101,'FOs04eyWBKQ','2021-09-07','2021-09-07 00:55:07','2021-09-07 00:55:07'),(2102,'yZKzGehDxmo','2021-09-08','2021-09-08 00:43:59','2021-09-08 00:43:59'),(2103,'yTzc2VnjkQw','2021-09-09','2021-09-09 08:08:03','2021-09-09 08:08:03'),(2104,'Jh5owy0HPGU','2021-09-10','2021-09-10 00:35:48','2021-09-10 00:35:48'),(2105,'41-0qVxPSt0','2021-09-11','2021-09-11 00:51:57','2021-09-11 00:51:57'),(2106,'nh1w1-QVRT4','2021-09-12','2021-09-12 02:38:35','2021-09-12 02:38:35'),(2107,'CVoOKCn3888','2021-09-13','2021-09-13 02:38:44','2021-09-13 02:38:44'),(2108,'SMVY1cm3eV8','2021-09-14','2021-09-14 00:08:15','2021-09-14 00:08:15'),(2109,'_CddRkYpKtI','2021-09-15','2021-09-15 00:17:27','2021-09-15 00:17:27'),(2110,'eyNqLvdZY-8','2021-09-16','2021-09-16 00:37:29','2021-09-16 00:37:29'),(2111,'MFNETL-PbeI','2021-09-17','2021-09-17 04:29:29','2021-09-17 04:29:29'),(2112,'MEAj4qTAoiM','2021-09-18','2021-09-18 00:13:08','2021-09-18 00:13:08'),(2113,'5T-qmS-Jq-o','2021-09-19','2021-09-19 03:04:54','2021-09-19 03:04:54'),(2114,'a28GXKGHgrE','2021-09-20','2021-09-20 09:14:14','2021-09-20 09:14:14'),(2115,'16VVZB0bnnE','2021-09-21','2021-09-21 01:09:24','2021-09-21 01:09:24'),(2116,'iyRqY2775cA','2021-09-22','2021-09-22 08:40:35','2021-09-22 08:40:35'),(2117,'WAd6nqF_VSw','2021-09-23','2021-09-23 00:39:03','2021-09-23 00:39:03'),(2118,'09VjcF_vp9o','2021-09-24','2021-09-24 13:17:23','2021-09-24 13:17:23'),(2119,'eGBxC7RQxsY','2021-09-25','2021-09-25 00:21:07','2021-09-25 00:21:07'),(2120,'9MnWz-Z8c4g','2021-09-26','2021-09-26 09:28:17','2021-09-26 09:28:17'),(2121,'Sr0lC5rWz9U','2021-09-27','2021-09-27 00:29:14','2021-09-27 00:29:14'),(2122,'x5sEDpGMqkU','2021-09-28','2021-09-28 00:10:51','2021-09-28 00:10:51'),(2123,'YavNgBaqHoc','2021-09-29','2021-09-29 00:33:56','2021-09-29 00:33:56'),(2124,'UpqC6wYC14U','2021-09-30','2021-09-30 03:26:37','2021-09-30 03:26:37'),(2125,'q2TqOAir_Ow','2021-10-01','2021-10-01 08:49:29','2021-10-01 08:49:29'),(2126,'VEqmEzRzArw','2021-10-02','2021-10-02 01:04:53','2021-10-02 01:04:53'),(2127,'O6mJvhdm5MQ','2021-10-03','2021-10-03 11:34:49','2021-10-03 11:34:49'),(2128,'Ew2vD0pv3Pw','2021-10-04','2021-10-04 04:22:53','2021-10-04 04:22:53'),(2129,'dW-ed6J5zEE','2021-10-05','2021-10-05 01:50:34','2021-10-05 01:50:34'),(2130,'jfIeFt4Wou0','2021-10-06','2021-10-06 02:01:29','2021-10-06 02:01:29'),(2131,'B7KK4DGnxyA','2021-10-07','2021-10-07 00:29:53','2021-10-07 00:29:53'),(2132,'XU9_m8Ul7Cg','2021-10-08','2021-10-08 03:13:45','2021-10-08 03:13:45'),(2133,'iQ8MS6W9pF4','2021-10-09','2021-10-09 00:33:11','2021-10-09 00:33:11'),(2134,'hw5DmaD939A','2021-10-10','2021-10-10 00:16:27','2021-10-10 00:16:27'),(2135,'WD00QxwBTSY','2021-10-11','2021-10-11 00:56:51','2021-10-11 00:56:51'),(2136,'-ENWdLODjJs','2021-10-12','2021-10-12 01:23:43','2021-10-12 01:23:43'),(2137,'6bM5SzQFpZQ','2021-10-13','2021-10-13 02:43:04','2021-10-13 02:43:04'),(2138,'C7xvp72iCDg','2021-10-14','2021-10-14 04:43:23','2021-10-14 04:43:23'),(2139,'ZnGymLjQXLc','2021-10-15','2021-10-15 01:52:10','2021-10-15 01:52:10'),(2140,'2sgCzV51tj0','2021-10-16','2021-10-16 00:19:28','2021-10-16 00:19:28'),(2141,'hMYpSLRbXMs','2021-10-17','2021-10-17 00:15:43','2021-10-17 00:15:43'),(2142,'suIwWlyeEC4','2021-10-18','2021-10-18 06:34:54','2021-10-18 06:34:54'),(2143,'Rx7YsP6Re2s','2021-10-19','2021-10-19 11:51:25','2021-10-19 11:51:25'),(2144,'0UkepPvSQUs','2021-10-20','2021-10-20 13:57:14','2021-10-20 13:57:14'),(2145,'iyRqY2775cA','2021-10-21','2021-10-21 00:01:55','2021-10-21 00:01:55'),(2146,'WD00QxwBTSY','2021-10-22','2021-10-22 00:34:23','2021-10-22 00:34:23'),(2147,'smDIBN_8KY8','2021-10-23','2021-10-23 11:36:28','2021-10-23 11:36:28'),(2148,'V0Er6P8p0T0','2021-10-24','2021-10-24 00:10:50','2021-10-24 00:10:50'),(2149,'vqV6y8nH4R8','2021-10-25','2021-10-25 09:17:46','2021-10-25 09:17:46'),(2150,'hMYpSLRbXMs','2021-10-26','2021-10-26 02:51:52','2021-10-26 02:51:52'),(2151,'oC66717nuRY','2021-10-27','2021-10-27 08:54:14','2021-10-27 08:54:14'),(2152,'sMCXMH8VAE4','2021-10-28','2021-10-28 11:42:08','2021-10-28 11:42:08'),(2153,'6p-B0AgbXtA','2021-10-29','2021-10-29 04:18:27','2021-10-29 04:18:27'),(2154,'3V3X9alrXTE','2021-10-30','2021-10-30 04:05:30','2021-10-30 04:05:30'),(2155,'uhEM8oALyII','2021-10-31','2021-10-31 00:34:15','2021-10-31 00:34:15'),(2156,'eyNqLvdZY-8','2021-11-01','2021-11-01 11:06:21','2021-11-01 11:06:21'),(2157,'x4ivn9pq7Gs','2021-11-02','2021-11-02 10:10:55','2021-11-02 10:10:55'),(2158,'wG2XgJnk2t8','2021-11-03','2021-11-03 16:36:47','2021-11-03 16:36:47'),(2159,'6Ozqy6PCMkg','2021-11-04','2021-11-04 03:50:31','2021-11-04 03:50:31'),(2160,'vYGje-wCb8g','2021-11-05','2021-11-05 03:12:15','2021-11-05 03:12:15'),(2161,'H_o753eDRVQ','2021-11-06','2021-11-06 02:15:52','2021-11-06 02:15:52'),(2162,'IeJTNN8_jLI','2021-11-07','2021-11-07 05:32:02','2021-11-07 05:32:02'),(2163,'J6pSjwp4qxw','2021-11-08','2021-11-08 10:17:15','2021-11-08 10:17:15'),(2164,'gCxVOXYmqJU','2021-11-09','2021-11-09 02:12:17','2021-11-09 02:12:17'),(2165,'1VobwuqSpuo','2021-11-10','2021-11-10 02:33:50','2021-11-10 02:33:50'),(2166,'gYUE_Zu6leg','2021-11-11','2021-11-11 11:50:59','2021-11-11 11:50:59'),(2167,'IzhKqXo9ZE4','2021-11-12','2021-11-12 15:32:58','2021-11-12 15:32:58'),(2168,'fhahd1bgksE','2021-11-13','2021-11-13 01:02:17','2021-11-13 01:02:17'),(2169,'fs1vP01vGeY','2021-11-14','2021-11-14 13:39:25','2021-11-14 13:39:25'),(2170,'zTuBeNrUU9I','2021-11-15','2021-11-15 00:54:03','2021-11-15 00:54:03'),(2171,'4GYmD7Ogusc','2021-11-16','2021-11-16 12:53:17','2021-11-16 12:53:17'),(2172,'taLrAdk1rKM','2021-11-17','2021-11-17 06:26:55','2021-11-17 06:26:55'),(2173,'DqS1HZcVxps','2021-11-18','2021-11-18 02:45:42','2021-11-18 02:45:42'),(2174,'g5r6W3v54Js','2021-11-19','2021-11-19 01:27:36','2021-11-19 01:27:36'),(2175,'J6pSjwp4qxw','2021-11-20','2021-11-20 21:23:10','2021-11-20 21:23:10'),(2176,'fhahd1bgksE','2021-11-21','2021-11-21 04:54:31','2021-11-21 04:54:31'),(2177,'Q54jE2K_OQ0','2021-11-22','2021-11-22 04:25:33','2021-11-22 04:25:33'),(2178,'497mV85yhUM','2021-11-23','2021-11-23 05:41:08','2021-11-23 05:41:08'),(2179,'c3PCcMAgIx8','2021-11-24','2021-11-24 02:17:46','2021-11-24 02:17:46'),(2180,'PRebgmIeVb0','2021-11-25','2021-11-25 04:09:25','2021-11-25 04:09:25'),(2181,'cSBSyoTyli0','2021-11-26','2021-11-26 04:24:20','2021-11-26 04:24:20'),(2182,'C7xvp72iCDg','2021-11-27','2021-11-27 00:48:12','2021-11-27 00:48:12'),(2183,'oVaeZVYgEfs','2021-11-28','2021-11-28 07:38:01','2021-11-28 07:38:01'),(2184,'fTs3gXDsWEU','2021-11-29','2021-11-29 01:49:04','2021-11-29 01:49:04'),(2185,'C138QPKNU2U','2021-11-30','2021-11-30 00:10:04','2021-11-30 00:10:04'),(2186,'x-THZrQTg5E','2021-12-01','2021-12-01 07:41:36','2021-12-01 07:41:36'),(2187,'QfJ-WFXRO-0','2021-12-02','2021-12-02 06:01:59','2021-12-02 06:01:59'),(2188,'aEu2fSfd3j0','2021-12-03','2021-12-03 05:39:16','2021-12-03 05:39:16'),(2189,'6bM5SzQFpZQ','2021-12-04','2021-12-04 13:10:38','2021-12-04 13:10:38'),(2190,'w2VIMvIPMtk','2021-12-05','2021-12-05 05:31:34','2021-12-05 05:31:34'),(2191,'1UVodfF7aZI','2021-12-06','2021-12-06 03:54:18','2021-12-06 03:54:18'),(2192,'jnGrjfh9gHE','2021-12-07','2021-12-07 11:37:22','2021-12-07 11:37:22'),(2193,'ghOsH6uY8oA','2021-12-08','2021-12-08 14:36:12','2021-12-08 14:36:12'),(2194,'ihCRNP9y9lg','2021-12-09','2021-12-09 10:58:34','2021-12-09 10:58:34'),(2195,'EKSd6xUNPU4','2021-12-10','2021-12-10 13:49:44','2021-12-10 13:49:44'),(2196,'kPfJMaFlmhY','2021-12-11','2021-12-11 12:47:28','2021-12-11 12:47:28'),(2197,'UCaBIYTPy3M','2021-12-12','2021-12-12 07:34:55','2021-12-12 07:34:55'),(2198,'uH7xgGKEnz0','2021-12-13','2021-12-13 13:53:30','2021-12-13 13:53:30'),(2199,'-87Q50gqRFM','2021-12-14','2021-12-14 14:54:11','2021-12-14 14:54:11'),(2200,'ZnGymLjQXLc','2021-12-15','2021-12-15 12:20:13','2021-12-15 12:20:13'),(2201,'APwg_YqvhbE','2021-12-16','2021-12-16 07:43:52','2021-12-16 07:43:52'),(2202,'2Sx4Kwowr7U','2021-12-17','2021-12-17 10:57:52','2021-12-17 10:57:52'),(2203,'HHML2F7l2vU','2021-12-18','2021-12-18 07:29:11','2021-12-18 07:29:11'),(2204,'CENfFHw9Kg8','2021-12-19','2021-12-19 19:25:19','2021-12-19 19:25:19'),(2205,'GJiARx6l66A','2021-12-20','2021-12-20 07:45:36','2021-12-20 07:45:36'),(2206,'ofL1q11CoxE','2021-12-21','2021-12-21 10:24:40','2021-12-21 10:24:40'),(2207,'vYGje-wCb8g','2021-12-22','2021-12-22 08:38:07','2021-12-22 08:38:07'),(2208,'k3CEKGoXkBs','2021-12-23','2021-12-23 03:59:27','2021-12-23 03:59:27'),(2209,'GJXmBq47EGg','2021-12-24','2021-12-24 03:13:22','2021-12-24 03:13:22'),(2210,'mMG-EoDpd2w','2021-12-25','2021-12-25 04:35:12','2021-12-25 04:35:12'),(2211,'zkLCprHkqYY','2021-12-26','2021-12-26 06:27:02','2021-12-26 06:27:02'),(2212,'3MEPz665D1E','2021-12-27','2021-12-27 03:41:47','2021-12-27 03:41:47'),(2213,'BNh4-uSSg9w','2021-12-28','2021-12-28 02:57:39','2021-12-28 02:57:39'),(2214,'Wj2wSs-uxhs','2021-12-29','2021-12-29 00:25:16','2021-12-29 00:25:16'),(2215,'mMG-EoDpd2w','2021-12-30','2021-12-30 04:32:48','2021-12-30 04:32:48'),(2216,'cDcIlV21oHI','2021-12-31','2021-12-31 03:32:11','2021-12-31 03:32:11'),(2217,'ZV2jhl2OWMo','2022-01-01','2022-01-01 02:18:13','2022-01-01 02:18:13'),(2218,'paE6EgFaAQs','2022-01-02','2022-01-02 14:21:05','2022-01-02 14:21:05'),(2219,'KzfvVe2Ph6w','2022-01-03','2022-01-03 06:18:03','2022-01-03 06:18:03'),(2220,'YKwXix967PI','2022-01-04','2022-01-04 04:31:10','2022-01-04 04:31:10'),(2221,'Yv2mnchq6LY','2022-01-05','2022-01-05 04:18:43','2022-01-05 04:18:43'),(2222,'B7KK4DGnxyA','2022-01-06','2022-01-06 12:51:55','2022-01-06 12:51:55'),(2223,'EjS1IREdOjE','2022-01-07','2022-01-07 14:05:39','2022-01-07 14:05:39'),(2224,'zWXFyRHolHA','2022-01-08','2022-01-08 13:08:43','2022-01-08 13:08:43'),(2225,'XXCzJK3-iZY','2022-01-09','2022-01-09 01:06:33','2022-01-09 01:06:33'),(2226,'gCxVOXYmqJU','2022-01-10','2022-01-10 03:20:23','2022-01-10 03:20:23'),(2227,'U2Sc19rRAl0','2022-01-11','2022-01-11 01:18:52','2022-01-11 01:18:52'),(2228,'bCcuuRwMJjc','2022-01-12','2022-01-12 07:10:46','2022-01-12 07:10:46'),(2229,'y03Xkh0mmC0','2022-01-13','2022-01-13 01:31:01','2022-01-13 01:31:01'),(2230,'_jRMfHiWhco','2022-01-14','2022-01-14 10:57:36','2022-01-14 10:57:36'),(2231,'XIFkD5J8GjQ','2022-01-15','2022-01-15 03:07:10','2022-01-15 03:07:10'),(2232,'4Eyd42mCo4Y','2022-01-16','2022-01-16 00:15:51','2022-01-16 00:15:51'),(2233,'AO9v1jliqx4','2022-01-17','2022-01-17 00:40:57','2022-01-17 00:40:57'),(2234,'fphH41xbWEQ','2022-01-18','2022-01-18 12:57:54','2022-01-18 12:57:54'),(2235,'veemHKlHB6Q','2022-01-19','2022-01-19 10:53:10','2022-01-19 10:53:10'),(2236,'maWBI3ORTMA','2022-01-20','2022-01-20 03:44:38','2022-01-20 03:44:38'),(2237,'8jrgAHJepDU','2022-01-21','2022-01-21 01:36:49','2022-01-21 01:36:49'),(2238,'Fp-d16pWIkA','2022-01-22','2022-01-22 02:02:20','2022-01-22 02:02:20'),(2239,'nCOoxRs9IOQ','2022-01-23','2022-01-23 03:27:36','2022-01-23 03:27:36'),(2240,'wj5pVZ2JbVU','2022-01-24','2022-01-24 01:21:43','2022-01-24 01:21:43'),(2241,'nHQS2Oi9Pjw','2022-01-25','2022-01-25 00:35:15','2022-01-25 00:35:15'),(2242,'qkgJ85oCodU','2022-01-26','2022-01-26 00:22:03','2022-01-26 00:22:03'),(2243,'w40GiK_Cdgc','2022-01-27','2022-01-27 01:16:09','2022-01-27 01:16:09'),(2244,'Tv5WMoPDUwo','2022-01-28','2022-01-28 01:39:58','2022-01-28 01:39:58'),(2245,'pOby4b4O8gE','2022-01-29','2022-01-29 01:44:16','2022-01-29 01:44:16'),(2246,'Z7ixtC4ntOw','2022-01-30','2022-01-30 04:18:56','2022-01-30 04:18:56'),(2247,'JkEttKCNWJI','2022-01-31','2022-01-31 04:38:20','2022-01-31 04:38:20'),(2248,'1OjpwEqsjNY','2022-02-01','2022-02-01 06:15:55','2022-02-01 06:15:55'),(2249,'CALZ26GuQ1E','2022-02-02','2022-02-02 06:02:20','2022-02-02 06:02:20'),(2250,'__ZMWE2oMI0','2022-02-03','2022-02-03 02:16:53','2022-02-03 02:16:53'),(2251,'aB8VTpTQ6zk','2022-02-04','2022-02-04 04:01:27','2022-02-04 04:01:27'),(2252,'cnQhFRSvVtQ','2022-02-05','2022-02-05 13:43:56','2022-02-05 13:43:56'),(2253,'HUCmag5dVxo','2022-02-06','2022-02-06 11:52:29','2022-02-06 11:52:29'),(2254,'QzfC0_A73Hg','2022-02-07','2022-02-07 04:25:17','2022-02-07 04:25:17'),(2255,'nUxmX76ghUs','2022-02-08','2022-02-08 07:27:34','2022-02-08 07:27:34'),(2256,'rF2y3Akpj-8','2022-02-09','2022-02-09 00:55:07','2022-02-09 00:55:07'),(2257,'Xv4nXYbQQ34','2022-02-10','2022-02-10 09:03:54','2022-02-10 09:03:54'),(2258,'YEz3J4Ukmtk','2022-02-11','2022-02-11 07:27:34','2022-02-11 07:27:34'),(2259,'_CddRkYpKtI','2022-02-12','2022-02-12 09:14:10','2022-02-12 09:14:10'),(2260,'Q54jE2K_OQ0','2022-02-13','2022-02-13 02:38:05','2022-02-13 02:38:05'),(2261,'zkLCprHkqYY','2022-02-14','2022-02-14 03:44:31','2022-02-14 03:44:31'),(2262,'jYIDnOifvfA','2022-02-15','2022-02-15 02:57:47','2022-02-15 02:57:47'),(2263,'7KQjlUekhzk','2022-02-16','2022-02-16 05:06:06','2022-02-16 05:06:06'),(2264,'5SntLIEYTS4','2022-02-17','2022-02-17 04:13:06','2022-02-17 04:13:06'),(2265,'tF4s6l_3o7M','2022-02-18','2022-02-18 03:41:33','2022-02-18 03:41:33'),(2266,'Mma_aps8Cik','2022-02-19','2022-02-19 04:12:29','2022-02-19 04:12:29'),(2267,'GbnCm6jy1wo','2022-02-20','2022-02-20 05:00:15','2022-02-20 05:00:15'),(2268,'s6CLngcj6Z8','2022-02-21','2022-02-21 11:09:21','2022-02-21 11:09:21'),(2269,'UUzuLx_LLgk','2022-02-22','2022-02-22 10:49:26','2022-02-22 10:49:26'),(2270,'tjSS4XIJg_M','2022-02-23','2022-02-23 01:26:44','2022-02-23 01:26:44'),(2271,'4Eyd42mCo4Y','2022-02-24','2022-02-24 05:01:41','2022-02-24 05:01:41'),(2272,'4Eyd42mCo4Y','2022-02-25','2022-02-25 02:51:35','2022-02-25 02:51:35'),(2273,'O629MDyEiDU','2022-02-26','2022-02-26 17:02:38','2022-02-26 17:02:38'),(2274,'JhjQps5WcUc','2022-02-27','2022-02-27 00:12:44','2022-02-27 00:12:44'),(2275,'N30PVsHHc4U','2022-02-28','2022-02-28 05:43:22','2022-02-28 05:43:22'),(2276,'sh7GDuFVqfo','2022-03-01','2022-03-01 00:57:59','2022-03-01 00:57:59'),(2277,'BTBXci-bd9s','2022-03-02','2022-03-02 02:48:08','2022-03-02 02:48:08'),(2278,'nOmppjvG7ks','2022-03-03','2022-03-03 10:02:04','2022-03-03 10:02:04'),(2279,'6T-Hc7QqSPE','2022-03-04','2022-03-04 05:32:50','2022-03-04 05:32:50'),(2280,'VVn-n2ROQXg','2022-03-05','2022-03-05 07:01:34','2022-03-05 07:01:34'),(2281,'fkbI4JBzsOI','2022-03-06','2022-03-06 10:17:25','2022-03-06 10:17:25'),(2282,'Pj6oFoJktLM','2022-03-07','2022-03-07 00:53:23','2022-03-07 00:53:23'),(2283,'Y4XhetPDUO4','2022-03-08','2022-03-08 06:58:40','2022-03-08 06:58:40'),(2284,'KU1yf-3AJag','2022-03-09','2022-03-09 02:45:33','2022-03-09 02:45:33'),(2285,'Wb0FT-6OjUE','2022-03-10','2022-03-10 07:22:59','2022-03-10 07:22:59'),(2286,'7KQjlUekhzk','2022-03-11','2022-03-11 11:15:04','2022-03-11 11:15:04'),(2287,'YKwXix967PI','2022-03-12','2022-03-12 05:11:53','2022-03-12 05:11:53'),(2288,'5JGgFjdhVSo','2022-03-13','2022-03-13 01:42:58','2022-03-13 01:42:58'),(2289,'2Sx4Kwowr7U','2022-03-14','2022-03-14 05:50:08','2022-03-14 05:50:08'),(2290,'XEu6gZzyx_U','2022-03-15','2022-03-15 07:28:16','2022-03-15 07:28:16'),(2291,'x-THZrQTg5E','2022-03-16','2022-03-16 04:19:23','2022-03-16 04:19:23'),(2292,'6w3Ep_Zu4UE','2022-03-17','2022-03-17 00:06:02','2022-03-17 00:06:02'),(2293,'suIwWlyeEC4','2022-03-18','2022-03-18 00:26:18','2022-03-18 00:26:18'),(2294,'9KB-z6T6Nqg','2022-03-19','2022-03-19 04:13:22','2022-03-19 04:13:22'),(2295,'tOQ7a7HiHCY','2022-03-20','2022-03-20 01:00:44','2022-03-20 01:00:44'),(2296,'RKfLFJ--kmc','2022-03-21','2022-03-21 00:11:41','2022-03-21 00:11:41'),(2297,'w0f1ojQbKzw','2022-03-22','2022-03-22 03:12:27','2022-03-22 03:12:27'),(2298,'YWrIiJt_UOU','2022-03-23','2022-03-23 00:51:34','2022-03-23 00:51:34'),(2299,'o7V9T5YuUO4','2022-03-24','2022-03-24 00:37:40','2022-03-24 00:37:40'),(2300,'JjwjyOQK9xI','2022-03-25','2022-03-25 03:53:01','2022-03-25 03:53:01'),(2301,'BvsK5HN3WiU','2022-03-26','2022-03-26 02:33:11','2022-03-26 02:33:11'),(2302,'1hx1GVFO9Cs','2022-03-27','2022-03-27 00:20:22','2022-03-27 00:20:22'),(2303,'dEHDd8S2HBQ','2022-03-28','2022-03-28 02:03:45','2022-03-28 02:03:45'),(2304,'bhjCc-gKVvQ','2022-03-29','2022-03-29 00:23:26','2022-03-29 00:23:26'),(2305,'qzXJ1lDE_as','2022-03-30','2022-03-30 02:36:36','2022-03-30 02:36:36'),(2306,'SMVY1cm3eV8','2022-03-31','2022-03-31 00:44:05','2022-03-31 00:44:05'),(2307,'jnGrjfh9gHE','2022-04-01','2022-04-01 09:43:33','2022-04-01 09:43:33'),(2308,'weRWZIndnOA','2022-04-02','2022-04-02 05:17:57','2022-04-02 05:17:57'),(2309,'B254xxs4ywM','2022-04-03','2022-04-03 05:27:35','2022-04-03 05:27:35'),(2310,'ogD3hP8e6TU','2022-04-04','2022-04-04 05:03:04','2022-04-04 05:03:04'),(2311,'__ZMWE2oMI0','2022-04-05','2022-04-05 16:29:26','2022-04-05 16:29:26'),(2312,'VHvlgpGhlQ8','2022-04-06','2022-04-06 06:40:00','2022-04-06 06:40:00'),(2313,'RoWuNTc7djY','2022-04-07','2022-04-07 00:02:26','2022-04-07 00:02:26'),(2314,'m354q21Bxh4','2022-04-08','2022-04-08 03:51:30','2022-04-08 03:51:30'),(2315,'7hCd4INUNbg','2022-04-09','2022-04-09 09:19:06','2022-04-09 09:19:06'),(2316,'FREAPyuceuM','2022-04-10','2022-04-10 00:08:42','2022-04-10 00:08:42'),(2317,'jPjG5xZEBDI','2022-04-11','2022-04-11 07:51:15','2022-04-11 07:51:15'),(2318,'50LD0HYpHGI','2022-04-12','2022-04-12 06:23:06','2022-04-12 06:23:06'),(2319,'w8e_e6FMRmk','2022-04-13','2022-04-13 10:32:51','2022-04-13 10:32:51'),(2320,'jTJqPBMZXKs','2022-04-14','2022-04-14 07:06:56','2022-04-14 07:06:56'),(2321,'3lr2CG1_qFo','2022-04-15','2022-04-15 03:04:47','2022-04-15 03:04:47'),(2322,'yZKzGehDxmo','2022-04-16','2022-04-16 09:43:27','2022-04-16 09:43:27'),(2323,'G4FUjD_N8YU','2022-04-17','2022-04-17 06:37:35','2022-04-17 06:37:35'),(2324,'I1MXesXuVa0','2022-04-18','2022-04-18 07:12:27','2022-04-18 07:12:27'),(2325,'_CddRkYpKtI','2022-04-19','2022-04-19 05:06:08','2022-04-19 05:06:08'),(2326,'DqS1HZcVxps','2022-04-20','2022-04-20 05:43:26','2022-04-20 05:43:26'),(2327,'msxEDL1yaak','2022-04-21','2022-04-22 00:44:17','2022-04-22 00:44:17'),(2328,'4XXIEK-XMZw','2022-04-22','2022-04-22 06:36:38','2022-04-22 06:36:38'),(2329,'h-LH9rsnsz4','2022-04-23','2022-04-23 08:26:34','2022-04-23 08:26:34'),(2330,'StMYs21OhCE','2022-04-24','2022-04-24 01:28:51','2022-04-24 01:28:51'),(2331,'p5mFAYUxjnw','2022-04-25','2022-04-25 01:50:48','2022-04-25 01:50:48'),(2332,'K5n4KLOgIjY','2022-04-26','2022-04-26 03:59:54','2022-04-26 03:59:54'),(2333,'yZKzGehDxmo','2022-04-27','2022-04-27 01:55:55','2022-04-27 01:55:55'),(2334,'7_LUXNtGRdE','2022-04-28','2022-04-28 00:04:13','2022-04-28 00:04:13'),(2335,'YavNgBaqHoc','2022-04-29','2022-04-29 00:06:30','2022-04-29 00:06:30'),(2336,'XpH_xZaBrzQ','2022-04-30','2022-04-30 00:11:11','2022-04-30 00:11:11'),(2337,'ACTpRkbcqMk','2022-05-01','2022-05-01 03:26:58','2022-05-01 03:26:58'),(2338,'k21LAaRZ-uM','2022-05-02','2022-05-02 03:25:05','2022-05-02 03:25:05'),(2339,'CYBl8uNMfKQ','2022-05-03','2022-05-03 04:04:02','2022-05-03 04:04:02'),(2340,'qNfPov8hI4U','2022-05-04','2022-05-04 00:38:31','2022-05-04 00:38:31'),(2341,'NPJ5I_plhp0','2022-05-05','2022-05-05 09:18:26','2022-05-05 09:18:26'),(2342,'61BUubgjSJU','2022-05-06','2022-05-06 03:34:53','2022-05-06 03:34:53'),(2343,'UBc4d0xMRDo','2022-05-07','2022-05-07 06:56:47','2022-05-07 06:56:47'),(2344,'mNu85yWnSPk','2022-05-08','2022-05-08 11:22:01','2022-05-08 11:22:01'),(2345,'7m3s71jKSkc','2022-05-09','2022-05-09 07:23:27','2022-05-09 07:23:27'),(2346,'50LD0HYpHGI','2022-05-10','2022-05-10 01:56:27','2022-05-10 01:56:27'),(2347,'1VobwuqSpuo','2022-05-11','2022-05-11 06:54:17','2022-05-11 06:54:17'),(2348,'ogD3hP8e6TU','2022-05-12','2022-05-12 04:35:18','2022-05-12 04:35:18'),(2349,'aNJLXRxEw2k','2022-05-13','2022-05-13 05:01:12','2022-05-13 05:01:12'),(2350,'KpX4Ko-5cEA','2022-05-14','2022-05-14 00:49:58','2022-05-14 00:49:58'),(2351,'hfVELQk27W4','2022-05-15','2022-05-15 00:06:38','2022-05-15 00:06:38'),(2352,'Gpnj27IFqzs','2022-05-16','2022-05-16 00:46:01','2022-05-16 00:46:01'),(2353,'axWTpRpeb9I','2022-05-17','2022-05-17 00:43:32','2022-05-17 00:43:32'),(2354,'Z7ixtC4ntOw','2022-05-18','2022-05-18 01:19:12','2022-05-18 01:19:12'),(2355,'EjS1IREdOjE','2022-05-19','2022-05-19 00:18:32','2022-05-19 00:18:32'),(2356,'pp7ZiCKN3IQ','2022-05-20','2022-05-20 00:06:34','2022-05-20 00:06:34'),(2357,'QdQdp6kirlA','2022-05-21','2022-05-21 00:11:25','2022-05-21 00:11:25'),(2358,'x5sEDpGMqkU','2022-05-22','2022-05-22 00:27:16','2022-05-22 00:27:16'),(2359,'jnGrjfh9gHE','2022-05-23','2022-05-23 00:15:59','2022-05-23 00:15:59'),(2360,'g5r6W3v54Js','2022-05-24','2022-05-24 00:48:52','2022-05-24 00:48:52'),(2361,'rl0lbJESshw','2022-05-25','2022-05-25 00:16:24','2022-05-25 00:16:24'),(2362,'_d98KQ2DsiQ','2022-05-26','2022-05-26 00:14:25','2022-05-26 00:14:25'),(2363,'N30PVsHHc4U','2022-05-27','2022-05-27 00:18:50','2022-05-27 00:18:50'),(2364,'BwHi6k50f7A','2022-05-28','2022-05-28 03:53:03','2022-05-28 03:53:03'),(2365,'WccI5RAdzek','2022-05-29','2022-05-29 00:25:58','2022-05-29 00:25:58'),(2366,'jfIeFt4Wou0','2022-05-30','2022-05-30 00:17:00','2022-05-30 00:17:00'),(2367,'PUHgezDPiT0','2022-05-31','2022-05-31 00:08:13','2022-05-31 00:08:13'),(2368,'YavNgBaqHoc','2022-06-01','2022-06-02 00:24:52','2022-06-02 00:24:52'),(2369,'PRgOqCZID58','2022-06-02','2022-06-02 06:58:31','2022-06-02 06:58:31'),(2370,'ikX_TUSgb-0','2022-06-03','2022-06-03 06:23:36','2022-06-03 06:23:36'),(2371,'WdhLlPWgF4Y','2022-06-04','2022-06-04 05:02:36','2022-06-04 05:02:36'),(2372,'f4lmSr7YxHI','2022-06-05','2022-06-05 06:54:07','2022-06-05 06:54:07'),(2373,'TrFJCmopAEk','2022-06-06','2022-06-06 08:40:25','2022-06-06 08:40:25'),(2374,'Co0TmFvqxvY','2022-06-07','2022-06-07 07:12:57','2022-06-07 07:12:57'),(2375,'GIL0QlSXD2o','2022-06-08','2022-06-08 04:06:09','2022-06-08 04:06:09'),(2376,'Vhosr_SjjN0','2022-06-09','2022-06-09 03:24:52','2022-06-09 03:24:52'),(2377,'UYGtfq-ly1U','2022-06-10','2022-06-10 04:51:55','2022-06-10 04:51:55'),(2378,'qccq1cc9xZE','2022-06-11','2022-06-11 00:06:26','2022-06-11 00:06:26'),(2379,'497mV85yhUM','2022-06-12','2022-06-12 06:28:13','2022-06-12 06:28:13'),(2380,'Inrueu-anKA','2022-06-13','2022-06-13 01:15:11','2022-06-13 01:15:11'),(2381,'XQHaWxYjPVw','2022-06-14','2022-06-14 01:20:24','2022-06-14 01:20:24'),(2382,'nvbnFpzuj2w','2022-06-15','2022-06-15 02:34:52','2022-06-15 02:34:52'),(2383,'ZrTKdUhsREk','2022-06-16','2022-06-16 04:28:06','2022-06-16 04:28:06'),(2384,'jnGrjfh9gHE','2022-06-17','2022-06-17 00:40:21','2022-06-17 00:40:21'),(2385,'Y3Wiwh3M__g','2022-06-18','2022-06-18 03:56:16','2022-06-18 03:56:16'),(2386,'KXnZfC7A5FM','2022-06-19','2022-06-19 00:41:20','2022-06-19 00:41:20'),(2387,'Tv5WMoPDUwo','2022-06-20','2022-06-20 03:51:29','2022-06-20 03:51:29'),(2388,'KFivNGXdl34','2022-06-21','2022-06-21 04:51:37','2022-06-21 04:51:37'),(2389,'6Ozqy6PCMkg','2022-06-22','2022-06-22 02:20:54','2022-06-22 02:20:54'),(2390,'0mrm8OKOjCM','2022-06-23','2022-06-23 05:53:35','2022-06-23 05:53:35'),(2391,'UB1oZZ6aaAU','2022-06-24','2022-06-24 04:58:07','2022-06-24 04:58:07'),(2392,'r2BeDQvarJc','2022-06-25','2022-06-25 01:06:39','2022-06-25 01:06:39'),(2393,'NPJ5I_plhp0','2022-06-26','2022-06-26 03:15:50','2022-06-26 03:15:50'),(2394,'tk5VR35WEeU','2022-06-27','2022-06-27 02:30:42','2022-06-27 02:30:42'),(2395,'5TC3j2beOP4','2022-06-28','2022-06-28 01:37:20','2022-06-28 01:37:20'),(2396,'14Zl8mWKUzk','2022-06-29','2022-06-29 00:21:31','2022-06-29 00:21:31'),(2397,'h2IffIvIRm0','2022-06-30','2022-06-30 02:38:39','2022-06-30 02:38:39'),(2398,'f4lmSr7YxHI','2022-07-01','2022-07-01 01:58:02','2022-07-01 01:58:02'),(2399,'VVn-n2ROQXg','2022-07-02','2022-07-02 01:23:24','2022-07-02 01:23:24'),(2400,'UyJ8Qbh_LH0','2022-07-03','2022-07-03 02:04:07','2022-07-03 02:04:07'),(2401,'1VobwuqSpuo','2022-07-04','2022-07-04 01:50:59','2022-07-04 01:50:59'),(2402,'nHQS2Oi9Pjw','2022-07-05','2022-07-05 00:45:06','2022-07-05 00:45:06'),(2403,'T_N8CR6PSrI','2022-07-06','2022-07-06 02:52:58','2022-07-06 02:52:58'),(2404,'vqV6y8nH4R8','2022-07-07','2022-07-07 00:09:04','2022-07-07 00:09:04'),(2405,'YGGc9PUOhhQ','2022-07-08','2022-07-08 01:30:01','2022-07-08 01:30:01'),(2406,'gS1QhVpSEds','2022-07-09','2022-07-09 03:11:14','2022-07-09 03:11:14'),(2407,'Yv2mnchq6LY','2022-07-10','2022-07-10 01:18:32','2022-07-10 01:18:32'),(2408,'LITAGDY95g0','2022-07-11','2022-07-11 04:48:49','2022-07-11 04:48:49'),(2409,'C7WtyHNqs4w','2022-07-12','2022-07-12 01:06:18','2022-07-12 01:06:18'),(2410,'whtiSq7k0Lg','2022-07-13','2022-07-13 01:46:38','2022-07-13 01:46:38'),(2411,'PyGXSzVnPdw','2022-07-14','2022-07-14 00:15:49','2022-07-14 00:15:49'),(2412,'jZWnKbBN5Yg','2022-07-15','2022-07-15 00:32:36','2022-07-15 00:32:36'),(2413,'LswZYhaOagY','2022-07-16','2022-07-16 03:19:36','2022-07-16 03:19:36'),(2414,'oVfyt4BWJNQ','2022-07-17','2022-07-17 00:04:51','2022-07-17 00:04:51'),(2415,'F9p9qAmk11c','2022-07-18','2022-07-18 00:43:06','2022-07-18 00:43:06'),(2416,'jxzI9XOfh6w','2022-07-19','2022-07-19 01:31:06','2022-07-19 01:31:06'),(2417,'XwW5_MFzC6A','2022-07-20','2022-07-20 00:49:22','2022-07-20 00:49:22'),(2418,'KXnZfC7A5FM','2022-07-21','2022-07-21 03:36:25','2022-07-21 03:36:25'),(2419,'6HbdJMto_rg','2022-07-22','2022-07-22 00:33:43','2022-07-22 00:33:43'),(2420,'SnXkhkEvNIM','2022-07-23','2022-07-23 01:53:18','2022-07-23 01:53:18'),(2421,'CxwCDe8CbO0','2022-07-24','2022-07-24 04:59:16','2022-07-24 04:59:16'),(2422,'6e3KeO4ICKI','2022-07-25','2022-07-25 03:07:06','2022-07-25 03:07:06'),(2423,'viEz9OkWdk8','2022-07-26','2022-07-26 04:41:28','2022-07-26 04:41:28'),(2424,'mNu85yWnSPk','2022-07-27','2022-07-27 04:00:27','2022-07-27 04:00:27'),(2425,'2mXPSsoew9k','2022-07-28','2022-07-28 00:19:45','2022-07-28 00:19:45'),(2426,'btLtlF4OVyY','2022-07-29','2022-07-29 00:07:27','2022-07-29 00:07:27'),(2427,'vk9LlFDkCb0','2022-07-30','2022-07-30 00:10:01','2022-07-30 00:10:01'),(2428,'t1QnsduCdI0','2022-07-31','2022-07-31 00:44:19','2022-07-31 00:44:19');
/*!40000 ALTER TABLE `today_youtubes` ENABLE KEYS */;
UNLOCK TABLES;

--
-- Table structure for table `unit_groups`
--

DROP TABLE IF EXISTS `unit_groups`;
/*!40101 SET @saved_cs_client     = @@character_set_client */;
/*!40101 SET character_set_client = utf8 */;
CREATE TABLE `unit_groups` (
  `id` int(11) NOT NULL AUTO_INCREMENT,
  `name` varchar(255) COLLATE utf8_unicode_ci DEFAULT NULL,
  `description` varchar(255) COLLATE utf8_unicode_ci DEFAULT NULL,
  `created_at` datetime DEFAULT NULL,
  `updated_at` datetime DEFAULT NULL,
  PRIMARY KEY (`id`)
) ENGINE=InnoDB AUTO_INCREMENT=26 DEFAULT CHARSET=utf8 COLLATE=utf8_unicode_ci;
/*!40101 SET character_set_client = @saved_cs_client */;

--
-- Dumping data for table `unit_groups`
--

LOCK TABLES `unit_groups` WRITE;
/*!40000 ALTER TABLE `unit_groups` DISABLE KEYS */;
INSERT INTO `unit_groups` VALUES (1,'Johnny Beans','齊藤ジョニー・d-iZe','2015-02-03 17:14:56','2015-02-03 17:14:56'),(2,'ハニー','齊藤ジョニー・関取花','2015-02-05 08:13:08','2015-02-05 08:13:08'),(3,'なんだ神田K.K.','神田莉緒香・木村正英・工藤秀平','2015-02-05 10:43:20','2015-02-05 10:43:20'),(4,'1150 （ひとひとごーまる。）','神田莉緒香・齊藤ジョニー','2015-02-05 10:57:58','2015-02-05 10:57:58'),(5,'849 （やしっく）','d-iZe・竹渕慶','2015-02-05 11:03:43','2015-02-05 11:03:43'),(6,'ONDOSA','工藤秀平・竹澤汀','2015-02-06 10:15:34','2015-02-06 10:15:34'),(7,'signal','工藤秀平・d-iZe・竹澤汀','2015-02-06 10:42:56','2015-02-06 10:42:56'),(8,'豆英（まめひで）','d-iZe・木村正英','2015-02-06 10:46:08','2015-02-06 10:46:08'),(9,'ミニマム','マナミ・神田莉緒香','2015-02-06 10:51:05','2015-02-06 10:51:05'),(10,'R25（チームアダルト）','d-iZe・沙夜香・マナミ','2015-02-06 11:01:01','2015-02-06 11:01:01'),(11,'ちーむプシュケ','竹澤汀・マナミ・（新：沙夜香・旧：神田莉緒香）','2015-02-06 11:06:06','2015-02-06 11:06:06'),(12,'ふぇあみり〜','マナミ・工藤秀平・神田莉緒香','2015-02-06 11:13:00','2015-02-06 11:13:00'),(13,'チームパワフルモリモリ','ワタナベシュウヘイ・竹渕慶・マナミ','2015-02-06 11:14:23','2015-02-06 11:14:23'),(14,'大人の余裕','ワタナベシュウヘイ・沙夜香・齊藤ジョニー','2015-02-06 11:17:04','2015-02-06 11:17:04'),(15,'お兄さんお姉さん','工藤秀平・沙夜香','2015-02-06 11:26:11','2015-02-06 11:26:11'),(16,'チームおじさんおばさん','マナミ・ワタナベシュウヘイ','2015-02-06 11:27:32','2015-02-06 11:27:32'),(17,'THE マジック','マナミ・齊藤ジョニー・工藤秀平','2015-02-06 11:28:54','2015-02-06 11:28:54'),(18,'Goose houseの2人','竹渕慶・マナミ','2015-02-06 11:30:09','2015-02-06 11:30:09'),(19,'SMXL','マナミ・工藤秀平・ワタナベシュウヘイ','2015-02-06 11:37:24','2015-02-06 11:37:24'),(20,'わっしー','竹渕慶・マナミ・竹澤汀','2015-02-06 11:41:12','2015-02-06 11:41:12'),(21,'あめちゃんず','竹渕慶・竹澤汀・沙夜香','2015-02-06 11:42:43','2015-02-06 11:42:43'),(22,'しゅうへいず','工藤秀平・ワタナベシュウヘイ','2015-02-06 11:44:07','2015-02-06 11:44:07'),(23,'チームパーティーやらない?','工藤秀平・マナミ・竹澤汀','2015-02-06 11:45:03','2015-02-06 11:45:03'),(24,'NO NAME','工藤秀平・沙夜香・ワタナベシュウヘイ','2016-02-21 12:59:05','2016-02-21 12:59:05'),(25,'トゥトゥトゥ','工藤秀平・竹澤汀・ワタナベシュウヘイ','2016-09-14 10:30:56','2016-09-14 10:30:56');
/*!40000 ALTER TABLE `unit_groups` ENABLE KEYS */;
UNLOCK TABLES;

--
-- Table structure for table `unit_groups_youtubes`
--

DROP TABLE IF EXISTS `unit_groups_youtubes`;
/*!40101 SET @saved_cs_client     = @@character_set_client */;
/*!40101 SET character_set_client = utf8 */;
CREATE TABLE `unit_groups_youtubes` (
  `youtube_id` varchar(255) COLLATE utf8_unicode_ci NOT NULL,
  `unit_group_id` int(11) NOT NULL,
  UNIQUE KEY `index_unit_groups_youtubes_on_youtube_id` (`youtube_id`),
  KEY `index_unit_groups_youtubes_on_unit_group_id` (`unit_group_id`)
) ENGINE=InnoDB DEFAULT CHARSET=utf8 COLLATE=utf8_unicode_ci;
/*!40101 SET character_set_client = @saved_cs_client */;

--
-- Dumping data for table `unit_groups_youtubes`
--

LOCK TABLES `unit_groups_youtubes` WRITE;
/*!40000 ALTER TABLE `unit_groups_youtubes` DISABLE KEYS */;
INSERT INTO `unit_groups_youtubes` VALUES ('0qA8zwYOl9o',1),('0S8GPdo5XbI',1),('41S6liUvoq4',1),('cjXr122Rxg4',1),('dj93e1nLGwE',1),('i4cftlI_4Pk',1),('PYTLakk8lNo',1),('TD-fhGL0Bzk',1),('U2Sc19rRAl0',1),('VHvlgpGhlQ8',1),('WHZMt-6stQs',1),('zgnH_MNzlqs',1),('zs5NEaHNNu0',1),('14Zl8mWKUzk',2),('JhjQps5WcUc',2),('BvsK5HN3WiU',3),('MCXSldXbidI',3),('nh1w1-QVRT4',3),('RoWuNTc7djY',3),('0Ji_xcV3zmI',4),('1xBjwzIF_e4',4),('Hx_RSNa2YDU',4),('LA-JDnpt2iQ',4),('PSYRdI-13dI',4),('s5WnkWu-_HE',4),('s8j5R4i3kq0',4),('t5m--7k60lE',4),('yY9O-V0DDqk',4),('bDXjSP_8CAc',5),('ikX_TUSgb-0',5),('kl-0ABda1aA',5),('pwMHH4fTLxE',5),('pZN0nHB0qRQ',5),('qngpExBNLCE',5),('suIwWlyeEC4',5),('uhEM8oALyII',5),('Wb0FT-6OjUE',5),('ysjEib8E_no',5),('PRebgmIeVb0',6),('Sn-Bj7wwAak',6),('_5k_4Rkk6Do',7),('APwg_YqvhbE',7),('B254xxs4ywM',7),('Galpr9dwJuk',7),('Mc-pN4rZK84',7),('mIq_QPuTWHo',7),('OkPoqIcWxEI',7),('UpqC6wYC14U',7),('x-THZrQTg5E',7),('Z-kO6n23Ydg',7),('NV0YUJ3DBIU',8),('KzfvVe2Ph6w',9),('_KiCtINRalc',10),('fI3av1fRiYE',10),('jZ1GWob9Bxk',10),('5pZ8-SLtyzE',11),('fEsyBaG-uNw',11),('NukkrzLgRjY',11),('p7LcjQcAWtg',11),('-87Q50gqRFM',12),('1UVodfF7aZI',12),('mq9PU2XY3bQ',12),('5SntLIEYTS4',13),('7DOLntbtAow',13),('DctkTzlyDDg',13),('HRn2OIFs8DA',13),('SYXmdZ60LQY',13),('ttWlPvrIQZk',13),('wj5pVZ2JbVU',13),('5kfEOVCxikc',14),('6bM5SzQFpZQ',14),('9bSc2tW4HpM',14),('arC9vRxCAuE',14),('DPS3loXzGTw',14),('GJXmBq47EGg',14),('H8TAOHLLT0w',14),('lzk4efmFQW4',14),('tk5VR35WEeU',14),('VsXnhjCfCoE',14),('ZDlXM8anXtE',14),('ZhOXImVuD2w',14),('5bvpqpbIpMc',15),('5kTbT9m9LNo',15),('fphH41xbWEQ',15),('qq1Jwfa6mgo',15),('S1aBMas4Jnw',15),('sVMj0sMfA2c',15),('HHNxnM9B7TM',16),('iciSfjGR2dk',16),('MgqhzoiBaX4',16),('mw-_h5WZdzU',16),('OYLcflSsOf4',16),('VAP2AzRxDbs',16),('qccq1cc9xZE',17),('TsKs0oGhTWo',17),('VCIbjEia-oI',17),('7hCd4INUNbg',18),('eGBxC7RQxsY',18),('G3Y6JALsXvk',18),('HUCmag5dVxo',18),('TfShgYAT8W8',18),('UYGtfq-ly1U',18),('VVn-n2ROQXg',18),('wasKHC7X4Uw',18),('xkkgAVzB_pM',18),('1b-1LsKuroY',19),('1nSF-Xta3IM',19),('aEu2fSfd3j0',19),('B1ZE9K-pcWs',19),('JC5oFWeXIKY',19),('oC66717nuRY',19),('opMTyD7DWHs',19),('Rp64vMj9GHc',19),('9S1GUK5-x-g',20),('npNEdDxCNrk',20),('pqrQ25psl6E',20),('-3xGyRiepe0',21),('CxwCDe8CbO0',21),('ri35YKhV-ME',21),('4yY19IoWodg',22),('9yunxAvbzCo',22),('C_Srcfj7qHA',22),('_bzS83nl3oM',23),('cTbw-PqU514',23),('CZrChkoycBA',23),('lHxrb0GeCj4',23),('Q3sTM6AIf-A',23),('TohhjiAkmZ8',23),('twb8cB9dRHU',23),('whtiSq7k0Lg',23),('5Q1DrlTIAZo',24),('5vJDqlckxU8',24),('BUfxw97avEU',24),('lMB_rK8o6rE',24),('QR2baEPUUgI',24),('UJHeo4HI8zQ',24),('vWMxlqCN29A',24),('iLQUKTaatNk',25),('j-eoIxIMgeA',25),('Mdo3uvX-yog',25),('PRgOqCZID58',25),('Y7OHmxvuIwE',25);
/*!40000 ALTER TABLE `unit_groups_youtubes` ENABLE KEYS */;
UNLOCK TABLES;

--
-- Table structure for table `ustream_milestones`
--

DROP TABLE IF EXISTS `ustream_milestones`;
/*!40101 SET @saved_cs_client     = @@character_set_client */;
/*!40101 SET character_set_client = utf8 */;
CREATE TABLE `ustream_milestones` (
  `id` int(11) NOT NULL AUTO_INCREMENT,
  `name` varchar(255) COLLATE utf8_unicode_ci DEFAULT NULL,
  `description` varchar(255) COLLATE utf8_unicode_ci DEFAULT NULL,
  `ustream_id` varchar(255) COLLATE utf8_unicode_ci DEFAULT NULL,
  `created_at` datetime DEFAULT NULL,
  `updated_at` datetime DEFAULT NULL,
  PRIMARY KEY (`id`)
) ENGINE=InnoDB AUTO_INCREMENT=20 DEFAULT CHARSET=utf8 COLLATE=utf8_unicode_ci;
/*!40101 SET character_set_client = @saved_cs_client */;

--
-- Dumping data for table `ustream_milestones`
--

LOCK TABLES `ustream_milestones` WRITE;
/*!40000 ALTER TABLE `ustream_milestones` DISABLE KEYS */;
INSERT INTO `ustream_milestones` VALUES (3,'d-iZeさん最後の出演','d-iZeさん最後の出演<br><br>\r\n\r\n2014年3月に卒業されましたがUstreamLiveへの出演は2014年1月が最後でした。','43068972','2014-12-24 09:47:14','2015-10-29 10:41:27'),(5,'PlayYou.House始動','PlayYou.House始動<br><br>PlayYou.House（プレイユーハウス）とはソニーのウォークマン『Play You.』プロジェクトによりスタートしたシェアハウスです。Goosehouseの前身となるユニットグループですね。','7761148','2015-01-08 10:32:11','2015-10-29 10:43:14'),(6,'まなみさん初登場','まなみさん初登場<br><br>\r\n\r\n初々しさがあって今とは違うまなみさんを垣間みれます♫<br><br>\r\n\r\nちなみに、この時に木村くんが着ていたパーカーは、後に2012年12月のHOY放送でゲスト出演した際に着ていたものと同じではないかというツイートが読まれてオドオドしたリアクションが良いですね。','17613040','2015-01-08 10:37:06','2015-10-29 10:43:53'),(7,'PlayYou.House 2nd 始動','1ヶ月のリフレッシュ期間を経て2ndシーズンに入ったPlayYou.House!!Ustream Liveの放送時間も30分遅くなり今となってはおなじみの20時からになりました。','9950624','2015-01-12 03:08:49','2015-10-29 10:44:42'),(8,'Goosehouse スタート！！','Goosehouse スタート！！<br><br>\r\n\r\nソニーの“ウォークマン”「Play You.」企画が終了したことからGoosehouseとして再始動しました！','14539684','2015-01-12 03:15:51','2015-10-29 10:45:07'),(9,'さやかさん初登場','さやかさん初登場<br><br>実はアーティストとして音楽活動をおこなうのはGoosehouseでの活動が初めてだということです。','17889327','2015-01-12 03:26:55','2015-10-29 10:45:35'),(10,'齊藤ジョニーさん卒業','後に復帰しますが、齊藤ジョニーさんは一度Goosehouseを卒業していました。','22862395','2015-01-12 03:59:23','2015-10-29 10:47:26'),(11,'ワタナベシュウヘイさん初登場','ワタナベシュウヘイさん初登場<br><br>初めましてとは思えない今と変わらないパワフルなわしゅうです。','23505881','2015-01-12 04:00:34','2015-10-29 10:47:48'),(12,'神田莉緒香さん卒業','神田莉緒香さん卒業<br><br>\r\n放送内で突然の卒業発表でした。その後、2013年HOY放送でゲスト出演しました。<br><br>\r\n\r\n<a href=\"http://goosetune.tv/search/ustream/41941980\" target=\"_blank\">2013年HOY</a>','29848622','2015-01-12 04:02:31','2015-10-29 10:55:25'),(13,'齊藤ジョニーさん復帰','齊藤ジョニーさん復帰<br><br>\r\n\r\n2012年5月をもってGoosehouseを卒業された齊藤ジョニーさんが復帰されました。一発目に演奏したcome againがHOYを受賞しました。\r\n\r\n<a href=\"http://goosetune.tv/search/youtube/p5mFAYUxjnw\" target=\"_blank\">come again／m-flo</a>','31709859','2015-01-12 04:05:58','2015-10-29 10:56:09'),(14,'中村千尋さん初登場','中村千尋さん初登場','9950624','2015-01-12 12:27:24','2015-10-29 10:51:13'),(15,'竹澤汀さん初登場','竹澤汀さん初登場','9950624','2015-01-12 12:27:38','2015-10-29 10:50:51'),(17,'木村正英さん卒業','木村正英さん卒業<br><br>\r\nその後、2012年12月のHOY放送でゲスト出演し、Singを演奏した姿は忘れられません。<br><br>\r\n\r\n<a href=\"http://goosetune.tv/search/ustream/27732716\" target=\"_blank\">Goosehouse UST LIVE 2012 HOY</a>','19048707','2015-01-16 09:07:25','2015-10-29 10:53:40'),(18,'中村千尋さん最後の出演','中村千尋さん最後の出演<br><br>\r\n\r\n当時は\"卒業\"という形はなく、2011年1月15日のUstream放送でメンバーからPlayYou.Houseでの活動を一時退室するという発表がありました。<br><br>\r\n\r\n<a href=\"http://goosetune.tv/search/ustream/12027283\" target=\"_blank\">2011年1月15日のUstream放送</a>\r\n','11115542','2015-01-16 09:13:34','2015-10-29 11:00:46'),(19,'関取花さん最後の出演','関取花さん最後の出演<br><br>\r\n\r\n当時は\"卒業\"という形はなく、2ndシーズン1回目の放送でメンバーから不参加が伝えられました。<br><br>\r\n\r\n<a href=\"http://goosetune.tv/search/ustream/9950624\" target=\"_blank\">2ndシーズン1回目</a>','9059475','2015-01-16 09:28:16','2015-10-29 10:59:03');
/*!40000 ALTER TABLE `ustream_milestones` ENABLE KEYS */;
UNLOCK TABLES;

--
-- Table structure for table `ustream_witticisms`
--

DROP TABLE IF EXISTS `ustream_witticisms`;
/*!40101 SET @saved_cs_client     = @@character_set_client */;
/*!40101 SET character_set_client = utf8 */;
CREATE TABLE `ustream_witticisms` (
  `id` int(11) NOT NULL AUTO_INCREMENT,
  `title` varchar(255) COLLATE utf8_unicode_ci DEFAULT NULL,
  `description` text COLLATE utf8_unicode_ci,
  `ustream_id` varchar(255) COLLATE utf8_unicode_ci DEFAULT NULL,
  `created_at` datetime DEFAULT NULL,
  `updated_at` datetime DEFAULT NULL,
  `play_time` time DEFAULT NULL,
  PRIMARY KEY (`id`)
) ENGINE=InnoDB AUTO_INCREMENT=14 DEFAULT CHARSET=utf8 COLLATE=utf8_unicode_ci;
/*!40101 SET character_set_client = @saved_cs_client */;

--
-- Dumping data for table `ustream_witticisms`
--

LOCK TABLES `ustream_witticisms` WRITE;
/*!40000 ALTER TABLE `ustream_witticisms` DISABLE KEYS */;
INSERT INTO `ustream_witticisms` VALUES (2,'ペソ','山崎まさよしさんの『中華料理』演奏終了後に、『演奏から戻ったわしゅうが冷房を要望！に１００万ペソ』というツイートが読まれたことで話題になりました。','36103009','2015-02-12 00:09:33','2015-10-29 11:03:05','00:50:55'),(3,'代官山のあしやしょてんさん','猫のプシュケの絵本発売記念に代官山蔦屋書店にて開催されたイベントに際して、慶ちゃんが言い間違えたとてもかわいいワンシーンです！<br>\r\n<br>\r\n言い間違えをこうやって取り上げるのは良くないのかもしれませんが、d-iZe兄さんとの『俺よく行くんだよぉ、気まずいだろぉ』といったやり取り含めて大好きなんで紹介します♫','36103009','2015-02-12 10:29:26','2015-10-29 11:03:37','00:17:55'),(4,'やっぱ誰かが単体で補えるものではないんでね。やっぱみんなでやるのが礼儀だろうなと。','2014年12月放送であるHOY2014にて、いきものがかりさんの『笑顔』を演奏後、d-iZe兄さんのソロパートを全員で歌ったことに対してのジョニーさんのコメントです。<br>\r\n<br>\r\nとてもホッコリするし、みんなが本当にd-iZe兄さんを慕い尊敬してるんだと感じれる言葉だと思います☆','56683384','2015-02-12 10:46:19','2015-10-29 11:05:01','00:54:00'),(5,'これがシグナルクォリティー','この時のUstream放送1発目、BENNIE Kさんの『Dreamland』を演奏したのはユニットグループ『signal』の3人！<br>\r\n<br>\r\n音を重ね録りする機材『ループステーション』の録音タイミングに工藤さんのボイパが合わずに生演奏でのやり直しを決めた時にd-iZe兄さんが口にした一言！<br>','36103009','2015-02-12 11:02:47','2015-10-29 11:12:09','00:02:55'),(6,'飛べない豚はただの豚だ','AKB48さんのラブラドール・レトリバーを演奏しているわしゅうの姿が紅の豚の主人公に似ているというツイートが読まれ、わしゅうが放った一言です(笑)<br>\r\n<br>\r\n直後にジョニーさんが『「歌えない豚は」じゃないんだそこはw』というツッコミを入れています！','52063067','2015-02-12 18:43:49','2015-10-29 11:11:46','01:38:00'),(8,'季節は、春夏キンモクセイ秋冬！','ハウスメイトさんの『秋だなーって感じる瞬間を教えてください』という質問に対して出た汀ちゃんの名言です！','10090001','2015-02-21 04:31:11','2015-10-29 11:08:24','00:40:00'),(9,'#goose7を付けると我々のものに！','まなみさんがUstream放送がTwitterと連動していることを伝える時に言い間違えた名言！<br>\r\n<br>\r\nその直後に、ジョニーさんが『我が物にするのだぁ』、工藤さんが『世界征服を』などと言っているシーン含めて何度観ても笑いが止まりませんので紹介します。','54137147','2015-02-21 04:57:06','2015-10-29 11:07:57','00:18:40'),(12,'リベンジしたいんです！途中で切れたらしいんです。','2012年11月頃にスピンオフ放送という予告無し&アーカイブやYouTube無しのUstream放送を行ったことがあります。<br><br>\r\nその時にHYさんの「366日」を演奏したんですけど、途中で放送が切れてしまうというハプニングがありました。<br><br>\r\nそういった出来事があって、2013年1月放送でのリベンジ演奏が実現したのです！<br><br>\r\nこの言葉は、演奏前にd-iZeさんが言った言葉です。','28627761','2015-03-26 11:59:02','2015-10-29 11:02:25','01:06:30'),(13,'起きたくないよぉ...起きてたぁ！','ゲストの片平里菜ちゃんの朝起きれないという悩みに対してハウスメイトさんからのアドバイスを工藤さんが実践してみた時の『起きたくないよぉ』ダンスがおもしろかったです！','41941980','2015-10-29 11:10:57','2015-10-29 11:10:57','01:27:45');
/*!40000 ALTER TABLE `ustream_witticisms` ENABLE KEYS */;
UNLOCK TABLES;

--
-- Table structure for table `ustreams`
--

DROP TABLE IF EXISTS `ustreams`;
/*!40101 SET @saved_cs_client     = @@character_set_client */;
/*!40101 SET character_set_client = utf8 */;
CREATE TABLE `ustreams` (
  `id` varchar(255) COLLATE utf8_unicode_ci NOT NULL,
  `title` varchar(255) COLLATE utf8_unicode_ci NOT NULL,
  `url` varchar(255) COLLATE utf8_unicode_ci NOT NULL,
  `thumbnail` varchar(255) COLLATE utf8_unicode_ci NOT NULL,
  `published` datetime NOT NULL,
  `created_at` datetime DEFAULT NULL,
  `updated_at` datetime DEFAULT NULL,
  `view_counts` int(11) NOT NULL,
  UNIQUE KEY `index_ustreams_on_id` (`id`)
) ENGINE=InnoDB DEFAULT CHARSET=utf8 COLLATE=utf8_unicode_ci;
/*!40101 SET character_set_client = @saved_cs_client */;

--
-- Dumping data for table `ustreams`
--

LOCK TABLES `ustreams` WRITE;
/*!40000 ALTER TABLE `ustreams` DISABLE KEYS */;
INSERT INTO `ustreams` VALUES ('100383207','Goosehouse UST LIVE #69','http://www.ustream.tv/recorded/100383207','https://ustvstaticcdn2-a.akamaihd.net/i/video/picture/0/1/100/100383/100383207/1_4509151_100383207,192x108,b,1:1.jpg','2017-02-28 19:11:03','2017-03-04 06:38:57','2017-11-17 12:45:04',32834),('10090001','playyouhouse 2nd 1009 #002','http://www.ustream.tv/recorded/10090001','http://static-cdn2.ustream.tv/videopic/0/1/10/10090/10090001/1_4509151_10090001_320x240_b_1:2.jpg','2010-10-09 04:04:45','2015-06-28 07:14:33','2016-07-01 13:45:06',20954),('101374925','Goose house UST LIVE #70','http://www.ustream.tv/recorded/101374925','https://ustvstaticcdn2-a.akamaihd.net/i/video/picture/0/1/101/101374/101374925/1_4509151_101374925,192x108,b,1:1.jpg','2017-03-25 19:40:18','2017-04-29 03:33:14','2017-11-17 12:45:04',39234),('10235778','playyouhouse 2nd 1016 #003','http://www.ustream.tv/recorded/10235778','http://static-cdn1.ustream.tv/videopic/0/1/10/10235/10235778/1_4509151_10235778_320x240_b_1:2.jpg','2010-10-16 04:01:40','2015-06-28 07:14:33','2016-07-01 14:45:05',17148),('102383704','Goose house UST LIVE #71','http://www.ustream.tv/recorded/102383704','https://ustvstaticcdn1-a.akamaihd.net/i/video/picture/0/1/102/102383/102383704/1_4509151_102383704,192x108,b,1:1.jpg','2017-04-22 19:45:21','2017-04-29 03:33:14','2017-11-17 00:45:05',41684),('103475403','Goose house UST LIVE #72','http://www.ustream.tv/recorded/103475403','https://ustvstaticcdn2-a.akamaihd.net/i/video/picture/0/1/103/103475/103475403/1_4509151_103475403,192x108,b,1:1.jpg','2017-05-20 19:43:33','2017-05-31 14:19:16','2017-11-16 13:45:05',38906),('10369900','playyouhouse 2nd 1023 #004','http://www.ustream.tv/recorded/10369900','http://static-cdn1.ustream.tv/videopic/0/1/10/10369/10369900/1_4509151_10369900_320x240_b_1:2.jpg','2010-10-23 04:04:36','2015-06-28 07:14:33','2016-07-01 12:45:06',20705),('104856250','Goose house UST #73','http://www.ustream.tv/recorded/104856250','https://ustvstaticcdn1-a.akamaihd.net/i/video/picture/0/1/104/104856/104856250/1_4509151_104856250,192x108,b,1:1.jpg','2017-06-17 10:48:38','2017-07-22 07:39:47','2017-11-16 16:45:04',52280),('10517678','playyouhouse 2nd 1030 #005','http://www.ustream.tv/recorded/10517678','http://static-cdn1.ustream.tv/videopic/0/1/10/10517/10517678/1_4509151_10517678_320x240_b_1:2.jpg','2010-10-30 04:01:31','2015-06-28 07:14:33','2016-07-02 01:45:07',31301),('106102539','Goose house UST LIVE #74','http://www.ustream.tv/recorded/106102539','https://ustvstaticcdn2-a.akamaihd.net/i/video/picture/0/1/106/106102/106102539/1_4509151_106102539,192x108,b,1:1.jpg','2017-07-22 10:52:43','2017-09-14 15:31:17','2017-11-17 12:45:04',41106),('107046239','Goosehouse UST#75-1','http://www.ustream.tv/recorded/107046239','https://ustvstaticcdn2-a.akamaihd.net/i/video/picture/0/1/107/107046/107046239/1_4509151_107046239,192x108,b,1:1.jpg','2017-08-19 10:47:01','2017-09-14 15:31:17','2017-11-17 12:45:04',39028),('107048315','Goosehouse UST#75-2','http://www.ustream.tv/recorded/107048315','https://ustvstaticcdn2-a.akamaihd.net/i/video/picture/0/1/107/107048/107048315/1_4509151_107048315,192x108,b,1:1.jpg','2017-08-19 12:21:04','2017-09-14 15:31:17','2017-11-17 12:45:04',11126),('107048932','Goose house UST #75-3','http://www.ustream.tv/recorded/107048932','https://ustvstaticcdn1-a.akamaihd.net/i/video/picture/0/1/107/107048/107048932/1_4509151_107048932,192x108,b,1:1.jpg','2017-08-19 12:51:13','2017-09-14 15:31:17','2017-11-17 12:45:04',15685),('107969495','Goose house UST #76','http://www.ustream.tv/recorded/107969495','https://ustvstaticcdn2-a.akamaihd.net/i/video/picture/0/1/107/107969/107969495/1_4509151_107969495,192x108,b,1:1.jpg','2017-09-16 10:59:36','2017-10-05 10:23:28','2017-11-17 12:45:04',47854),('10826515','playyouhouse 2nd 1113 #006 (1/2)','http://www.ustream.tv/recorded/10826515','http://static-cdn2.ustream.tv/videopic/0/1/10/10826/10826515/1_4509151_10826515_320x240_b_1:3.jpg','2010-11-13 03:01:32','2015-06-28 07:14:33','2016-07-02 02:45:06',12938),('10827045','playyouhouse 2nd 1113 #006 (2/2)','http://www.ustream.tv/recorded/10827045','http://static-cdn2.ustream.tv/videopic/0/1/10/10827/10827045/1_4509151_10827045_320x240_b_1:2.jpg','2010-11-13 03:32:31','2015-06-28 07:14:33','2016-07-02 03:45:05',13336),('109333557','Goose house UST #77','http://www.ustream.tv/recorded/109333557','https://ustvstaticcdn2-a.akamaihd.net/i/video/picture/0/1/109/109333/109333557/1_4509151_109333557,192x108,b,1:1.jpg','2017-10-28 19:54:20','2017-11-17 12:13:30','2017-11-17 12:45:04',25381),('109889306','Goose house UST LIVE #78','http://www.ustream.tv/recorded/109889306','https://ustvstaticcdn1-a.akamaihd.net/i/video/picture/0/1/109/109889/109889306/1_4509151_109889306,192x108,b,1:1.jpg','2017-11-18 10:52:42','2019-04-21 10:26:25','2019-04-21 10:26:25',50482),('11115542','playyouhouse 2nd 1127 #007','http://www.ustream.tv/recorded/11115542','http://static-cdn1.ustream.tv/videopic/0/1/11/11115/11115542/1_4509151_11115542_320x240_b_1:2.jpg','2010-11-27 03:02:35','2015-06-28 07:14:33','2016-07-01 09:45:06',18273),('11373188','Playyouhouse 12/11/10 04:44AM PST','http://www.ustream.tv/recorded/11373188','http://static-cdn1.ustream.tv/videopic/0/1/11/11373/11373188/1_4509151_11373188_320x240_b_1:4.jpg','2010-12-11 03:02:59','2015-06-28 07:14:33','2016-06-30 04:45:06',18594),('11374237','playyouhouse 2nd 1211 #008 (2/2)','http://www.ustream.tv/recorded/11374237','http://static-cdn2.ustream.tv/videopic/0/1/11/11374/11374237/1_4509151_11374237_320x240_b_1:2.jpg','2010-12-11 04:46:06','2015-06-28 07:14:33','2016-06-29 14:45:05',9828),('11669158','playyouhouse 2nd 1227 #009','http://www.ustream.tv/recorded/11669158','http://static-cdn1.ustream.tv/videopic/0/1/11/11669/11669158/1_4509151_11669158_320x240_b_1:2.jpg','2010-12-27 03:08:07','2015-06-28 07:14:33','2016-07-01 22:45:06',23638),('12027283','playyouhouse 2nd 冬の歌特集 0115 #010','http://www.ustream.tv/recorded/12027283','http://static-cdn2.ustream.tv/videopic/0/1/12/12027/12027283/1_4509151_12027283_320x240_b_1:2.jpg','2011-01-15 03:00:41','2015-06-28 07:14:33','2016-07-02 02:45:06',15096),('12320949','playyouhouse 2nd 最新カラオケヒットソング特集 0129 #011','http://www.ustream.tv/recorded/12320949','http://static-cdn2.ustream.tv/videopic/0/1/12/12320/12320949/1_4509151_12320949_320x240_b_1:2.jpg','2011-01-29 03:02:35','2015-06-28 07:14:34','2016-07-02 02:45:06',30172),('12641553','playyouhouse 2nd バレンタイン前々夜祭 0212 #012','http://www.ustream.tv/recorded/12641553','http://static-cdn2.ustream.tv/videopic/0/1/12/12641/12641553/1_4509151_12641553_320x240_b_1:2.jpg','2011-02-12 03:02:53','2015-06-28 07:14:34','2016-07-02 03:45:05',34286),('12951725','playyouhouse 2nd 卒業ソング 0226 #013','http://www.ustream.tv/recorded/12951725','http://static-cdn2.ustream.tv/videopic/0/1/12/12951/12951725/1_4509151_12951725_320x240_b_1:2.jpg','2011-02-26 03:04:51','2015-06-28 07:14:34','2016-06-30 05:45:05',44245),('14539684','Goosehouse スタート！！','http://www.ustream.tv/recorded/14539684','http://static-cdn1.ustream.tv/videopic/0/1/14/14539/14539684/1_4509151_14539684_320x240_b_1:3.jpg','2011-05-07 04:09:09','2015-06-28 07:14:34','2016-07-02 01:45:07',71072),('14693752','Goosehouse USTREAM LIVE ２回目！','http://www.ustream.tv/recorded/14693752','http://static-cdn1.ustream.tv/videopic/0/1/14/14693/14693752/1_4509151_14693752_320x240_b_1:3.jpg','2011-05-14 04:16:06','2015-06-28 07:14:34','2016-07-02 03:45:05',44664),('15309614','Goosehouse Ustream Live 第４回目！','http://www.ustream.tv/recorded/15309614','http://static-cdn1.ustream.tv/videopic/0/1/15/15309/15309614/1_4509151_15309614_320x240_b_1:3.jpg','2011-06-11 04:12:03','2015-06-28 07:14:34','2016-07-02 03:45:05',50853),('16329822','Goosehouse USTREAM LIVE 6回目','http://www.ustream.tv/recorded/16329822','http://static-cdn1.ustream.tv/videopic/0/1/16/16329/16329822/1_4509151_16329822_320x240_b_1:2.jpg','2011-07-30 04:13:58','2015-06-28 07:14:34','2016-07-02 03:45:05',42986),('16469562','Goosehouse USTREAM LIVE 7回目','http://www.ustream.tv/recorded/16469562','http://static-cdn1.ustream.tv/videopic/0/1/16/16469/16469562/1_4509151_16469562_320x240_b_1:2.jpg','2011-08-06 04:15:13','2015-06-28 07:14:34','2016-07-01 14:45:06',46906),('17180971','Goosehouse ustream live 8回目','http://www.ustream.tv/recorded/17180971','http://static-cdn2.ustream.tv/videopic/0/1/17/17180/17180971/1_4509151_17180971_320x240_b_1:2.jpg','2011-09-10 04:03:15','2015-06-28 07:14:34','2016-07-01 23:45:07',63956),('17613040','Goosehouse USTREAM Live 9回目','http://www.ustream.tv/recorded/17613040','http://static-cdn1.ustream.tv/videopic/0/1/17/17613/17613040/1_4509151_17613040_320x240_b_1:3.jpg','2011-10-01 04:02:48','2015-06-28 07:14:34','2016-07-02 03:45:05',75286),('17889327','Goosehouse USTREAM LIVE 10回目','http://www.ustream.tv/recorded/17889327','http://static-cdn2.ustream.tv/videopic/0/1/17/17889/17889327/1_4509151_17889327_320x240_b_1:2.jpg','2011-10-15 04:12:16','2015-06-28 07:14:34','2016-07-01 11:45:05',126817),('18753965','Goose house USTREAM LIVE 11回目','http://www.ustream.tv/recorded/18753965','http://static-cdn2.ustream.tv/videopic/0/1/18/18753/18753965/1_4509151_18753965_320x240_b_1:2.jpg','2011-11-26 03:02:36','2015-06-28 07:14:34','2016-07-02 00:45:06',107713),('19048707','Goosehouse UST LIVE12','http://www.ustream.tv/recorded/19048707','http://static-cdn2.ustream.tv/videopic/0/1/19/19048/19048707/1_4509151_19048707_320x240_b_1:2.jpg','2011-12-10 03:10:30','2015-06-28 07:14:34','2016-07-01 16:45:06',103794),('19904672','Goosehouse USTLIVE #13','http://www.ustream.tv/recorded/19904672','http://static-cdn1.ustream.tv/videopic/0/1/19/19904/19904672/1_4509151_19904672_320x240_b_1:3.jpg','2012-01-21 03:07:18','2015-06-28 07:14:34','2016-07-01 13:45:06',65983),('20525627','Goosehouse UST LIVE #14','http://www.ustream.tv/recorded/20525627','http://static-cdn2.ustream.tv/videopic/0/1/20/20525/20525627/1_4509151_20525627_320x240_b_1:2.jpg','2012-02-18 03:01:35','2015-06-28 07:14:34','2016-07-01 13:45:06',96893),('21488242','Goosehouse','http://www.ustream.tv/recorded/21488242','http://static-cdn1.ustream.tv/videopic/0/1/21/21488/21488242/1_4509151_21488242_320x240_b_1:2.jpg','2012-03-31 04:02:47','2015-06-28 07:14:34','2016-07-01 08:45:06',72851),('21488266','Goosehouse UST Live #15','http://www.ustream.tv/recorded/21488266','http://static-cdn1.ustream.tv/videopic/0/1/21/21488/21488266/1_4509151_21488266_320x240_b_1:3.jpg','2012-03-31 04:04:17','2015-06-28 07:14:34','2016-07-01 21:45:06',67660),('22861666','Goosehouse Ust Live #17-1','http://www.ustream.tv/recorded/22861666','http://static-cdn1.ustream.tv/videopic/0/1/22/22861/22861666/1_4509151_22861666_320x240_b_1:3.jpg','2012-05-26 04:10:15','2015-06-28 07:14:34','2016-07-02 02:45:06',48612),('22861693','Goosehouse Ust Live #17-2','http://www.ustream.tv/recorded/22861693','http://static-cdn2.ustream.tv/videopic/0/1/22/22861/22861693/1_4509151_22861693_320x240_b_1:3.jpg','2012-05-26 04:12:18','2015-06-28 07:14:34','2016-07-02 02:45:06',41784),('22862320','Goosehouse Ust Live #17--3','http://www.ustream.tv/recorded/22862320','http://static-cdn1.ustream.tv/videopic/0/1/22/22862/22862320/1_4509151_22862320_320x240_b_1:3.jpg','2012-05-26 04:54:15','2015-06-28 07:14:34','2016-06-30 13:45:06',17272),('22862337','Goosehouse Ust Live #17-4','http://www.ustream.tv/recorded/22862337','http://static-cdn2.ustream.tv/videopic/0/1/22/22862/22862337/1_4509151_22862337_320x240_b_1:3.jpg','2012-05-26 04:55:45','2015-06-28 07:14:34','2016-06-30 07:45:08',17106),('22862359','Goosehouse Ust Live #17-5','http://www.ustream.tv/recorded/22862359','http://static-cdn2.ustream.tv/videopic/0/1/22/22862/22862359/1_4509151_22862359_320x240_b_1:3.jpg','2012-05-26 04:57:12','2015-06-28 07:14:34','2016-06-30 09:45:06',18813),('22862395','Goosehouse Ust Live #17-6','http://www.ustream.tv/recorded/22862395','http://static-cdn2.ustream.tv/videopic/0/1/22/22862/22862395/1_4509151_22862395_320x240_b_1:3.jpg','2012-05-26 04:59:24','2015-06-28 07:14:34','2016-07-02 02:45:06',38256),('23505881','Goosehouse UST LIVE #18','http://www.ustream.tv/recorded/23505881','http://static-cdn2.ustream.tv/videopic/0/1/23/23505/23505881/1_4509151_23505881_320x240_b_1:3.jpg','2012-06-23 04:05:00','2015-06-28 07:14:34','2016-07-02 02:45:06',71155),('23982063','Goosehouse UST LIVE #19','http://www.ustream.tv/recorded/23982063','http://static-cdn2.ustream.tv/videopic/0/1/23/23982/23982063/1_4509151_23982063_320x240_b_1:3.jpg','2012-07-14 04:07:25','2015-06-28 07:14:34','2016-07-02 02:45:06',68383),('24624356','Goosehouse Ust Live #20','http://www.ustream.tv/recorded/24624356','http://static-cdn1.ustream.tv/videopic/0/1/24/24624/24624356/1_4509151_24624356_320x240_b_1:3.jpg','2012-08-11 04:04:01','2015-06-28 07:14:34','2016-07-02 02:45:06',85795),('25604039','Goosehouse UST Live #21','http://www.ustream.tv/recorded/25604039','http://static-cdn2.ustream.tv/videopic/0/1/25/25604/25604039/1_4509151_25604039_320x240_b_1:3.jpg','2012-09-22 04:03:31','2015-06-28 07:14:34','2016-06-30 11:45:08',66608),('26463350','Goosehouse UST Live #22','http://www.ustream.tv/recorded/26463350','http://static-cdn1.ustream.tv/videopic/0/1/26/26463/26463350/1_4509151_26463350_320x240_b_1:3.jpg','2012-10-27 04:06:29','2015-06-28 07:14:34','2016-07-01 21:45:06',78429),('27086759','Goosehouse UST LIVE #23','http://www.ustream.tv/recorded/27086759','http://static-cdn2.ustream.tv/videopic/0/1/27/27086/27086759/1_4509151_27086759_320x240_b_1:2.jpg','2012-11-17 03:06:11','2015-06-28 07:14:34','2016-06-30 19:45:06',92619),('27732716','Goosehouse UST LIVE 2012 HOY','http://www.ustream.tv/recorded/27732716','http://static-cdn1.ustream.tv/videopic/0/1/27/27732/27732716/1_4509151_27732716_320x240_b_1:3.jpg','2012-12-15 03:01:37','2015-06-28 07:14:34','2016-07-02 00:45:06',188626),('28627761','Goosehouse UST LIVE #24','http://www.ustream.tv/recorded/28627761','http://static-cdn2.ustream.tv/videopic/0/1/28/28627/28627761/1_4509151_28627761_320x240_b_1:3.jpg','2013-01-19 03:02:37','2015-06-28 07:14:34','2016-07-01 20:45:07',80831),('29325660','Goosehouse UST LIVE #25','http://www.ustream.tv/recorded/29325660','http://static-cdn1.ustream.tv/videopic/0/1/29/29325/29325660/1_4509151_29325660_320x240_b_1:3.jpg','2013-02-16 03:02:22','2015-06-28 07:14:34','2016-09-17 09:45:06',105741),('29848622','Goosehouse UST LIVE #26','http://www.ustream.tv/recorded/29848622','http://static-cdn1.ustream.tv/videopic/0/1/29/29848/29848622/1_4509151_29848622_320x240_b_1:3.jpg','2013-03-09 03:01:43','2015-06-28 07:14:34','2016-10-29 10:45:06',142760),('31709859','Goosehouse UST LIVE #27','http://www.ustream.tv/recorded/31709859','http://static-cdn2.ustream.tv/videopic/0/1/31/31709/31709859/1_4509151_31709859_320x240_b_1:3.jpg','2013-04-20 04:03:13','2015-06-28 07:14:34','2016-11-26 10:45:07',210960),('35114691','Goosehouse UST LIVE #29','http://www.ustream.tv/recorded/35114691','http://static-cdn2.ustream.tv/videopic/0/1/35/35114/35114691/1_4509151_35114691_320x240_b_1:2.jpg','2013-06-29 04:06:47','2015-06-28 07:14:34','2016-12-24 07:45:08',120827),('36103009','Goosehouse UST LIVE #30','http://www.ustream.tv/recorded/36103009','http://static-cdn2.ustream.tv/videopic/0/1/36/36103/36103009/1_4509151_36103009_320x240_b_1:3.jpg','2013-07-20 04:04:24','2015-06-28 07:14:34','2017-01-29 09:45:07',153805),('37732285','Goosehouse UST LIVE #31','http://www.ustream.tv/recorded/37732285','http://static-cdn2.ustream.tv/videopic/0/1/37/37732/37732285/1_4509151_37732285_320x240_b_1:3.jpg','2013-08-24 04:06:14','2015-06-28 07:14:34','2017-02-28 08:45:06',142424),('39315898','Goosehouse UST LIVE #32','http://www.ustream.tv/recorded/39315898','http://static-cdn1.ustream.tv/videopic/0/1/39/39315/39315898/1_4509151_39315898_320x240_b_1:2.jpg','2013-09-28 04:03:47','2015-06-28 07:14:34','2017-03-25 06:45:08',217021),('39978673','Goosehouse UST LIVE #33','http://www.ustream.tv/recorded/39978673','http://static-cdn2.ustream.tv/videopic/0/1/39/39978/39978673/1_4509151_39978673_320x240_b_1:3.jpg','2013-10-19 04:03:33','2015-06-28 07:14:34','2017-04-22 07:45:07',122902),('40817122','Goosehouse','http://www.ustream.tv/recorded/40817122','http://static-cdn1.ustream.tv/videopic/0/1/40/40817/40817122/1_4509151_40817122_320x240_b_1:3.jpg','2013-11-16 03:15:56','2015-06-28 07:14:34','2017-05-02 14:45:08',9932),('40817131','UST LIVE #34','http://www.ustream.tv/recorded/40817131','http://static-cdn2.ustream.tv/videopic/0/1/40/40817/40817131/1_4509151_40817131_320x240_b_1:3.jpg','2013-11-16 03:16:38','2015-06-28 07:14:34','2017-05-02 22:45:07',130155),('41941980','HOY1','http://www.ustream.tv/recorded/41941980','http://static-cdn1.ustream.tv/videopic/0/1/41/41941/41941980/1_4509151_41941980_320x240_b_1:3.jpg','2013-12-21 02:44:33','2015-06-28 07:14:34','2017-05-03 01:45:07',213456),('41946070','HOY2','http://www.ustream.tv/recorded/41946070','http://static-cdn1.ustream.tv/videopic/0/1/41/41946/41946070/1_4509151_41946070_320x240_b_1:2.jpg','2013-12-21 05:45:07','2015-06-28 07:14:34','2017-05-03 01:45:07',59383),('43068972','UST LIVE #35','http://www.ustream.tv/recorded/43068972','http://static-cdn1.ustream.tv/videopic/0/1/43/43068/43068972/1_4509151_43068972_320x240_b_1:3.jpg','2014-01-25 03:09:20','2015-06-28 07:14:34','2017-05-02 17:45:08',116012),('44107451','UST LIVE 36','http://www.ustream.tv/recorded/44107451','http://static-cdn2.ustream.tv/videopic/0/1/44/44107/44107451/1_4509151_44107451_320x240_b_1:2.jpg','2014-02-22 03:17:42','2015-06-28 07:14:34','2017-05-02 14:45:07',173950),('45506914','UST LIVE #37','http://www.ustream.tv/recorded/45506914','http://static-cdn1.ustream.tv/videopic/0/1/45/45506/45506914/1_4509151_45506914_320x240_b_1:3.jpg','2014-03-29 04:08:04','2015-06-28 07:14:34','2017-05-02 13:45:08',134433),('46054780','Goosehouse UST LIVE #38','http://www.ustream.tv/recorded/46054780','http://static-cdn1.ustream.tv/videopic/0/1/46/46054/46054780/1_4509151_46054780_320x240_b_1:2.jpg','2014-04-12 04:10:48','2015-06-28 07:14:34','2017-10-28 10:36:48',185471),('48244278','Goosehouse UST LIVE #39','http://www.ustream.tv/recorded/48244278','http://static-cdn1.ustream.tv/videopic/0/1/48/48244/48244278/1_4509151_48244278_320x240_b_1:3.jpg','2014-05-31 04:13:36','2015-06-28 07:14:34','2017-11-17 08:45:06',281094),('50262668','Goosehouse UST LIVE #41','http://www.ustream.tv/recorded/50262668','http://static-cdn1.ustream.tv/videopic/0/1/50/50262/50262668/1_4509151_50262668_320x240_b_1:3.jpg','2014-07-19 04:14:51','2015-06-28 07:14:34','2017-11-17 08:45:05',196676),('52063067','Goosehouse UST LIVE #42','http://www.ustream.tv/recorded/52063067','http://static-cdn2.ustream.tv/videopic/0/1/52/52063/52063067/1_4509151_52063067_320x240_b_1:3.jpg','2014-08-30 04:11:21','2015-06-28 07:14:34','2017-11-17 04:45:06',195066),('53213992','Goosehouse UST LIVE #43','http://www.ustream.tv/recorded/53213992','http://static-cdn1.ustream.tv/videopic/0/1/53/53213/53213992/1_4509151_53213992_320x240_b_1:3.jpg','2014-09-27 04:09:23','2015-06-28 07:14:34','2017-11-15 11:45:04',209200),('54137147','Goosehouse','http://www.ustream.tv/recorded/54137147','http://static-cdn2.ustream.tv/videopic/0/1/54/54137/54137147/1_4509151_54137147_320x240_b_1:4.jpg','2014-10-18 04:04:44','2015-06-28 07:14:34','2017-11-17 12:45:05',260125),('55444987','Goosehouse UST LIVE #45','http://www.ustream.tv/recorded/55444987','http://static-cdn2.ustream.tv/videopic/0/1/55/55444/55444987/1_4509151_55444987_320x240_b_1:2.jpg','2014-11-15 03:30:07','2015-06-28 07:14:34','2017-11-17 08:45:05',193508),('56683384','Goose house UST HOY1','http://www.ustream.tv/recorded/56683384','http://static-cdn1.ustream.tv/videopic/0/1/56/56683/56683384/1_4509151_56683384_320x240_b_1:2.jpg','2014-12-20 02:07:14','2015-06-28 07:14:34','2017-11-17 01:45:05',203037),('56687806','Goose house UST HOY2','http://www.ustream.tv/recorded/56687806','http://static-cdn1.ustream.tv/videopic/0/1/56/56687/56687806/1_4509151_56687806_320x240_b_1:3.jpg','2014-12-20 05:07:49','2015-06-28 07:14:34','2017-11-17 05:45:05',147429),('58273556','Goose house UST LIVE #46','http://www.ustream.tv/recorded/58273556','http://static-cdn1.ustream.tv/videopic/0/1/58/58273/58273556/1_4509151_58273556_320x240_b_1:2.jpg','2015-01-31 03:07:56','2015-06-28 07:14:34','2017-11-17 08:45:05',182628),('59355651','Goose house UST LIVE #47','http://www.ustream.tv/recorded/59355651','http://static-cdn2.ustream.tv/videopic/0/1/59/59355/59355651/1_4509151_59355651_320x240_b_1:3.jpg','2015-02-28 03:05:27','2015-06-28 07:14:34','2017-11-17 08:45:05',195520),('60451621','Goose house ust live #48','http://www.ustream.tv/recorded/60451621','http://static-cdn2.ustream.tv/videopic/0/1/60/60451/60451621/1_4509151_60451621_320x240_b_1:3.jpg','2015-03-28 04:10:54','2015-06-28 07:14:34','2017-11-17 08:45:05',172426),('61239113','Goosehouse Ust live #49','http://www.ustream.tv/recorded/61239113','http://static-cdn2.ustream.tv/videopic/0/1/61/61239/61239113/1_4509151_61239113_320x240_b_1:2.jpg','2015-04-18 01:56:07','2015-06-28 07:14:34','2017-11-16 08:45:05',146042),('62588297','Goosehouse UST LIVE #50','http://www.ustream.tv/recorded/62588297','http://static-cdn2.ustream.tv/videopic/0/1/62/62588/62588297/1_4509151_62588297_320x240_b_1:3.jpg','2015-05-23 04:13:09','2015-07-01 12:37:52','2017-11-17 08:45:05',164106),('65130840','Goose house UST LIVE #51','http://www.ustream.tv/recorded/65130840','http://static-cdn1.ustream.tv/videopic/0/1/65/65130/65130840/1_4509151_65130840_320x240_b_1:2.jpg','2015-06-27 04:21:21','2015-06-28 07:14:34','2017-11-17 08:45:05',108756),('67942657','Goose house UST LIVE #52','http://www.ustream.tv/recorded/67942657','http://static-cdn2.ustream.tv/videopic/0/1/67/67942/67942657/1_4509151_67942657_320x240_b_1:3.jpg','2015-07-18 04:12:20','2015-07-25 09:44:19','2017-11-17 04:45:06',136788),('71919857','Goose house UST LIVE #53','http://www.ustream.tv/recorded/71919857','http://static-cdn2.ustream.tv/videopic/0/1/71/71919/71919857/1_4509151_71919857_320x240_b_1:2.jpg','2015-08-29 04:09:25','2015-09-12 07:30:33','2017-11-16 14:45:05',94402),('73083536','Goosehouse','http://www.ustream.tv/recorded/73083536','http://static-cdn1.ustream.tv/videopic/0/1/73/73083/73083536/1_4509151_73083536_320x240_b_1:4.jpg','2015-09-12 04:10:02','2015-09-12 13:54:40','2017-11-16 06:45:05',34479),('73085139','Goose house UST LIVE #54-2','http://www.ustream.tv/recorded/73085139','http://static-cdn2.ustream.tv/videopic/0/1/73/73085/73085139/1_4509151_73085139_320x240_b_1:2.jpg','2015-09-12 04:40:31','2015-09-12 13:54:40','2017-11-17 07:45:05',105690),('76692236','Goose house UST LIVE #55','http://www.ustream.tv/recorded/76692236','http://static-cdn1.ustream.tv/videopic/0/1/76/76692/76692236/1_4509151_76692236_320x240_b_1:3.jpg','2015-10-31 04:12:36','2015-11-02 12:48:08','2017-11-17 11:45:05',84295),('7761148','playyouhouse0619 #001','http://www.ustream.tv/recorded/7761148','http://static-cdn1.ustream.tv/videopic/0/1/7/7761/7761148/1_4509151_7761148_320x240_b_1:2.jpg','2010-06-19 02:30:00','2015-06-28 07:14:33','2016-07-02 03:45:05',41087),('78662682','Goose house UST LIVE #56','http://www.ustream.tv/recorded/78662682','http://static-cdn1.ustream.tv/videopic/0/1/78/78662/78662682/1_4509151_78662682_320x240_b_1:2.jpg','2015-11-28 03:12:17','2015-11-29 06:21:39','2017-11-17 08:45:05',72517),('7907718','playyouhouse0626 #002','http://www.ustream.tv/recorded/7907718','http://static-cdn1.ustream.tv/videopic/0/1/7/7907/7907718/1_4509151_7907718_320x240_b_1:2.jpg','2010-06-26 03:31:48','2015-06-28 07:14:33','2016-07-01 12:45:05',24097),('80460063','Goose house 2015 HOY1','http://www.ustream.tv/recorded/80460063','http://static-cdn2.ustream.tv/videopic/0/1/80/80460/80460063/1_4509151_80460063_320x240_b_1:3.jpg','2015-12-26 02:07:24','2015-12-27 09:17:44','2017-11-16 06:45:05',85599),('80467350','Goose house 2015 HOY2','http://www.ustream.tv/recorded/80467350','http://static-cdn1.ustream.tv/videopic/0/1/80/80467/80467350/1_4509151_80467350_320x240_b_1:2.jpg','2015-12-26 05:08:00','2015-12-27 09:17:44','2017-11-15 15:45:06',74775),('8047176','playyouhouse0703 #003(old)','http://www.ustream.tv/recorded/8047176','http://static-cdn1.ustream.tv/videopic/0/1/8/8047/8047176/1_4509151_8047176_320x240_b_1:2.jpg','2010-07-03 03:30:47','2015-06-28 07:14:33','2016-07-01 12:45:05',16111),('8146089','playyouhouse0703 #003','http://www.ustream.tv/recorded/8146089','http://static-cdn2.ustream.tv/videopic/0/1/8/8146/8146089/1_4509151_8146089_320x240_b_1:2.jpg','2010-07-08 03:31:51','2015-06-28 07:14:33','2016-07-01 12:45:05',19599),('8331022','playyouhouse0717 #005','http://www.ustream.tv/recorded/8331022','http://static-cdn1.ustream.tv/videopic/0/1/8/8331/8331022/1_4509151_8331022_320x240_b_1:2.jpg','2010-07-17 03:32:53','2015-06-28 07:14:33','2016-07-01 13:45:05',23649),('83809890','Goose house UST LIVE #58','http://www.ustream.tv/recorded/83809890','http://static-cdn1.ustream.tv/videopic/0/1/83/83809/83809890/1_4509151_83809890_320x240_b_1:3.jpg','2016-02-27 03:12:10','2016-02-28 09:11:11','2017-11-16 22:45:07',82233),('8478340','playyouhouse0724 #006','http://www.ustream.tv/recorded/8478340','http://static-cdn1.ustream.tv/videopic/0/1/8/8478/8478340/1_4509151_8478340_320x240_b_1:2.jpg','2010-07-24 03:36:13','2015-06-28 07:14:33','2016-07-01 20:45:06',25581),('84909661','Goose house UST LIVE #59','http://www.ustream.tv/recorded/84909661','http://static-cdn2.ustream.tv/videopic/0/1/84/84909/84909661/1_4509151_84909661_320x240_b_1:2.jpg','2016-03-26 04:07:31','2016-04-18 11:42:22','2017-11-17 05:45:05',78194),('85967694','Goose house UST LIVE #60','http://www.ustream.tv/recorded/85967694','http://static-cdn1.ustream.tv/videopic/0/1/85/85967/85967694/1_4509151_85967694_320x240_b_1:3.jpg','2016-04-23 04:08:04','2016-04-24 05:52:56','2017-11-16 14:45:05',85936),('8628820','playyouhouse0731 #007','http://www.ustream.tv/recorded/8628820','http://static-cdn1.ustream.tv/videopic/0/1/8/8628/8628820/1_4509151_8628820_320x240_b_1:2.jpg','2010-07-31 03:29:39','2015-06-28 07:14:33','2016-07-01 12:45:05',15706),('87465596','Goose house UST LIVE #61-1','http://www.ustream.tv/recorded/87465596','http://static-cdn1.ustream.tv/videopic/0/1/87/87465/87465596/1_4509151_87465596_320x240_b_1:2.jpg','2016-05-28 03:57:12','2016-06-18 05:57:46','2017-11-15 11:45:04',45030),('87467768','Goose house UST LIVE #61-2','http://www.ustream.tv/recorded/87467768','http://static-cdn1.ustream.tv/videopic/0/1/87/87467/87467768/1_4509151_87467768_320x240_b_1:3.jpg','2016-05-28 05:16:53','2016-06-18 05:57:46','2017-11-14 15:45:05',16935),('87467908','Goose house UST LIVE #61-3','http://www.ustream.tv/recorded/87467908','http://static-cdn1.ustream.tv/videopic/0/1/87/87467/87467908/1_4509151_87467908_320x240_b_1:3.jpg','2016-05-28 05:23:31','2016-06-18 05:57:46','2017-11-16 15:45:05',31997),('87468647','Goose house UST LIVE #61-4','http://www.ustream.tv/recorded/87468647','http://static-cdn2.ustream.tv/videopic/0/1/87/87468/87468647/1_4509151_87468647_320x240_b_1:2.jpg','2016-05-28 05:54:46','2016-06-18 05:57:46','2017-11-15 14:45:05',17044),('87468875','Goose house UST LIVE #61-5','http://www.ustream.tv/recorded/87468875','http://static-cdn2.ustream.tv/videopic/0/1/87/87468/87468875/1_4509151_87468875_320x240_b_1:2.jpg','2016-05-28 06:02:47','2016-06-18 05:57:46','2017-11-15 14:45:05',71792),('8772569','playyouhouse0807 #008','http://www.ustream.tv/recorded/8772569','http://static-cdn2.ustream.tv/videopic/0/1/8/8772/8772569/1_4509151_8772569_320x240_b_1:2.jpg','2010-08-07 03:30:31','2015-06-28 07:14:33','2016-07-01 12:45:05',17649),('88888564','Goose house UST #62','http://www.ustream.tv/recorded/88888564','https://ustvstaticcdn1-a.akamaihd.net/i/video/picture/0/1/88/88888/88888564/1_4509151_88888564,192x108,b,1:2.jpg','2016-06-27 16:38:25','2016-08-09 16:37:56','2017-11-16 14:45:05',72030),('8919226','playyouhouse0814 #009','http://www.ustream.tv/recorded/8919226','http://static-cdn1.ustream.tv/videopic/0/1/8/8919/8919226/1_4509151_8919226_320x240_b_1:2.jpg','2010-08-14 03:32:14','2015-06-28 07:14:33','2016-07-01 12:45:06',19190),('90113358','Goose house UST LIVE #63','http://www.ustream.tv/recorded/90113358','https://ustvstaticcdn1-a.akamaihd.net/i/video/picture/0/1/90/90113/90113358/1_4509151_90113358,192x108,b,1:3.jpg','2016-07-30 20:04:47','2016-08-09 16:37:56','2017-11-16 14:45:05',20296),('90113779','Goose house UST LIVE #63-2','http://www.ustream.tv/recorded/90113779','https://ustvstaticcdn2-a.akamaihd.net/i/video/picture/0/1/90/90113/90113779/1_4509151_90113779,192x108,b,1:3.jpg','2016-07-30 20:30:24','2016-08-09 16:37:56','2017-11-17 06:45:05',54051),('9059475','playyouhouse0821 #010(前半)','http://www.ustream.tv/recorded/9059475','http://static-cdn2.ustream.tv/videopic/0/1/9/9059/9059475/1_4509151_9059475_320x240_b_1:2.jpg','2010-08-21 02:18:21','2015-06-28 07:14:33','2016-07-02 01:45:06',24753),('9061460','playyouhouse0821 #010(後半)','http://www.ustream.tv/recorded/9061460','http://static-cdn1.ustream.tv/videopic/0/1/9/9061/9061460/1_4509151_9061460_320x240_b_1:2.jpg','2010-08-21 04:38:02','2015-06-28 07:14:33','2016-07-01 22:45:06',26917),('90644595','Goose house UST LIVE #64','http://www.ustream.tv/recorded/90644595','https://ustvstaticcdn2-a.akamaihd.net/i/video/picture/0/1/90/90644/90644595/1_4509151_90644595,192x108,b,1:2.jpg','2016-08-20 19:46:17','2016-08-20 15:24:38','2017-11-17 12:45:04',63764),('91417355','Goose house UST LIVE #65','http://www.ustream.tv/recorded/91417355','https://ustvstaticcdn2-a.akamaihd.net/i/video/picture/0/1/91/91417/91417355/1_4509151_91417355,192x108,b,1:2.jpg','2016-09-17 19:36:53','2016-09-19 01:41:51','2017-11-17 12:45:04',63201),('92517041','Goose house UST LIVE #66','http://www.ustream.tv/recorded/92517041','https://ustvstaticcdn2-a.akamaihd.net/i/video/picture/0/1/92/92517/92517041/1_4509151_92517041,192x108,b,1:1.jpg','2016-10-29 19:48:37','2016-11-24 10:28:08','2017-11-17 12:45:04',62537),('92922603','Goose house UST LIVE #67','http://www.ustream.tv/recorded/92922603','https://ustvstaticcdn2-a.akamaihd.net/i/video/picture/0/1/92/92922/92922603/1_4509151_92922603,192x108,b,1:1.jpg','2016-11-26 19:38:59','2016-11-29 13:05:55','2017-11-17 03:45:05',61186),('98294040','Goose house HOY 2016','http://www.ustream.tv/recorded/98294040','https://ustvstaticcdn1-a.akamaihd.net/i/video/picture/0/1/98/98294/98294040/1_4509151_98294040,192x108,b,1:1.jpg','2016-12-24 18:38:39','2016-12-24 16:04:24','2017-11-17 11:45:05',84682),('99433441','Goose house UST LIVE #68','http://www.ustream.tv/recorded/99433441','https://ustvstaticcdn2-a.akamaihd.net/i/video/picture/0/1/99/99433/99433441/1_4509151_99433441,192x108,b,1:1.jpg','2017-01-29 19:57:14','2017-01-30 11:12:32','2017-11-17 12:45:04',54010),('9950624','playyouhouse 2nd 1002 #001','http://www.ustream.tv/recorded/9950624','http://static-cdn1.ustream.tv/videopic/0/1/9/9950/9950624/1_4509151_9950624_320x240_b_1:2.jpg','2010-10-02 04:01:50','2015-06-28 07:14:33','2016-07-01 17:45:06',31913),('9998537','playyouhouse0710 #004','http://www.ustream.tv/recorded/9998537','http://static-cdn2.ustream.tv/videopic/0/1/9/9998/9998537/1_4509151_9998537_320x240_b_1:2.jpg','2010-10-04 09:28:42','2015-06-28 07:14:33','2016-07-01 17:45:06',20141);
/*!40000 ALTER TABLE `ustreams` ENABLE KEYS */;
UNLOCK TABLES;

--
-- Table structure for table `youtube_channels`
--

DROP TABLE IF EXISTS `youtube_channels`;
/*!40101 SET @saved_cs_client     = @@character_set_client */;
/*!40101 SET character_set_client = utf8 */;
CREATE TABLE `youtube_channels` (
  `id` bigint(20) NOT NULL AUTO_INCREMENT,
  `youtube_channel_id` varchar(255) DEFAULT NULL,
  `name` varchar(255) DEFAULT NULL,
  `created_at` datetime NOT NULL,
  `updated_at` datetime NOT NULL,
  PRIMARY KEY (`id`),
  UNIQUE KEY `index_youtube_channels_on_name` (`name`),
  UNIQUE KEY `index_youtube_channels_on_youtube_channel_id` (`youtube_channel_id`)
) ENGINE=InnoDB AUTO_INCREMENT=3 DEFAULT CHARSET=utf8;
/*!40101 SET character_set_client = @saved_cs_client */;

--
-- Dumping data for table `youtube_channels`
--

LOCK TABLES `youtube_channels` WRITE;
/*!40000 ALTER TABLE `youtube_channels` DISABLE KEYS */;
INSERT INTO `youtube_channels` VALUES (1,'UCFDL0NuxUBAvvu1PnIwW2ww','playyouhousejp','2019-07-14 10:20:18','2019-07-14 10:20:18'),(2,'UCx66obAJ42B0XwHIm_iupkw','playgoose','2019-07-14 10:22:08','2019-07-14 10:22:08');
/*!40000 ALTER TABLE `youtube_channels` ENABLE KEYS */;
UNLOCK TABLES;

--
-- Table structure for table `youtubes`
--

DROP TABLE IF EXISTS `youtubes`;
/*!40101 SET @saved_cs_client     = @@character_set_client */;
/*!40101 SET character_set_client = utf8 */;
CREATE TABLE `youtubes` (
  `id` varchar(255) CHARACTER SET utf8 COLLATE utf8_unicode_ci NOT NULL,
  `title` varchar(255) CHARACTER SET utf8 COLLATE utf8_unicode_ci NOT NULL,
  `original_title` varchar(255) CHARACTER SET utf8 COLLATE utf8_unicode_ci NOT NULL,
  `url` varchar(255) CHARACTER SET utf8 COLLATE utf8_unicode_ci NOT NULL,
  `thumbnail` varchar(255) CHARACTER SET utf8 COLLATE utf8_unicode_ci NOT NULL,
  `published` datetime NOT NULL,
  `created_at` datetime DEFAULT NULL,
  `updated_at` datetime DEFAULT NULL,
  `amazon` varchar(255) CHARACTER SET utf8 COLLATE utf8_unicode_ci DEFAULT NULL,
  `view_counts` int(11) NOT NULL,
  `ustream_id` varchar(255) CHARACTER SET utf8 COLLATE utf8_unicode_ci DEFAULT NULL,
  `release_at` date DEFAULT NULL,
  `memo` text,
  `youtube_channel_id` varchar(255) DEFAULT NULL,
  `youtube_live_id` varchar(255) DEFAULT NULL,
  `youtube_live_flag` tinyint(1) NOT NULL DEFAULT '0',
  UNIQUE KEY `index_youtubes_on_id` (`id`),
  KEY `index_youtubes_on_youtube_channel_id` (`youtube_channel_id`)
) ENGINE=InnoDB DEFAULT CHARSET=utf8;
/*!40101 SET character_set_client = @saved_cs_client */;

--
-- Dumping data for table `youtubes`
--

LOCK TABLES `youtubes` WRITE;
/*!40000 ALTER TABLE `youtubes` DISABLE KEYS */;
INSERT INTO `youtubes` VALUES ('__ZMWE2oMI0','真夏のミッション／Goose house','真夏のミッション','https://www.youtube.com/watch?v=__ZMWE2oMI0','https://i.ytimg.com/vi/__ZMWE2oMI0/mqdefault.jpg','2016-07-25 10:20:07','2016-08-03 10:47:35','2020-04-15 09:05:57','https://www.amazon.co.jp/gp/product/B00D8BJW5W/ref=as_li_qf_sp_asin_il_tl?ie=UTF8&camp=247&creative=1211&creativeASIN=B00D8BJW5W&linkCode=as2&tag=maehachi-22',605994,'88888564','2013-07-31','','UCFDL0NuxUBAvvu1PnIwW2ww',NULL,0),('_5k_4Rkk6Do','Dreamland／BENNIE K（Cover）','Dreamland','http://www.youtube.com/watch?v=_5k_4Rkk6Do','http://i.ytimg.com/vi/_5k_4Rkk6Do/0.jpg','2013-08-02 10:27:57','2014-05-09 09:59:21','2020-04-15 09:05:26','http://www.amazon.co.jp/gp/product/B0008GJYYO/ref=as_li_qf_sp_asin_il_tl?ie=UTF8&camp=247&creative=1211&creativeASIN=B0008GJYYO&linkCode=as2&tag=maehachi-22',1009717,'36103009','2005-06-08','','UCFDL0NuxUBAvvu1PnIwW2ww',NULL,0),('_BVEt3xtYos','風になりたい／the boom（Cover）','風になりたい','http://www.youtube.com/watch?v=_BVEt3xtYos','http://i.ytimg.com/vi/_BVEt3xtYos/0.jpg','2010-07-07 06:20:02','2014-06-20 17:50:34','2019-07-14 11:16:56','http://www.amazon.co.jp/gp/product/B00CL5ABS8/ref=as_li_qf_sp_asin_il_tl?ie=UTF8&camp=247&creative=1211&creativeASIN=B00CL5ABS8&linkCode=as2&tag=maehachi-22',1829644,'8146089','1995-03-24','','UCFDL0NuxUBAvvu1PnIwW2ww',NULL,0),('_bzS83nl3oM','常套句／Mr.Children（Cover）','常套句','http://www.youtube.com/watch?v=_bzS83nl3oM','http://i.ytimg.com/vi/_bzS83nl3oM/0.jpg','2013-02-26 11:01:02','2014-05-09 09:59:21','2019-07-14 11:16:56','http://www.amazon.co.jp/gp/product/B009GMM2RC/ref=as_li_qf_sp_asin_il_tl?ie=UTF8&camp=247&creative=1211&creativeASIN=B009GMM2RC&linkCode=as2&tag=maehachi-22',857955,'29325660','2012-11-28','','UCFDL0NuxUBAvvu1PnIwW2ww',NULL,0),('_CddRkYpKtI','ポニーテールとシュシュ／AKB48（Cover）','ポニーテールとシュシュ','http://www.youtube.com/watch?v=_CddRkYpKtI','http://i.ytimg.com/vi/_CddRkYpKtI/0.jpg','2011-02-01 06:48:12','2014-05-09 09:59:23','2019-07-14 11:16:56','http://www.amazon.co.jp/gp/product/B004K5H20M/ref=as_li_qf_sp_asin_il_tl?ie=UTF8&camp=247&creative=1211&creativeASIN=B004K5H20M&linkCode=as2&tag=maehachi-22',2492710,'12320949','2010-05-26','','UCFDL0NuxUBAvvu1PnIwW2ww',NULL,0),('_d98KQ2DsiQ','KARATE／BABYMETAL（Cover）','KARATE','https://www.youtube.com/watch?v=_d98KQ2DsiQ','https://i.ytimg.com/vi/_d98KQ2DsiQ/mqdefault.jpg','2016-07-25 10:15:45','2016-08-03 10:47:35','2020-04-15 09:05:57','https://www.amazon.co.jp/gp/product/B019BS639I/ref=as_li_qf_sp_asin_il_tl?ie=UTF8&camp=247&creative=1211&creativeASIN=B019BS639I&linkCode=as2&tag=maehachi-22',584567,'88888564','2016-02-26','4月1日に発売された2ndアルバム『METAL RESISTANCE』からの先行シングル','UCFDL0NuxUBAvvu1PnIwW2ww',NULL,0),('_FkPM-_RrCI','潮騒のメモリー／天野春子（小泉今日子）Cover','潮騒のメモリー','http://www.youtube.com/watch?v=_FkPM-_RrCI','http://i.ytimg.com/vi/_FkPM-_RrCI/0.jpg','2013-08-31 11:37:36','2014-05-09 09:59:21','2020-04-15 09:05:26','http://www.amazon.co.jp/gp/product/B00CICW6L4/ref=as_li_qf_sp_asin_il_tl?ie=UTF8&camp=247&creative=1211&creativeASIN=B00CICW6L4&linkCode=as2&tag=maehachi-22',2784544,'37732285','2013-07-31','','UCFDL0NuxUBAvvu1PnIwW2ww',NULL,0),('_jRMfHiWhco','ハレルヤ／ワタナベシュウヘイ','ハレルヤ','https://www.youtube.com/watch?v=_jRMfHiWhco','https://i.ytimg.com/vi/_jRMfHiWhco/mqdefault.jpg','2016-06-22 11:05:59','2016-06-22 13:58:22','2020-04-15 09:05:57','https://www.amazon.co.jp/gp/product/B01G70EH3C/ref=as_li_qf_sp_asin_il_tl?ie=UTF8&camp=247&creative=1211&creativeASIN=B01G70EH3C&linkCode=as2&tag=maehachi-22',357108,'87467908','2016-07-06','','UCFDL0NuxUBAvvu1PnIwW2ww',NULL,0),('_JUOD8LPHLQ','Sing／Goosehouse','Sing','http://www.youtube.com/watch?v=_JUOD8LPHLQ','http://i.ytimg.com/vi/_JUOD8LPHLQ/0.jpg','2011-01-18 02:20:53','2014-05-09 09:59:23','2019-07-14 11:16:56','http://www.amazon.co.jp/gp/product/B00AO6LDN8/ref=as_li_qf_sp_asin_il_tl?ie=UTF8&camp=247&creative=1211&creativeASIN=B00AO6LDN8&linkCode=as2&tag=maehachi-22',50542,'12027283','2011-06-26','','UCFDL0NuxUBAvvu1PnIwW2ww',NULL,0),('_KiCtINRalc','人生一度／SOFFet（Cover）','人生一度','http://www.youtube.com/watch?v=_KiCtINRalc','http://i.ytimg.com/vi/_KiCtINRalc/0.jpg','2011-10-17 17:10:36','2014-05-09 09:59:22','2020-04-15 07:05:05','http://www.amazon.co.jp/gp/product/B001BXDHD2/ref=as_li_qf_sp_asin_il_tl?ie=UTF8&camp=247&creative=1211&creativeASIN=B001BXDHD2&linkCode=as2&tag=maehachi-22',260772,'17889327','2003-11-19','','UCFDL0NuxUBAvvu1PnIwW2ww',NULL,0),('_oi5EvPTzZQ','あの紙ヒコーキ くもり空わって／19（Cover）','あの紙ヒコーキ くもり空わって','https://www.youtube.com/watch?v=_oi5EvPTzZQ','https://i.ytimg.com/vi/_oi5EvPTzZQ/mqdefault.jpg','2016-06-22 11:09:51','2016-06-22 13:58:21','2020-04-15 09:05:57','http://www.amazon.co.jp/gp/product/B001E1TOVK/ref=as_li_qf_sp_asin_il_tl?ie=UTF8&camp=247&creative=1211&creativeASIN=B001E1TOVK&linkCode=as2&tag=maehachi-22',2448069,'87468875','1999-03-20','','UCFDL0NuxUBAvvu1PnIwW2ww',NULL,0),('_SPRn61EOMA','心の瞳／坂本九（Cover）','心の瞳','https://www.youtube.com/watch?v=_SPRn61EOMA','https://i.ytimg.com/vi/_SPRn61EOMA/mqdefault.jpg','2016-10-15 10:07:22','2016-10-15 10:11:51','2020-04-15 09:05:57','https://www.amazon.co.jp/gp/product/B0002FQMIC/ref=as_li_qf_sp_asin_il_tl?ie=UTF8&camp=247&creative=1211&creativeASIN=B0002FQMIC&linkCode=as2&tag=maehachi-22',2476737,'91417355','1985-05-22','','UCFDL0NuxUBAvvu1PnIwW2ww',NULL,0),('_su2Xx4iZ-Y','【∞MV】Count Up!  Full ver. ／Play.Goose  〜 Play.Goose 1st tour ∞ Answers Edition 〜','【∞MV】Count Up!  Full ver. ','https://www.youtube.com/watch?v=_su2Xx4iZ-Y','https://i.ytimg.com/vi/_su2Xx4iZ-Y/mqdefault.jpg','2019-11-08 12:00:09','2021-05-30 02:54:59','2021-06-06 00:37:49',NULL,51838,NULL,'2019-10-29',NULL,NULL,NULL,0),('_uJU-ZiRvrM','何もかも有り余っている こんな時代も／Goose house','何もかも有り余っている こんな時代も','https://www.youtube.com/watch?v=_uJU-ZiRvrM','https://i.ytimg.com/vi/_uJU-ZiRvrM/mqdefault.jpg','2018-08-27 11:51:25','2019-03-17 06:30:00','2020-04-15 09:06:15','https://www.amazon.co.jp/gp/product/B079ZSSHWH/ref=as_li_qf_asin_il_tl?ie=UTF8&tag=maehachi-22&creative=1211&linkCode=as2&creativeASIN=B079ZSSHWH&linkId=200606fb05965d04799ed77bec335769',663160,NULL,'2017-11-22',NULL,'UCFDL0NuxUBAvvu1PnIwW2ww',NULL,0),('_xQnNAEJTzU','世界は恋に落ちている／CHiCO with HoneyWorks（Cover）','世界は恋に落ちている','https://www.youtube.com/watch?v=_xQnNAEJTzU','https://i.ytimg.com/vi/_xQnNAEJTzU/mqdefault.jpg','2016-06-22 11:04:54','2016-06-22 13:58:22','2020-04-15 09:05:57','http://www.amazon.co.jp/gp/product/B00KY5GXO8/ref=as_li_qf_sp_asin_il_tl?ie=UTF8&camp=247&creative=1211&creativeASIN=B00KY5GXO8&linkCode=as2&tag=maehachi-22',2063784,'87465596','2014-08-06','テレビアニメ『アオハライド』のOPテーマ','UCFDL0NuxUBAvvu1PnIwW2ww',NULL,0),('_ZJtGAx7siw','カラス／湘南乃風 （Cover）','カラス','http://www.youtube.com/watch?v=_ZJtGAx7siw','http://i.ytimg.com/vi/_ZJtGAx7siw/0.jpg','2010-12-14 04:36:59','2014-05-09 09:59:23','2020-04-15 09:04:54','http://www.amazon.co.jp/gp/product/B004PYEE68/ref=as_li_qf_sp_asin_il_tl?ie=UTF8&camp=247&creative=1211&creativeASIN=B004PYEE68&linkCode=as2&tag=maehachi-22',887638,'11373188','2005-04-06','','UCFDL0NuxUBAvvu1PnIwW2ww',NULL,0),('-3xGyRiepe0','春一番 ／キャンディーズ（Cover）','春一番 ','http://www.youtube.com/watch?v=-3xGyRiepe0','http://i.ytimg.com/vi/-3xGyRiepe0/0.jpg','2015-05-05 06:52:47','2015-05-06 01:15:37','2019-09-03 11:06:42','http://www.amazon.co.jp/gp/product/B006W66RLW/ref=as_li_qf_sp_asin_il_tl?ie=UTF8&camp=247&creative=1211&creativeASIN=B006W66RLW&linkCode=as2&tag=maehachi-22',1716774,'61239113','1976-03-01','','UCFDL0NuxUBAvvu1PnIwW2ww',NULL,0),('-87Q50gqRFM','花束／back number（Cover）','花束','http://www.youtube.com/watch?v=-87Q50gqRFM','http://i.ytimg.com/vi/-87Q50gqRFM/0.jpg','2012-04-03 10:25:41','2014-05-09 09:59:22','2019-07-14 11:16:56','http://www.amazon.co.jp/gp/product/B005F7F45O/ref=as_li_qf_sp_asin_il_tl?ie=UTF8&camp=247&creative=1211&creativeASIN=B005F7F45O&linkCode=as2&tag=maehachi-22',4465275,'21488266','2011-06-22','','UCFDL0NuxUBAvvu1PnIwW2ww',NULL,0),('-aFHv3eLq8g','Hi-Five／Superfly（Cover）','Hi-Five','http://www.youtube.com/watch?v=-aFHv3eLq8g','http://i.ytimg.com/vi/-aFHv3eLq8g/0.jpg','2011-07-31 16:55:41','2014-05-09 09:59:22','2020-04-14 18:05:03','http://www.amazon.co.jp/gp/product/B0016KM524/ref=as_li_qf_sp_asin_il_tl?ie=UTF8&camp=247&creative=1211&creativeASIN=B0016KM524&linkCode=as2&tag=maehachi-22',600552,'16329822','2008-04-23','','UCFDL0NuxUBAvvu1PnIwW2ww',NULL,0),('-Ay0OakbX8U','ありあまる富 ／椎名林檎（Cover）','ありあまる富 ','http://www.youtube.com/watch?v=-Ay0OakbX8U','http://i.ytimg.com/vi/-Ay0OakbX8U/0.jpg','2010-08-17 04:54:20','2014-05-09 09:59:23','2019-07-14 11:16:56','http://www.amazon.co.jp/gp/product/B001VEH35O/ref=as_li_qf_sp_asin_il_tl?ie=UTF8&camp=247&creative=1211&creativeASIN=B001VEH35O&linkCode=as2&tag=maehachi-22',1282478,'8919226','2009-05-27','','UCFDL0NuxUBAvvu1PnIwW2ww',NULL,0),('-cxSzWc1nRw','春の涙を/Goose house（歌詞付き）','春の涙を','https://www.youtube.com/watch?v=-cxSzWc1nRw','https://i.ytimg.com/vi/-cxSzWc1nRw/mqdefault.jpg','2018-03-16 11:26:25','2019-03-17 06:30:00','2020-04-15 09:06:16',NULL,464664,NULL,NULL,NULL,'UCFDL0NuxUBAvvu1PnIwW2ww',NULL,0),('-ENWdLODjJs','いつかきっと／ナオト・インティライミ（Cover）','いつかきっと','https://www.youtube.com/watch?v=-ENWdLODjJs','https://i.ytimg.com/vi/-ENWdLODjJs/mqdefault.jpg','2015-07-14 11:20:46','2015-07-16 13:02:25','2020-04-15 09:05:47','http://www.amazon.co.jp/gp/product/B00TE8WITU/ref=as_li_qf_sp_asin_il_tl?ie=UTF8&camp=247&creative=1211&creativeASIN=B00TE8WITU&linkCode=as2&tag=maehachi-22',686126,'65130840','2015-04-08',NULL,'UCFDL0NuxUBAvvu1PnIwW2ww',NULL,0),('-G8uM2DKGME','色彩の ブルース／EGO WRAPPIN\' （Cover）','色彩の ブルース','http://www.youtube.com/watch?v=-G8uM2DKGME','http://i.ytimg.com/vi/-G8uM2DKGME/0.jpg','2010-07-28 09:51:27','2014-05-09 09:59:23','2019-07-14 11:16:56','http://www.amazon.co.jp/gp/product/B001ESHK5U/ref=as_li_qf_sp_asin_il_tl?ie=UTF8&camp=247&creative=1211&creativeASIN=B001ESHK5U&linkCode=as2&tag=maehachi-22',331551,'8478340','2001-11-28','','UCFDL0NuxUBAvvu1PnIwW2ww',NULL,0),('-lfWAylktfw','シュガーソングとビターステップ／UNISON SQUARE GARDEN（Cover）','シュガーソングとビターステップ','https://www.youtube.com/watch?v=-lfWAylktfw','https://i.ytimg.com/vi/-lfWAylktfw/mqdefault.jpg','2015-10-18 11:32:34','2015-10-20 11:24:04','2020-04-15 09:05:46','http://www.amazon.co.jp/gp/product/B00VWHJABA/ref=as_li_qf_sp_asin_il_tl?ie=UTF8&camp=247&creative=1211&creativeASIN=B00VWHJABA&linkCode=as2&tag=maehachi-22',7665239,'73085139','2015-05-20','','UCFDL0NuxUBAvvu1PnIwW2ww',NULL,0),('-qzh4sRe_3w','ありがとう／いきものがかり（Cover）','ありがとう','http://www.youtube.com/watch?v=-qzh4sRe_3w','http://i.ytimg.com/vi/-qzh4sRe_3w/0.jpg','2010-08-24 09:45:32','2014-05-09 09:59:23','2019-07-14 11:16:56','http://www.amazon.co.jp/gp/product/B0040IN3OI/ref=as_li_qf_sp_asin_il_tl?ie=UTF8&camp=247&creative=1211&creativeASIN=B0040IN3OI&linkCode=as2&tag=maehachi-22',156782,'9059475','2010-05-05','','UCFDL0NuxUBAvvu1PnIwW2ww',NULL,0),('-sJt3PhLPUE','【Play.Goose 1st tour「∞ Answers」+ ∞】 ダイジェスト','【Play.Goose 1st tour「∞ Answers」+ ∞】 ダイジェスト','https://www.youtube.com/watch?v=-sJt3PhLPUE','https://i.ytimg.com/vi/-sJt3PhLPUE/mqdefault.jpg','2021-05-26 11:32:41','2021-05-30 02:54:50','2021-05-30 02:54:50',NULL,150716,NULL,NULL,NULL,NULL,NULL,0),('-xUKsNrLOLQ','真夏の夜の夢／松任谷由実（Cover）','真夏の夜の夢','http://www.youtube.com/watch?v=-xUKsNrLOLQ','http://i.ytimg.com/vi/-xUKsNrLOLQ/0.jpg','2014-08-04 10:09:21','2014-08-05 15:30:05','2020-04-15 09:05:36','http://www.amazon.co.jp/gp/product/B0096KVMSY/ref=as_li_qf_sp_asin_il_tl?ie=UTF8&camp=247&creative=1211&creativeASIN=B0096KVMSY&linkCode=as2&tag=maehachi-22',1350616,'50262668','1993-07-26','','UCFDL0NuxUBAvvu1PnIwW2ww',NULL,0),('0-oZridYkGQ','感情のピクセル／岡崎体育（Cover）','感情のピクセル','https://www.youtube.com/watch?v=0-oZridYkGQ','https://i.ytimg.com/vi/0-oZridYkGQ/mqdefault.jpg','2018-04-17 10:06:35','2019-03-17 06:30:02','2020-04-15 09:06:16',NULL,352648,NULL,NULL,NULL,'UCFDL0NuxUBAvvu1PnIwW2ww',NULL,0),('045mtg6Nk6A','Catch The Moment ／LiSA（Cover）','Catch The Moment','https://www.youtube.com/watch?v=045mtg6Nk6A','https://i.ytimg.com/vi/045mtg6Nk6A/mqdefault.jpg','2018-03-18 11:16:56','2019-03-17 06:30:00','2020-04-15 09:06:16',NULL,2401121,NULL,NULL,NULL,'UCFDL0NuxUBAvvu1PnIwW2ww',NULL,0),('09VjcF_vp9o','Streaming live Play.Goose #March 2020 &quot; 海賊旗 &quot;(20200329)','Streaming live Play.Goose #March 2020 &quot; 海賊旗 &quot;(20200329)','https://www.youtube.com/watch?v=09VjcF_vp9o','https://i.ytimg.com/vi/09VjcF_vp9o/mqdefault.jpg','2020-04-03 11:06:56','2021-05-30 02:54:55','2021-06-18 10:18:39',NULL,61582,NULL,NULL,'1. PGニュースコーナー\n2. 馬と鹿／米津玄師\n3. 胸騒ぎナビゲーション／Goose house\n4. 海賊旗／Play.Goose',NULL,NULL,1),('0cHzwWzOs5A','ミュージック／サカナクション（Cover）','ミュージック','http://www.youtube.com/watch?v=0cHzwWzOs5A','http://i.ytimg.com/vi/0cHzwWzOs5A/0.jpg','2014-10-13 08:49:00','2014-10-29 11:19:58','2020-04-15 09:05:36','http://www.amazon.co.jp/gp/product/B00AB16EI0/ref=as_li_qf_sp_asin_il_tl?ie=UTF8&camp=247&creative=1211&creativeASIN=B00AB16EI0&linkCode=as2&tag=maehachi-22',2324123,'53213992','2013-01-23','','UCFDL0NuxUBAvvu1PnIwW2ww',NULL,0),('0iNlmysyP5A','バレンタイン・キッス／渡り廊下走り隊７／国生さゆり（Cover）','バレンタイン・キッス','http://www.youtube.com/watch?v=0iNlmysyP5A','http://i.ytimg.com/vi/0iNlmysyP5A/0.jpg','2011-02-15 02:35:02','2014-05-09 09:59:23','2019-07-14 11:16:56','http://www.amazon.co.jp/gp/product/B004BSH5XW/ref=as_li_qf_sp_asin_il_tl?ie=UTF8&camp=247&creative=1211&creativeASIN=B004BSH5XW&linkCode=as2&tag=maehachi-22',1183076,'12641553','1986-02-01','','UCFDL0NuxUBAvvu1PnIwW2ww',NULL,0),('0j8D0fZyiiQ','君が好きだと叫びたい／BAAD（Cover）','君が好きだと叫びたい','http://www.youtube.com/watch?v=0j8D0fZyiiQ','http://i.ytimg.com/vi/0j8D0fZyiiQ/0.jpg','2014-04-06 12:17:36','2014-05-09 09:59:21','2019-07-14 11:16:56','http://www.amazon.co.jp/gp/product/B00009YNS4/ref=as_li_qf_sp_asin_il_tl?ie=UTF8&camp=247&creative=1211&creativeASIN=B00009YNS4&linkCode=as2&tag=maehachi-22',1273170,'45506914','1993-12-01','','UCFDL0NuxUBAvvu1PnIwW2ww',NULL,0),('0Ji_xcV3zmI','マカロニ／Perfume（Cover）','マカロニ','http://www.youtube.com/watch?v=0Ji_xcV3zmI','http://i.ytimg.com/vi/0Ji_xcV3zmI/0.jpg','2011-05-16 18:25:17','2014-05-09 09:59:22','2019-07-14 11:16:56','http://www.amazon.co.jp/gp/product/B00132S3SK/ref=as_li_qf_sp_asin_il_tl?ie=UTF8&camp=247&creative=1211&creativeASIN=B00132S3SK&linkCode=as2&tag=maehachi-22',392425,'14693752','2008-01-16','','UCFDL0NuxUBAvvu1PnIwW2ww',NULL,0),('0LpfTphAfMI','winding road／絢香xコブクロ （Cover）','winding road','http://www.youtube.com/watch?v=0LpfTphAfMI','http://i.ytimg.com/vi/0LpfTphAfMI/0.jpg','2010-07-03 07:53:45','2014-05-09 09:59:24','2019-07-14 11:16:56','http://www.amazon.co.jp/gp/product/B000MNP2G2/ref=as_li_qf_sp_asin_il_tl?ie=UTF8&camp=247&creative=1211&creativeASIN=B000MNP2G2&linkCode=as2&tag=maehachi-22',2841041,'7761148','2007-02-28','','UCFDL0NuxUBAvvu1PnIwW2ww',NULL,0),('0lrDn2qmtpE','愛を伝えたいだとか／あいみょん（Cover）','愛を伝えたいだとか','https://www.youtube.com/watch?v=0lrDn2qmtpE','https://i.ytimg.com/vi/0lrDn2qmtpE/mqdefault.jpg','2018-03-23 10:53:01','2019-03-17 06:30:00','2020-04-15 09:06:16',NULL,2991336,NULL,NULL,NULL,'UCFDL0NuxUBAvvu1PnIwW2ww',NULL,0),('0mrm8OKOjCM','CRAZY FOR YOU／kylee（Cover）','CRAZY FOR YOU','http://www.youtube.com/watch?v=0mrm8OKOjCM','http://i.ytimg.com/vi/0mrm8OKOjCM/0.jpg','2011-10-17 15:41:35','2014-05-09 09:59:22','2020-04-15 09:05:05','http://www.amazon.co.jp/gp/product/B005E35KN0/ref=as_li_qf_sp_asin_il_tl?ie=UTF8&camp=247&creative=1211&creativeASIN=B005E35KN0&linkCode=as2&tag=maehachi-22',5279709,'17889327','2011-10-05','','UCFDL0NuxUBAvvu1PnIwW2ww',NULL,0),('0qA8zwYOl9o','My Way／Def Tech（Cover）','My Way','http://www.youtube.com/watch?v=0qA8zwYOl9o','http://i.ytimg.com/vi/0qA8zwYOl9o/0.jpg','2010-07-07 06:35:26','2014-05-09 09:59:24','2019-07-14 11:16:56','http://www.amazon.co.jp/gp/product/B0006ZJCA8/ref=as_li_qf_sp_asin_il_tl?ie=UTF8&camp=247&creative=1211&creativeASIN=B0006ZJCA8&linkCode=as2&tag=maehachi-22',4459162,'8146089','2005-01-22','','UCFDL0NuxUBAvvu1PnIwW2ww',NULL,0),('0S8GPdo5XbI','Boyfriend -partⅡ- ／Crystal Kay（Cover）','Boyfriend -partⅡ- ','http://www.youtube.com/watch?v=0S8GPdo5XbI','http://i.ytimg.com/vi/0S8GPdo5XbI/0.jpg','2010-11-30 07:31:45','2014-05-09 09:59:23','2020-04-15 07:04:55','http://www.amazon.co.jp/gp/product/B002EBDNCA/ref=as_li_qf_sp_asin_il_tl?ie=UTF8&camp=247&creative=1211&creativeASIN=B002EBDNCA&linkCode=as2&tag=maehachi-22',210626,'11115542','2003-01-22','','UCFDL0NuxUBAvvu1PnIwW2ww',NULL,0),('0SSlJymmLMc','手をたたけ／NICO Touches the Walls（Cover）','手をたたけ','http://www.youtube.com/watch?v=0SSlJymmLMc','http://i.ytimg.com/vi/0SSlJymmLMc/0.jpg','2011-09-13 13:49:47','2014-05-09 09:59:22','2020-04-15 09:05:05','http://www.amazon.co.jp/gp/product/B0056WFQAG/ref=as_li_qf_sp_asin_il_tl?ie=UTF8&camp=247&creative=1211&creativeASIN=B0056WFQAG&linkCode=as2&tag=maehachi-22',6662609,'17180971','2011-08-17','','UCFDL0NuxUBAvvu1PnIwW2ww',NULL,0),('0UkepPvSQUs','あなた／いきものがかり（Cover）','あなた','https://www.youtube.com/watch?v=0UkepPvSQUs','https://i.ytimg.com/vi/0UkepPvSQUs/mqdefault.jpg','2018-07-21 09:22:28','2019-03-17 06:30:01','2020-04-15 09:06:15','https://www.amazon.co.jp/gp/product/B0191BXYB0/ref=as_li_qf_asin_il_tl?ie=UTF8&tag=maehachi-22&creative=1211&linkCode=as2&creativeASIN=B0191BXYB0&linkId=6b36be1d57cd41175323858e85dd8998',599632,NULL,'2015-05-13',NULL,'UCFDL0NuxUBAvvu1PnIwW2ww',NULL,0),('14Zl8mWKUzk','汽車のうた（Original）／関取花＆齋藤ジョニー','汽車のうた','http://www.youtube.com/watch?v=14Zl8mWKUzk','http://i.ytimg.com/vi/14Zl8mWKUzk/0.jpg','2010-08-24 10:50:16','2014-05-09 09:59:23','2019-07-14 11:16:56','http://www.amazon.co.jp/gp/product/B009TQOELM/ref=as_li_qf_sp_asin_il_tl?ie=UTF8&camp=247&creative=1211&creativeASIN=B009TQOELM&linkCode=as2&tag=maehachi-22',173600,'9061460','2012-11-07','','UCFDL0NuxUBAvvu1PnIwW2ww',NULL,0),('16VVZB0bnnE','また会える日まで／ゆず（Cover）','また会える日まで','http://www.youtube.com/watch?v=16VVZB0bnnE','http://i.ytimg.com/vi/16VVZB0bnnE/0.jpg','2013-03-19 11:01:05','2014-05-09 09:59:21','2019-07-14 11:16:56','http://www.amazon.co.jp/gp/product/B0009AM7CA/ref=as_li_qf_sp_asin_il_tl?ie=UTF8&camp=247&creative=1211&creativeASIN=B0009AM7CA&linkCode=as2&tag=maehachi-22',819562,'29848622','2002-10-17','','UCFDL0NuxUBAvvu1PnIwW2ww',NULL,0),('19kj9kOncgQ','Streaming Live Play.Goose #3 (20190131)','Streaming Live Play.Goose #3 (20190131)','https://www.youtube.com/watch?v=19kj9kOncgQ','https://i.ytimg.com/vi/19kj9kOncgQ/mqdefault.jpg','2019-02-23 12:09:03','2019-07-13 14:42:09','2020-04-15 09:04:44',NULL,111664,NULL,NULL,NULL,'UCx66obAJ42B0XwHIm_iupkw',NULL,1),('1b-1LsKuroY','タッチ／岩崎良美（Cover）','タッチ','http://www.youtube.com/watch?v=1b-1LsKuroY','http://i.ytimg.com/vi/1b-1LsKuroY/0.jpg','2014-07-06 07:54:32','2014-07-06 10:43:33','2020-04-15 09:05:36','http://www.amazon.co.jp/gp/product/B0098HNQRA/ref=as_li_qf_sp_asin_il_tl?ie=UTF8&camp=247&creative=1211&creativeASIN=B0098HNQRA&linkCode=as2&tag=maehachi-22',4870405,'','1985-03-21',NULL,'UCFDL0NuxUBAvvu1PnIwW2ww',NULL,0),('1cilQLjjrYo','オトノナルホウヘ→ / Goose house (Play.Goose #2 ver. )','オトノナルホウヘ→ ','https://www.youtube.com/watch?v=1cilQLjjrYo','https://i.ytimg.com/vi/1cilQLjjrYo/mqdefault.jpg','2019-01-17 11:00:04','2019-07-13 14:42:09','2020-04-15 09:04:44',NULL,697299,NULL,'2014-02-19',NULL,'UCx66obAJ42B0XwHIm_iupkw','T_N8CR6PSrI',0),('1hx1GVFO9Cs','やわらかな夜／オレンジ・ペコー（Cover）','やわらかな夜','http://www.youtube.com/watch?v=1hx1GVFO9Cs','http://i.ytimg.com/vi/1hx1GVFO9Cs/0.jpg','2011-05-29 15:40:07','2014-05-09 09:59:22','2020-03-31 09:06:44','http://www.amazon.co.jp/gp/product/B000065B7C/ref=as_li_qf_sp_asin_il_tl?ie=UTF8&camp=247&creative=1211&creativeASIN=B000065B7C&linkCode=as2&tag=maehachi-22',165481,'','2002-02-27',NULL,'UCFDL0NuxUBAvvu1PnIwW2ww',NULL,0),('1l3d7C243mQ','Play You. House 2nd 10/09 07','Play You. House 2nd 10/09 07','http://www.youtube.com/watch?v=1l3d7C243mQ','http://i.ytimg.com/vi/1l3d7C243mQ/0.jpg','2010-10-14 08:18:51','2014-05-09 09:59:23','2020-04-15 07:04:55','http://www.amazon.co.jp/gp/product/B000069JSF/ref=as_li_qf_sp_asin_il_tl?ie=UTF8&camp=247&creative=1211&creativeASIN=B000069JSF&linkCode=as2&tag=maehachi-22',62267,'10090001','2002-08-07','WILL／中島美嘉（Cover）','UCFDL0NuxUBAvvu1PnIwW2ww',NULL,0),('1nSF-Xta3IM','Cha-La-Head-Cha-La／影山ヒロノブ（Cover）','Cha-La-Head-Cha-La','http://www.youtube.com/watch?v=1nSF-Xta3IM','http://i.ytimg.com/vi/1nSF-Xta3IM/0.jpg','2014-06-19 13:06:21','2014-06-20 17:50:33','2020-04-15 09:05:36','http://www.amazon.co.jp/gp/product/B0009V92DQ/ref=as_li_qf_sp_asin_il_tl?ie=UTF8&camp=247&creative=1211&creativeASIN=B0009V92DQ&linkCode=as2&tag=maehachi-22',2348928,'48244278','1989-05-01','','UCFDL0NuxUBAvvu1PnIwW2ww',NULL,0),('1OjpwEqsjNY','Goose house TV【KEI\'s SHOW】 スペシャルゲスト:竹澤汀','Goose house TV【KEI\'s SHOW】 スペシャルゲスト:竹澤汀','https://www.youtube.com/watch?v=1OjpwEqsjNY','https://i.ytimg.com/vi/1OjpwEqsjNY/mqdefault.jpg','2016-02-09 10:53:32','2016-02-19 10:59:26','2019-07-14 11:16:56','http://www.amazon.co.jp/gp/product/B01AAFYRBM/ref=as_li_qf_sp_asin_il_tl?ie=UTF8&camp=247&creative=1211&creativeASIN=B01AAFYRBM&linkCode=as2&tag=maehachi-22',468408,'','2016-02-17','','UCFDL0NuxUBAvvu1PnIwW2ww',NULL,0),('1pb1UvioXT8','サケベミライヘ→〜Karaoke ver. 〜／Play.Goose','サケベミライヘ→〜Karaoke ver. 〜','https://www.youtube.com/watch?v=1pb1UvioXT8','https://i.ytimg.com/vi/1pb1UvioXT8/mqdefault.jpg','2020-05-10 11:00:12','2021-05-30 02:54:55','2021-06-18 10:04:11',NULL,36048,NULL,'2019-10-29',NULL,NULL,NULL,0),('1UVodfF7aZI','家族になろうよ／福山雅治（Cover）','家族になろうよ','http://www.youtube.com/watch?v=1UVodfF7aZI','http://i.ytimg.com/vi/1UVodfF7aZI/0.jpg','2012-01-22 13:58:50','2014-05-09 09:59:22','2019-07-14 11:16:56','http://www.amazon.co.jp/gp/product/B005F15QNA/ref=as_li_qf_sp_asin_il_tl?ie=UTF8&camp=247&creative=1211&creativeASIN=B005F15QNA&linkCode=as2&tag=maehachi-22',731189,'19904672','2011-08-31','','UCFDL0NuxUBAvvu1PnIwW2ww',NULL,0),('1VobwuqSpuo','LIFE／キマグレン（Cover）','LIFE','https://www.youtube.com/watch?v=1VobwuqSpuo','https://i.ytimg.com/vi/1VobwuqSpuo/mqdefault.jpg','2010-12-14 04:48:58','2015-11-26 10:51:06','2020-04-15 09:04:54',NULL,1728067,NULL,NULL,NULL,'UCFDL0NuxUBAvvu1PnIwW2ww',NULL,0),('1xBjwzIF_e4','若者のすべて／フジファブリック（Cover）','若者のすべて','http://www.youtube.com/watch?v=1xBjwzIF_e4','http://i.ytimg.com/vi/1xBjwzIF_e4/0.jpg','2010-08-24 09:48:04','2014-05-09 09:59:23','2019-07-14 11:16:56','http://www.amazon.co.jp/gp/product/B000YY68HQ/ref=as_li_qf_sp_asin_il_tl?ie=UTF8&camp=247&creative=1211&creativeASIN=B000YY68HQ&linkCode=as2&tag=maehachi-22',375502,'9059475','2007-11-07','','UCFDL0NuxUBAvvu1PnIwW2ww',NULL,0),('2F1G2r59oZk','恋はヒラひらり／Goose house','恋はヒラひらり','http://www.youtube.com/watch?v=2F1G2r59oZk','http://i.ytimg.com/vi/2F1G2r59oZk/0.jpg','2014-05-03 11:37:45','2014-05-09 09:59:20','2020-04-15 09:05:36','http://www.amazon.co.jp/gp/product/B00GXEY1XE/ref=as_li_qf_sp_asin_il_tl?ie=UTF8&camp=247&creative=1211&creativeASIN=B00GXEY1XE&linkCode=as2&tag=maehachi-22',4844799,'46054780','2014-02-19','','UCFDL0NuxUBAvvu1PnIwW2ww',NULL,0),('2G3KsrvDPKQ','Sky／Goosehouse','Sky','http://www.youtube.com/watch?v=2G3KsrvDPKQ','http://i.ytimg.com/vi/2G3KsrvDPKQ/0.jpg','2013-01-30 10:56:03','2014-05-09 09:59:21','2019-07-14 11:16:56','http://www.amazon.co.jp/gp/product/B005TE156U/ref=as_li_qf_sp_asin_il_tl?ie=UTF8&camp=247&creative=1211&creativeASIN=B005TE156U&linkCode=as2&tag=maehachi-22',466608,'28627761','2011-11-13','','UCFDL0NuxUBAvvu1PnIwW2ww',NULL,0),('2HYQpbqAe6w','瞳をとじて／平井堅（Cover）','瞳をとじて','http://www.youtube.com/watch?v=2HYQpbqAe6w','http://i.ytimg.com/vi/2HYQpbqAe6w/0.jpg','2010-07-14 17:30:46','2014-05-09 09:59:24','2019-07-14 11:16:56','http://www.amazon.co.jp/gp/product/B000BHESSW/ref=as_li_qf_sp_asin_il_tl?ie=UTF8&camp=247&creative=1211&creativeASIN=B000BHESSW&linkCode=as2&tag=maehachi-22',709377,'9998537','2004-04-28','','UCFDL0NuxUBAvvu1PnIwW2ww',NULL,0),('2kXM9ZDe0PE','10.24リリース Goosehouse #04 Beautiful Life  『サンタクロース』','10.24リリース','http://www.youtube.com/watch?v=2kXM9ZDe0PE','http://i.ytimg.com/vi/2kXM9ZDe0PE/0.jpg','2012-09-22 12:56:13','2014-05-09 09:59:22','2020-04-15 08:05:15','http://www.amazon.co.jp/gp/product/B00979RKKI/ref=as_li_qf_sp_asin_il_tl?ie=UTF8&camp=247&creative=1211&creativeASIN=B00979RKKI&linkCode=as2&tag=maehachi-22',83498,'','2012-10-24',NULL,'UCFDL0NuxUBAvvu1PnIwW2ww',NULL,0),('2mXPSsoew9k','バーチャル#9／Goosehouse（original）','バーチャル#9','http://www.youtube.com/watch?v=2mXPSsoew9k','http://i.ytimg.com/vi/2mXPSsoew9k/0.jpg','2011-09-13 16:32:12','2014-05-09 09:59:22','2020-04-15 08:05:04','http://www.amazon.co.jp/gp/product/B00AO6LDN8/ref=as_li_qf_sp_asin_il_tl?ie=UTF8&camp=247&creative=1211&creativeASIN=B00AO6LDN8&linkCode=as2&tag=maehachi-22',523695,'17180971','2011-06-26','','UCFDL0NuxUBAvvu1PnIwW2ww',NULL,0),('2nx81srj44c','たとえば君が死んだら／Goose house','たとえば君が死んだら','http://www.youtube.com/watch?v=2nx81srj44c','http://i.ytimg.com/vi/2nx81srj44c/0.jpg','2013-01-30 10:57:24','2014-05-09 09:59:21','2019-07-14 11:16:56','http://www.amazon.co.jp/gp/product/B00979RKKI/ref=as_li_qf_sp_asin_il_tl?ie=UTF8&camp=247&creative=1211&creativeASIN=B00979RKKI&linkCode=as2&tag=maehachi-22',445966,'28627761','2012-10-24','','UCFDL0NuxUBAvvu1PnIwW2ww',NULL,0),('2sgCzV51tj0','運命のヒト／EXILE（Cover）','運命のヒト','http://www.youtube.com/watch?v=2sgCzV51tj0','http://i.ytimg.com/vi/2sgCzV51tj0/0.jpg','2010-11-30 07:19:48','2014-05-09 09:59:23','2020-04-15 09:04:54','http://www.amazon.co.jp/gp/product/B0002SNEGW/ref=as_li_qf_sp_asin_il_tl?ie=UTF8&camp=247&creative=1211&creativeASIN=B0002SNEGW&linkCode=as2&tag=maehachi-22',368170,'11115542','2004-05-12','','UCFDL0NuxUBAvvu1PnIwW2ww',NULL,0),('2Sx4Kwowr7U','Play You. House 08/21 16','Play You. House 08/21 16','http://www.youtube.com/watch?v=2Sx4Kwowr7U','http://i.ytimg.com/vi/2Sx4Kwowr7U/0.jpg','2010-08-24 11:36:45','2014-05-09 09:59:23','2019-07-14 11:16:56','http://www.amazon.co.jp/gp/product/B004YY5ACQ/ref=as_li_qf_sp_asin_il_tl?ie=UTF8&camp=247&creative=1211&creativeASIN=B004YY5ACQ&linkCode=as2&tag=maehachi-22',123712,'9061460','2010-02-03','かりゆし58／オワリはじまり（Cover）','UCFDL0NuxUBAvvu1PnIwW2ww',NULL,0),('2vTBWJQm4hI','Goose house テスト生配信 → ツアー会議','Goose house テスト生配信 → ツアー会議','https://www.youtube.com/watch?v=2vTBWJQm4hI','https://i.ytimg.com/vi/2vTBWJQm4hI/mqdefault.jpg','2016-12-01 12:30:21','2016-12-15 14:25:02','2020-04-15 09:05:56',NULL,333081,NULL,NULL,NULL,'UCFDL0NuxUBAvvu1PnIwW2ww',NULL,1),('368MlsCI25M','笑ってサヨナラ／フジファブリック（Cover）','笑ってサヨナラ','http://www.youtube.com/watch?v=368MlsCI25M','http://i.ytimg.com/vi/368MlsCI25M/0.jpg','2010-11-30 07:40:39','2014-05-09 09:59:23','2020-04-15 09:04:54','http://www.amazon.co.jp/gp/product/B00009PNC0/ref=as_li_qf_sp_asin_il_tl?ie=UTF8&camp=247&creative=1211&creativeASIN=B00009PNC0&linkCode=as2&tag=maehachi-22',183647,'11115542','2003-06-21','','UCFDL0NuxUBAvvu1PnIwW2ww',NULL,0),('39C5IQKCAHs','カリフォルニー／ケツメイシ（Cover）','カリフォルニー','http://www.youtube.com/watch?v=39C5IQKCAHs','http://i.ytimg.com/vi/39C5IQKCAHs/0.jpg','2014-09-20 11:47:21','2014-10-29 11:19:58','2020-04-15 09:05:36','http://www.amazon.co.jp/gp/product/B00I00NKFE/ref=as_li_qf_sp_asin_il_tl?ie=UTF8&camp=247&creative=1211&creativeASIN=B00I00NKFE&linkCode=as2&tag=maehachi-22',538033,'52063067','2014-03-12','','UCFDL0NuxUBAvvu1PnIwW2ww',NULL,0),('3kkvNitQOwU','Rehearsal #05 風に吹かれても','風に吹かれても','https://www.youtube.com/watch?v=3kkvNitQOwU','https://i.ytimg.com/vi/3kkvNitQOwU/mqdefault.jpg','2017-11-12 06:37:49','2017-11-17 12:14:54','2020-04-15 09:06:07','https://www.amazon.co.jp/gp/product/B075N3D5ZM/ref=as_li_qf_sp_asin_il_tl?ie=UTF8&tag=maehachi-22&camp=247&creative=1211&linkCode=as2&creativeASIN=B075N3D5ZM&linkId=248869ea4a17a172566fe50d02b53cfb',280394,'109889306','2017-10-25','STRIPE International「mechacari」のCMソング','UCFDL0NuxUBAvvu1PnIwW2ww',NULL,0),('3lr2CG1_qFo','365日の紙飛行機／AKB48（Cover）','365日の紙飛行機','https://www.youtube.com/watch?v=3lr2CG1_qFo','https://i.ytimg.com/vi/3lr2CG1_qFo/mqdefault.jpg','2016-01-31 09:32:23','2016-02-01 14:30:59','2019-07-14 11:16:56','http://www.amazon.co.jp/gp/product/B015SGHW0G/ref=as_li_qf_sp_asin_il_tl?ie=UTF8&camp=247&creative=1211&creativeASIN=B015SGHW0G&linkCode=as2&tag=maehachi-22',2809956,'','2015-12-09','NHK連続テレビ小説『あさが来た』主題歌','UCFDL0NuxUBAvvu1PnIwW2ww',NULL,0),('3MEPz665D1E','JUST FRIENDS／Original','JUST FRIENDS','http://www.youtube.com/watch?v=3MEPz665D1E','http://i.ytimg.com/vi/3MEPz665D1E/0.jpg','2011-04-21 17:16:16','2014-05-09 09:59:22','2019-07-14 11:16:56','http://www.amazon.co.jp/gp/product/B00AO6LDN8/ref=as_li_qf_sp_asin_il_tl?ie=UTF8&camp=247&creative=1211&creativeASIN=B00AO6LDN8&linkCode=as2&tag=maehachi-22',312289,'','2011-06-26',NULL,'UCFDL0NuxUBAvvu1PnIwW2ww',NULL,0),('3Ppe8Xhl8qA','orion／米津玄師（Cover）','orion','https://www.youtube.com/watch?v=3Ppe8Xhl8qA','https://i.ytimg.com/vi/3Ppe8Xhl8qA/mqdefault.jpg','2017-05-16 10:06:11','2017-05-31 14:18:43','2019-09-01 12:07:00','https://www.amazon.co.jp/gp/product/B01N5D00P8/ref=as_li_qf_sp_asin_il_tl?ie=UTF8&tag=maehachi-22&camp=247&creative=1211&linkCode=as2&creativeASIN=B01N5D00P8&linkId=8218ddb984ab6fadc62f319420383bde',1835534,'102383704','2017-02-15','NHK総合アニメ『3月のライオン』エンディングテーマ','UCFDL0NuxUBAvvu1PnIwW2ww',NULL,0),('3Rsf_Tahgk4','NAO ／HY（Cover）','NAO ','http://www.youtube.com/watch?v=3Rsf_Tahgk4','http://i.ytimg.com/vi/3Rsf_Tahgk4/0.jpg','2010-11-30 08:27:51','2014-05-09 09:59:23','2020-04-15 09:04:54','http://www.amazon.co.jp/gp/product/B000EHQV5M/ref=as_li_qf_sp_asin_il_tl?ie=UTF8&camp=247&creative=1211&creativeASIN=B000EHQV5M&linkCode=as2&tag=maehachi-22',2882607,'11115542','2006-04-12','','UCFDL0NuxUBAvvu1PnIwW2ww',NULL,0),('3Rw3KiPgQ50','僕らだけの等身大／Goose house','僕らだけの等身大','https://www.youtube.com/watch?v=3Rw3KiPgQ50','https://i.ytimg.com/vi/3Rw3KiPgQ50/mqdefault.jpg','2017-01-30 09:16:11','2017-01-30 11:08:30','2019-07-14 11:16:56','https://www.amazon.co.jp/gp/product/B01N1S5ITF/ref=as_li_qf_sp_asin_il_tl?ie=UTF8&camp=247&creative=1211&creativeASIN=B01N1S5ITF&linkCode=as2&tag=maehachi-22',1317124,'99433441','2017-01-06','','UCFDL0NuxUBAvvu1PnIwW2ww',NULL,0),('3si0q0M-PIQ','Goosehouse USTREAM live','Goosehouse USTREAM live','http://www.youtube.com/watch?v=3si0q0M-PIQ','http://i.ytimg.com/vi/3si0q0M-PIQ/0.jpg','2011-04-25 14:31:12','2014-05-09 09:59:22','2019-07-14 11:16:56','',152191,'',NULL,NULL,'UCFDL0NuxUBAvvu1PnIwW2ww',NULL,0),('3SIaFsalSls','Squall ／福山雅治（Cover）','Squall','https://www.youtube.com/watch?v=3SIaFsalSls','https://i.ytimg.com/vi/3SIaFsalSls/mqdefault.jpg','2017-07-14 11:14:36','2017-07-23 12:24:23','2020-04-15 09:06:07','',259668,'104856250','1999-11-17','松本英子へ提供した「Squall」のセルフカバー','UCFDL0NuxUBAvvu1PnIwW2ww',NULL,0),('3Tqtpw7C4r8','Rain／秦基博（Cover）','Rain','https://www.youtube.com/watch?v=3Tqtpw7C4r8','https://i.ytimg.com/vi/3Tqtpw7C4r8/mqdefault.jpg','2016-12-15 10:40:01','2016-12-15 14:25:02','2020-04-15 09:05:56','https://www.amazon.co.jp/gp/product/B00C0YPIHY/ref=as_li_qf_sp_asin_il_tl?ie=UTF8&camp=247&creative=1211&creativeASIN=B00C0YPIHY&linkCode=as2&tag=maehachi-22',1830340,'92922603','2013-05-29','東宝系アニメーション映画『言の葉の庭』エンディングテーマ','UCFDL0NuxUBAvvu1PnIwW2ww',NULL,0),('3trYIk73p0k','top of the world／カーペンターズ（Cover）','top of the world','http://www.youtube.com/watch?v=3trYIk73p0k','http://i.ytimg.com/vi/3trYIk73p0k/0.jpg','2010-08-17 04:35:47','2014-05-09 09:59:23','2019-07-14 11:16:56','http://www.amazon.co.jp/gp/product/B00BHJPZWG/ref=as_li_qf_sp_asin_il_tl?ie=UTF8&camp=247&creative=1211&creativeASIN=B00BHJPZWG&linkCode=as2&tag=maehachi-22',2825677,'8919226','1973-09-17','','UCFDL0NuxUBAvvu1PnIwW2ww',NULL,0),('3V3X9alrXTE','サラウンド／クラムボン（Cover）','サラウンド','http://www.youtube.com/watch?v=3V3X9alrXTE','http://i.ytimg.com/vi/3V3X9alrXTE/0.jpg','2011-09-13 16:03:18','2014-05-09 09:59:22','2020-04-15 09:05:05','http://www.amazon.co.jp/gp/product/B00005NOAU/ref=as_li_qf_sp_asin_il_tl?ie=UTF8&camp=247&creative=1211&creativeASIN=B00005NOAU&linkCode=as2&tag=maehachi-22',250443,'17180971','2001-05-23','','UCFDL0NuxUBAvvu1PnIwW2ww',NULL,0),('41-0qVxPSt0','木綿のハンカチーフ／太田裕美（Cover）','木綿のハンカチーフ','http://www.youtube.com/watch?v=41-0qVxPSt0','http://i.ytimg.com/vi/41-0qVxPSt0/0.jpg','2010-11-30 07:03:29','2014-05-09 09:59:23','2020-04-15 09:04:54','http://www.amazon.co.jp/gp/product/B000067JPD/ref=as_li_qf_sp_asin_il_tl?ie=UTF8&camp=247&creative=1211&creativeASIN=B000067JPD&linkCode=as2&tag=maehachi-22',1024735,'11115542','1975-12-21','','UCFDL0NuxUBAvvu1PnIwW2ww',NULL,0),('41S6liUvoq4','キラーチューン／東京事変（Cover）','キラーチューン','http://www.youtube.com/watch?v=41S6liUvoq4','http://i.ytimg.com/vi/41S6liUvoq4/0.jpg','2011-06-12 12:57:02','2014-05-09 09:59:22','2020-04-15 09:05:05','http://www.amazon.co.jp/gp/product/B000RY43SO/ref=as_li_qf_sp_asin_il_tl?ie=UTF8&camp=247&creative=1211&creativeASIN=B000RY43SO&linkCode=as2&tag=maehachi-22',815927,'15309614','2007-08-22','','UCFDL0NuxUBAvvu1PnIwW2ww',NULL,0),('42J0VKYB2u4','明日も／SHISHAMO（Cover）','明日も','https://www.youtube.com/watch?v=42J0VKYB2u4','https://i.ytimg.com/vi/42J0VKYB2u4/mqdefault.jpg','2018-09-09 08:58:16','2019-03-17 06:30:01','2020-04-15 09:06:15','https://www.amazon.co.jp/gp/product/B077D7XSM6/ref=as_li_qf_asin_il_tl?ie=UTF8&tag=maehachi-22&creative=1211&linkCode=as2&creativeASIN=B077D7XSM6&linkId=c1d6442de9020b8d68d9d6f3010e315c',1503695,NULL,'2017-02-22',NULL,'UCFDL0NuxUBAvvu1PnIwW2ww',NULL,0),('44oPxIjUtGc','Goosehouse LIVE 原宿クエストホール 告知②','Goosehouse LIVE 原宿クエストホール 告知②','http://www.youtube.com/watch?v=44oPxIjUtGc','http://i.ytimg.com/vi/44oPxIjUtGc/0.jpg','2011-06-07 18:38:50','2014-05-09 09:59:22','2020-04-15 08:05:05','',183190,'',NULL,NULL,'UCFDL0NuxUBAvvu1PnIwW2ww',NULL,0),('497mV85yhUM','My Brand New Eden／山田タマル＋PYHOUSE','My Brand New Eden','http://www.youtube.com/watch?v=497mV85yhUM','http://i.ytimg.com/vi/497mV85yhUM/0.jpg','2010-07-28 09:26:14','2014-05-09 09:59:23','2019-07-14 11:16:56','http://www.amazon.co.jp/gp/product/B000EQ4E52/ref=as_li_qf_sp_asin_il_tl?ie=UTF8&camp=247&creative=1211&creativeASIN=B000EQ4E52&linkCode=as2&tag=maehachi-22',44863,'8478340','2006-04-05','','UCFDL0NuxUBAvvu1PnIwW2ww',NULL,0),('4ckzJS0R3Zg','Play You. House 08/07 02','Play You. House 08/07 02','http://www.youtube.com/watch?v=4ckzJS0R3Zg','http://i.ytimg.com/vi/4ckzJS0R3Zg/0.jpg','2010-08-09 03:15:08','2014-05-09 09:59:23','2019-07-14 11:16:56','http://www.amazon.co.jp/gp/product/B000E6FT42/ref=as_li_qf_sp_asin_il_tl?ie=UTF8&camp=247&creative=1211&creativeASIN=B000E6FT42&linkCode=as2&tag=maehachi-22',339150,'8772569','2000-10-25','こいのうた／GO!GO!7188（Cover）','UCFDL0NuxUBAvvu1PnIwW2ww',NULL,0),('4Eyd42mCo4Y','いつか結婚しても／My Hair is Bad（Cover）','いつか結婚しても','https://www.youtube.com/watch?v=4Eyd42mCo4Y','https://i.ytimg.com/vi/4Eyd42mCo4Y/mqdefault.jpg','2018-04-20 12:40:07','2019-03-17 06:30:01','2020-04-15 09:06:16',NULL,779823,NULL,NULL,NULL,'UCFDL0NuxUBAvvu1PnIwW2ww',NULL,0),('4Gc3vF6FX_o','ヒロイン／back number（Cover）','ヒロイン','http://www.youtube.com/watch?v=4Gc3vF6FX_o','http://i.ytimg.com/vi/4Gc3vF6FX_o/0.jpg','2015-03-09 11:41:39','2015-03-09 14:43:13','2019-07-14 11:16:56','http://www.amazon.co.jp/gp/product/B00PHL2H1M/ref=as_li_qf_sp_asin_il_tl?ie=UTF8&camp=247&creative=1211&creativeASIN=B00PHL2H1M&linkCode=as2&tag=maehachi-22',3027761,'59355651','2015-01-21','','UCFDL0NuxUBAvvu1PnIwW2ww',NULL,0),('4GFLQcyVX4M','【Goose house】マナミ コメントムービー／収録曲「25時のシンデレラ」','【Goose house】マナミ コメントムービー','https://www.youtube.com/watch?v=4GFLQcyVX4M','https://i.ytimg.com/vi/4GFLQcyVX4M/mqdefault.jpg','2016-06-13 10:38:03','2016-06-18 05:30:18','2019-09-03 13:05:34','http://www.amazon.co.jp/gp/product/B01G70EH3C/ref=as_li_qf_sp_asin_il_tl?ie=UTF8&camp=247&creative=1211&creativeASIN=B01G70EH3C&linkCode=as2&tag=maehachi-22',212758,'','2016-07-06','','UCFDL0NuxUBAvvu1PnIwW2ww',NULL,0),('4GYmD7Ogusc','青いベンチ／サスケ（Cover）','青いベンチ','http://www.youtube.com/watch?v=4GYmD7Ogusc','http://i.ytimg.com/vi/4GYmD7Ogusc/0.jpg','2012-04-16 12:16:33','2014-05-09 09:59:22','2019-07-14 11:16:56','http://www.amazon.co.jp/gp/product/B0002V02I2/ref=as_li_qf_sp_asin_il_tl?ie=UTF8&camp=247&creative=1211&creativeASIN=B0002V02I2&linkCode=as2&tag=maehachi-22',4219563,'','2004-04-07',NULL,'UCFDL0NuxUBAvvu1PnIwW2ww',NULL,0),('4I9dHooPKxQ','10.24リリース Goosehouse #04 Beautiful Life  『CHANGE!!』','10.24リリース','http://www.youtube.com/watch?v=4I9dHooPKxQ','http://i.ytimg.com/vi/4I9dHooPKxQ/0.jpg','2012-09-22 12:55:34','2014-05-09 09:59:22','2020-04-14 07:05:14','http://www.amazon.co.jp/gp/product/B00979RKKI/ref=as_li_qf_sp_asin_il_tl?ie=UTF8&camp=247&creative=1211&creativeASIN=B00979RKKI&linkCode=as2&tag=maehachi-22',87338,'','2012-10-24',NULL,'UCFDL0NuxUBAvvu1PnIwW2ww',NULL,0),('4iUgg-bN3ig','長く短い祭り/椎名林檎（Cover）','長く短い祭り','https://www.youtube.com/watch?v=4iUgg-bN3ig','https://i.ytimg.com/vi/4iUgg-bN3ig/mqdefault.jpg','2015-10-18 11:34:46','2015-10-20 11:24:04','2020-04-15 09:05:46','http://www.amazon.co.jp/gp/product/B010EMTXW4/ref=as_li_qf_sp_asin_il_tl?ie=UTF8&camp=247&creative=1211&creativeASIN=B010EMTXW4&linkCode=as2&tag=maehachi-22',1176849,'73085139','2015-08-05','','UCFDL0NuxUBAvvu1PnIwW2ww',NULL,0),('4LkmEIdb4Oo','VOICE／Goosehouse（original）','VOICE','http://www.youtube.com/watch?v=4LkmEIdb4Oo','http://i.ytimg.com/vi/4LkmEIdb4Oo/0.jpg','2012-04-16 12:19:23','2014-05-09 09:59:22','2019-07-14 11:16:56','http://www.amazon.co.jp/gp/product/B007TGIIVG/ref=as_li_qf_sp_asin_il_tl?ie=UTF8&camp=247&creative=1211&creativeASIN=B007TGIIVG&linkCode=as2&tag=maehachi-22',922060,'','2011-06-26',NULL,'UCFDL0NuxUBAvvu1PnIwW2ww',NULL,0),('4NsQtYEQf4E','手紙/ back number（Cover）','手紙','https://www.youtube.com/watch?v=4NsQtYEQf4E','https://i.ytimg.com/vi/4NsQtYEQf4E/mqdefault.jpg','2015-10-18 11:33:19','2015-10-20 11:24:04','2020-04-15 09:05:46','http://www.amazon.co.jp/gp/product/B010PT8Y5I/ref=as_li_qf_sp_asin_il_tl?ie=UTF8&camp=247&creative=1211&creativeASIN=B010PT8Y5I&linkCode=as2&tag=maehachi-22',1293460,'73085139','2015-08-12','','UCFDL0NuxUBAvvu1PnIwW2ww',NULL,0),('4XOWE1G31aU','明日があるさ／坂本九（Cover）','明日があるさ','https://www.youtube.com/watch?v=4XOWE1G31aU','https://i.ytimg.com/vi/4XOWE1G31aU/mqdefault.jpg','2017-07-14 11:12:41','2017-07-23 12:24:23','2020-04-15 09:06:07','',5484294,'104856250','1963-12-01','','UCFDL0NuxUBAvvu1PnIwW2ww',NULL,0),('4XXIEK-XMZw','ＭＯＮＫＥＹ ＭＡＧＩＣ／ゴダイゴ（Cover）','ＭＯＮＫＥＹ ＭＡＧＩＣ','https://www.youtube.com/watch?v=4XXIEK-XMZw','https://i.ytimg.com/vi/4XXIEK-XMZw/mqdefault.jpg','2017-04-17 11:03:28','2017-04-29 04:01:09','2019-07-14 11:16:56','https://www.amazon.co.jp/gp/product/B0012IU25W/ref=as_li_qf_sp_asin_il_tl?ie=UTF8&tag=maehachi-22&camp=247&creative=1211&linkCode=as2&creativeASIN=B0012IU25W&linkId=fc030796040f432da5c4637148205c45',370874,'101374925','1978-12-25','日本テレビ系ドラマ『西遊記』『西遊記II』（西遊記シリーズ）のオープニング・テーマ','UCFDL0NuxUBAvvu1PnIwW2ww',NULL,0),('4yY19IoWodg','愛してるのに、愛せない／AAA（Cover）','愛してるのに、愛せない','https://www.youtube.com/watch?v=4yY19IoWodg','https://i.ytimg.com/vi/4yY19IoWodg/mqdefault.jpg','2016-03-20 08:54:16','2016-03-20 16:35:26','2019-07-14 11:16:56','http://www.amazon.co.jp/gp/product/B012DNP6U0/ref=as_li_qf_sp_asin_il_tl?ie=UTF8&camp=247&creative=1211&creativeASIN=B012DNP6U0&linkCode=as2&tag=maehachi-22',1024398,'83809890','2015-09-16','イトーヨーカドー『WARM STYLE』CMソング','UCFDL0NuxUBAvvu1PnIwW2ww',NULL,0),('50LD0HYpHGI','【Goose house】沙夜香 コメントムービー／収録曲「ひだまり」','【Goose house】沙夜香 コメントムービー','https://www.youtube.com/watch?v=50LD0HYpHGI','https://i.ytimg.com/vi/50LD0HYpHGI/mqdefault.jpg','2016-06-13 10:37:09','2016-06-18 05:30:18','2020-03-25 07:05:58','http://www.amazon.co.jp/gp/product/B01G70EH3C/ref=as_li_qf_sp_asin_il_tl?ie=UTF8&camp=247&creative=1211&creativeASIN=B01G70EH3C&linkCode=as2&tag=maehachi-22',121498,'','2016-07-06','','UCFDL0NuxUBAvvu1PnIwW2ww',NULL,0),('54_e4udZyJk','Goose houseのニット帽 新色発売！','Goose houseのニット帽 新色発売！','http://www.youtube.com/watch?v=54_e4udZyJk','http://i.ytimg.com/vi/54_e4udZyJk/0.jpg','2014-01-24 13:40:02','2014-05-09 09:59:21','2019-07-14 11:16:56','',630860,'',NULL,NULL,'UCFDL0NuxUBAvvu1PnIwW2ww',NULL,0),('56uwv-goo-E','ないものねだり／KANA-BOON（Cover）','ないものねだり','http://www.youtube.com/watch?v=56uwv-goo-E','http://i.ytimg.com/vi/56uwv-goo-E/0.jpg','2015-03-09 11:39:36','2015-03-09 14:43:13','2019-07-14 11:16:56','http://www.amazon.co.jp/gp/product/B00BXM9366/ref=as_li_qf_sp_asin_il_tl?ie=UTF8&camp=247&creative=1211&creativeASIN=B00BXM9366&linkCode=as2&tag=maehachi-22',4191310,'59355651','2015-05-13','','UCFDL0NuxUBAvvu1PnIwW2ww',NULL,0),('5bvpqpbIpMc','DREAM／清水翔太（Cover）','DREAM','https://www.youtube.com/watch?v=5bvpqpbIpMc','https://i.ytimg.com/vi/5bvpqpbIpMc/mqdefault.jpg','2018-06-15 10:10:38','2019-03-17 06:30:02','2020-04-15 09:06:15','https://www.amazon.co.jp/gp/product/B00H57IPY4/ref=as_li_qf_asin_il_tl?ie=UTF8&tag=maehachi-22&creative=1211&linkCode=as2&creativeASIN=B00H57IPY4&linkId=0804994c4aca5077e24074d6a1220bd5',396598,'100383207','2014-01-29','テレビ東京系テレビドラマ『なぞの転校生』エンディングテーマ','UCFDL0NuxUBAvvu1PnIwW2ww',NULL,0),('5DhZzJv-_eg','大切なもの／ロードオブメジャー（Cover）','大切なもの','https://www.youtube.com/watch?v=5DhZzJv-_eg','https://i.ytimg.com/vi/5DhZzJv-_eg/mqdefault.jpg','2017-04-17 11:03:59','2017-04-29 04:01:09','2019-07-14 11:16:56','https://www.amazon.co.jp/gp/product/B000MM0EBQ/ref=as_li_qf_sp_asin_il_tl?ie=UTF8&tag=maehachi-22&camp=247&creative=1211&linkCode=as2&creativeASIN=B000MM0EBQ&linkId=c8cbb816fea1ae98ee6966846df240ee',1410404,'101374925','2002-08-28','台湾版マツダ・Mazda3（アクセラ）CMソング','UCFDL0NuxUBAvvu1PnIwW2ww',NULL,0),('5JGgFjdhVSo','PM8:00 1/29 Sat 2011 Streaming Live!!!  PlayYou House','PM8:00 1/29 Sat 2011 Streaming Live!!!  PlayYou House','http://www.youtube.com/watch?v=5JGgFjdhVSo','http://i.ytimg.com/vi/5JGgFjdhVSo/0.jpg','2011-01-25 11:54:45','2014-05-09 09:59:23','2019-07-14 11:16:56','',28718,'',NULL,NULL,'UCFDL0NuxUBAvvu1PnIwW2ww',NULL,0),('5kfEOVCxikc','夏の終わりのハーモニー／井上陽水・安全地帯（Cover）','夏の終わりのハーモニー','http://www.youtube.com/watch?v=5kfEOVCxikc','http://i.ytimg.com/vi/5kfEOVCxikc/0.jpg','2013-11-04 08:57:00','2014-05-09 09:59:21','2020-04-15 09:05:25','http://www.amazon.co.jp/gp/product/B00002DDH8/ref=as_li_qf_sp_asin_il_tl?ie=UTF8&camp=247&creative=1211&creativeASIN=B00002DDH8&linkCode=as2&tag=maehachi-22',1417373,'39978673','1986-09-25','','UCFDL0NuxUBAvvu1PnIwW2ww',NULL,0),('5kTbT9m9LNo','ひまわり／遊助（Cover）','ひまわり','http://www.youtube.com/watch?v=5kTbT9m9LNo','http://i.ytimg.com/vi/5kTbT9m9LNo/0.jpg','2013-06-03 10:29:41','2014-05-09 09:59:21','2020-04-11 08:05:25','http://www.amazon.co.jp/gp/product/B001OC6Y8U/ref=as_li_qf_sp_asin_il_tl?ie=UTF8&camp=247&creative=1211&creativeASIN=B001OC6Y8U&linkCode=as2&tag=maehachi-22',1748454,'','2009-03-11',NULL,'UCFDL0NuxUBAvvu1PnIwW2ww',NULL,0),('5L587lit3GQ','CHANGE!! toward &quot;New Normal&quot; era. Play.Goose','CHANGE!! toward &quot;New Normal&quot; era. Play.Goose','https://www.youtube.com/watch?v=5L587lit3GQ','https://i.ytimg.com/vi/5L587lit3GQ/mqdefault.jpg','2020-06-28 13:11:16','2021-05-30 02:54:55','2021-06-18 10:02:44',NULL,45621,NULL,'2012-10-24',NULL,NULL,NULL,0),('5nnEVC5ZCR8','タッタ／ゆず（Cover）','タッタ','https://www.youtube.com/watch?v=5nnEVC5ZCR8','https://i.ytimg.com/vi/5nnEVC5ZCR8/mqdefault.jpg','2017-04-17 11:02:51','2017-04-29 04:01:09','2019-07-14 11:16:56','',599539,'101374925','2017-03-11','フジテレビ系バラエティ番組『めちゃ×2イケてるッ!』2017年テーマソング','UCFDL0NuxUBAvvu1PnIwW2ww',NULL,0),('5pZ8-SLtyzE','もしも運命の人がいるのなら／西野カナ（Cover）','もしも運命の人がいるのなら','https://www.youtube.com/watch?v=5pZ8-SLtyzE','https://i.ytimg.com/vi/5pZ8-SLtyzE/mqdefault.jpg','2015-09-07 11:24:00','2015-09-12 07:25:19','2020-04-15 09:05:46','http://www.amazon.co.jp/gp/product/B00VS5YZ98/ref=as_li_qf_sp_asin_il_tl?ie=UTF8&camp=247&creative=1211&creativeASIN=B00VS5YZ98&linkCode=as2&tag=maehachi-22',1525559,'71919857','2015-04-29',NULL,'UCFDL0NuxUBAvvu1PnIwW2ww',NULL,0),('5Q1DrlTIAZo','miss you／m-flo loves melody.&山本領平(Cover）','miss you','https://www.youtube.com/watch?v=5Q1DrlTIAZo','https://i.ytimg.com/vi/5Q1DrlTIAZo/mqdefault.jpg','2015-08-18 11:58:04','2015-08-22 10:26:57','2020-04-15 09:05:47','http://www.amazon.co.jp/gp/product/B002JM5NN6/ref=as_li_qf_sp_asin_il_tl?ie=UTF8&camp=247&creative=1211&creativeASIN=B002JM5NN6&linkCode=as2&tag=maehachi-22',675760,'67942657','2003-10-22',NULL,'UCFDL0NuxUBAvvu1PnIwW2ww',NULL,0),('5SntLIEYTS4','完全感覚Dreamer／ONE OK ROCK（Cover）','完全感覚Dreamer','http://www.youtube.com/watch?v=5SntLIEYTS4','http://i.ytimg.com/vi/5SntLIEYTS4/0.jpg','2014-07-06 07:56:10','2014-07-06 10:43:33','2020-04-15 09:05:36','http://www.amazon.co.jp/gp/product/B002XYK9R0/ref=as_li_qf_sp_asin_il_tl?ie=UTF8&camp=247&creative=1211&creativeASIN=B002XYK9R0&linkCode=as2&tag=maehachi-22',8635373,'','2010-02-03',NULL,'UCFDL0NuxUBAvvu1PnIwW2ww',NULL,0),('5T-qmS-Jq-o','笑顔の花／Goose house （short version）2017/11/22 Release！','笑顔の花','https://www.youtube.com/watch?v=5T-qmS-Jq-o','https://i.ytimg.com/vi/5T-qmS-Jq-o/mqdefault.jpg','2017-11-13 10:49:27','2017-11-17 12:14:54','2020-04-15 09:06:07','https://www.amazon.co.jp/gp/product/B077358XHC/ref=as_li_qf_sp_asin_il_tl?ie=UTF8&tag=maehachi-22&camp=247&creative=1211&linkCode=as2&creativeASIN=B077358XHC&linkId=f16bd485fc33e3bad72011fdf9ad623a',1184190,'','2017-11-22','テレビ東京系『JAPAN COUNTDOWN』11月度エンディングテーマ','UCFDL0NuxUBAvvu1PnIwW2ww',NULL,0),('5TC3j2beOP4','ラブラドール・レトリバー ／ AKB48（Cover）','ラブラドール・レトリバー ','http://www.youtube.com/watch?v=5TC3j2beOP4','http://i.ytimg.com/vi/5TC3j2beOP4/0.jpg','2014-09-20 11:48:45','2014-10-29 11:19:58','2020-04-15 09:05:36','http://www.amazon.co.jp/gp/product/B00J6CBFUW/ref=as_li_qf_sp_asin_il_tl?ie=UTF8&camp=247&creative=1211&creativeASIN=B00J6CBFUW&linkCode=as2&tag=maehachi-22',1684766,'52063067','2014-05-21','','UCFDL0NuxUBAvvu1PnIwW2ww',NULL,0),('5TtSOLsAop4','大きな古時計 （ Cover with Goose house）','大きな古時計 ','https://www.youtube.com/watch?v=5TtSOLsAop4','https://i.ytimg.com/vi/5TtSOLsAop4/mqdefault.jpg','2017-12-01 12:01:38','2019-03-17 06:30:00','2020-04-15 09:06:07',NULL,557214,'109889306',NULL,NULL,'UCFDL0NuxUBAvvu1PnIwW2ww',NULL,0),('5vJDqlckxU8','HANABI／Mr.Children（Cover）','HANABI','https://www.youtube.com/watch?v=5vJDqlckxU8','https://i.ytimg.com/vi/5vJDqlckxU8/mqdefault.jpg','2018-09-03 10:41:15','2019-03-17 06:30:00','2020-04-15 09:06:15','https://www.amazon.co.jp/gp/product/B0070YG2EM/ref=as_li_qf_asin_il_tl?ie=UTF8&tag=maehachi-22&creative=1211&linkCode=as2&creativeASIN=B0070YG2EM&linkId=6f13bbc864aa5080ba50aca722dbdb1f',2127603,NULL,'2008-09-03','フジテレビ系テレビドラマ『コード・ブルー -ドクターヘリ緊急救命-』主題歌','UCFDL0NuxUBAvvu1PnIwW2ww',NULL,0),('5Y-3CM8xr0c','Self covers 〜Begin〜／Play.Goose','Self covers 〜Begin〜','https://www.youtube.com/watch?v=5Y-3CM8xr0c','https://i.ytimg.com/vi/5Y-3CM8xr0c/mqdefault.jpg','2019-08-03 12:12:33','2021-05-30 02:55:00','2021-05-30 02:55:00',NULL,76928,NULL,NULL,NULL,NULL,NULL,0),('5ynpZbozOCw','Goose tours →83.で、はじめてバッジGET！','Goose tours →83.で、はじめてバッジGET！','https://www.youtube.com/watch?v=5ynpZbozOCw','https://i.ytimg.com/vi/5ynpZbozOCw/mqdefault.jpg','2019-03-24 09:05:52','2019-07-13 14:42:09','2020-04-15 08:04:44',NULL,31530,NULL,NULL,NULL,'UCx66obAJ42B0XwHIm_iupkw',NULL,0),('6_unu2fNi4s','LA LA LA LOVE SONG ／久保田利伸（Cover）','LA LA LA LOVE SONG ','http://www.youtube.com/watch?v=6_unu2fNi4s','http://i.ytimg.com/vi/6_unu2fNi4s/0.jpg','2010-07-01 10:49:09','2014-05-09 09:59:24','2019-07-14 11:16:56','http://www.amazon.co.jp/gp/product/B00005G70O/ref=as_li_qf_sp_asin_il_tl?ie=UTF8&camp=247&creative=1211&creativeASIN=B00005G70O&linkCode=as2&tag=maehachi-22',2918225,'7907718','1996-05-13','','UCFDL0NuxUBAvvu1PnIwW2ww',NULL,0),('61BUubgjSJU','Goose tours →83.物販紹介！','Goose tours →83.物販紹介！','https://www.youtube.com/watch?v=61BUubgjSJU','https://i.ytimg.com/vi/61BUubgjSJU/mqdefault.jpg','2019-03-26 10:54:07','2019-07-13 14:42:09','2019-12-22 13:04:44',NULL,26916,NULL,NULL,NULL,'UCx66obAJ42B0XwHIm_iupkw',NULL,0),('6622p95gpNA','涙／ケツメイシ（Cover）','涙','http://www.youtube.com/watch?v=6622p95gpNA','http://i.ytimg.com/vi/6622p95gpNA/0.jpg','2013-02-26 11:01:41','2014-05-09 09:59:21','2019-07-14 11:16:56','http://www.amazon.co.jp/gp/product/B000456XQG/ref=as_li_qf_sp_asin_il_tl?ie=UTF8&camp=247&creative=1211&creativeASIN=B000456XQG&linkCode=as2&tag=maehachi-22',1936435,'29325660','2004-04-21','','UCFDL0NuxUBAvvu1PnIwW2ww',NULL,0),('6bM5SzQFpZQ','めざせポケモンマスター(Cover）','めざせポケモンマスター','http://www.youtube.com/watch?v=6bM5SzQFpZQ','http://i.ytimg.com/vi/6bM5SzQFpZQ/0.jpg','2013-06-03 10:30:48','2014-05-09 09:59:21','2020-04-15 09:05:26','http://www.amazon.co.jp/gp/product/B00001ZU6P/ref=as_li_qf_sp_asin_il_tl?ie=UTF8&camp=247&creative=1211&creativeASIN=B00001ZU6P&linkCode=as2&tag=maehachi-22',8824148,'','1997-06-28','','UCFDL0NuxUBAvvu1PnIwW2ww',NULL,0),('6c_X3wyarLo','タイムマシン／Goose house','タイムマシン','http://www.youtube.com/watch?v=6c_X3wyarLo','http://i.ytimg.com/vi/6c_X3wyarLo/0.jpg','2014-03-09 09:00:01','2014-05-09 09:59:21','2019-07-14 11:16:56','http://www.amazon.co.jp/gp/product/B00D8BJW5W/ref=as_li_qf_sp_asin_il_tl?ie=UTF8&camp=247&creative=1211&creativeASIN=B00D8BJW5W&linkCode=as2&tag=maehachi-22',2560575,'44107451','2013-07-31','','UCFDL0NuxUBAvvu1PnIwW2ww',NULL,0),('6e3KeO4ICKI','Sing／Original','Sing','http://www.youtube.com/watch?v=6e3KeO4ICKI','http://i.ytimg.com/vi/6e3KeO4ICKI/0.jpg','2011-02-01 06:58:16','2014-05-09 09:59:23','2019-07-14 11:16:56','http://www.amazon.co.jp/gp/product/B00AO6LDN8/ref=as_li_qf_sp_asin_il_tl?ie=UTF8&camp=247&creative=1211&creativeASIN=B00AO6LDN8&linkCode=as2&tag=maehachi-22',90686,'12320949','2011-06-26','','UCFDL0NuxUBAvvu1PnIwW2ww',NULL,0),('6E9Vr5SwsdY','いのち〜桜の記憶〜／若旦那（Cover）','いのち〜桜の記憶〜','https://www.youtube.com/watch?v=6E9Vr5SwsdY','https://i.ytimg.com/vi/6E9Vr5SwsdY/mqdefault.jpg','2015-06-05 11:41:09','2015-06-27 08:53:36','2020-04-15 09:05:47','http://www.amazon.co.jp/gp/product/B00A8RIBAQ/ref=as_li_qf_sp_asin_il_tl?ie=UTF8&camp=247&creative=1211&creativeASIN=B00A8RIBAQ&linkCode=as2&tag=maehachi-22',248612,'62588297','2011-01-26','','UCFDL0NuxUBAvvu1PnIwW2ww',NULL,0),('6h4XMbEUrB8','あらすじ／竹澤 汀','あらすじ','https://www.youtube.com/watch?v=6h4XMbEUrB8','https://i.ytimg.com/vi/6h4XMbEUrB8/mqdefault.jpg','2016-05-22 09:58:46','2016-05-23 13:25:33','2020-03-25 07:05:58','http://www.amazon.co.jp/gp/product/B01AAFYRBM/ref=as_li_qf_sp_asin_il_tl?ie=UTF8&camp=247&creative=1211&creativeASIN=B01AAFYRBM&linkCode=as2&tag=maehachi-22',279855,'85967694','2016-02-17','','UCFDL0NuxUBAvvu1PnIwW2ww',NULL,0),('6HbdJMto_rg','冬のうた／Kiroro（Cover）','冬のうた','https://www.youtube.com/watch?v=6HbdJMto_rg','https://i.ytimg.com/vi/6HbdJMto_rg/mqdefault.jpg','2017-11-14 11:04:28','2017-11-17 12:14:54','2020-04-15 09:06:07','https://www.amazon.co.jp/gp/product/B00005GXRS/ref=as_li_qf_sp_asin_il_tl?ie=UTF8&tag=maehachi-22&camp=247&creative=1211&linkCode=as2&creativeASIN=B00005GXRS&linkId=10079b0a1b2989e11cfaa4df2b681227',471811,'109333557','1998-11-21','明治製菓（現・株式会社明治）「メルティーキッス」「ポルテ」CMソング','UCFDL0NuxUBAvvu1PnIwW2ww',NULL,0),('6JrNLMLg7RE','星に願いを／flumpool（Cover）','星に願いを','http://www.youtube.com/watch?v=6JrNLMLg7RE','http://i.ytimg.com/vi/6JrNLMLg7RE/0.jpg','2011-10-05 13:27:29','2014-05-09 09:59:22','2020-04-15 09:05:05','http://www.amazon.co.jp/gp/product/B001OCX7DK/ref=as_li_qf_sp_asin_il_tl?ie=UTF8&camp=247&creative=1211&creativeASIN=B001OCX7DK&linkCode=as2&tag=maehachi-22',1454804,'17613040','2009-02-25','','UCFDL0NuxUBAvvu1PnIwW2ww',NULL,0),('6KZksQWLN48','親友よ ／湘南乃風（Cover）','親友よ ','http://www.youtube.com/watch?v=6KZksQWLN48','http://i.ytimg.com/vi/6KZksQWLN48/0.jpg','2013-03-19 11:01:05','2014-05-09 09:59:21','2019-07-14 11:16:56','http://www.amazon.co.jp/gp/product/B001OTC536/ref=as_li_qf_sp_asin_il_tl?ie=UTF8&camp=247&creative=1211&creativeASIN=B001OTC536&linkCode=as2&tag=maehachi-22',779543,'29848622','2009-02-25','','UCFDL0NuxUBAvvu1PnIwW2ww',NULL,0),('6Ozqy6PCMkg','2016.8.10 Release 【Fly High,So High／Goose house 】Music Video Short Version','2016.8.10 Release 【Fly High,So High','https://www.youtube.com/watch?v=6Ozqy6PCMkg','https://i.ytimg.com/vi/6Ozqy6PCMkg/mqdefault.jpg','2016-07-19 09:00:04','2016-08-03 10:47:35','2020-04-15 09:05:57','https://www.amazon.co.jp/gp/product/B01HYLH0R8/ref=as_li_qf_sp_asin_il_tl?ie=UTF8&camp=247&creative=1211&creativeASIN=B01HYLH0R8&linkCode=as2&tag=maehachi-22',828947,'','2016-08-10','','UCFDL0NuxUBAvvu1PnIwW2ww',NULL,0),('6p-B0AgbXtA','【先行配信】竹渕 慶ソロアルバム 『KEI\'s 8』より「ありがとう」2/26配信スタート','【先行配信】竹渕 慶ソロアルバム 『KEI\'s 8』より「ありがとう」2/26配信スタート','http://www.youtube.com/watch?v=6p-B0AgbXtA','http://i.ytimg.com/vi/6p-B0AgbXtA/0.jpg','2014-02-25 15:00:02','2014-05-09 09:59:21','2019-07-14 11:16:56','http://www.amazon.co.jp/gp/product/B00HHDWGHS/ref=as_li_qf_sp_asin_il_tl?ie=UTF8&camp=247&creative=1211&creativeASIN=B00HHDWGHS&linkCode=as2&tag=maehachi-22',309417,'','2014-03-05',NULL,'UCFDL0NuxUBAvvu1PnIwW2ww',NULL,0),('6T-Hc7QqSPE','Emotions／MAN WITH A MISSION（Cover）','Emotions','https://www.youtube.com/watch?v=6T-Hc7QqSPE','https://i.ytimg.com/vi/6T-Hc7QqSPE/mqdefault.jpg','2015-09-07 11:22:57','2015-09-12 07:25:19','2020-04-15 08:05:45','http://www.amazon.co.jp/gp/product/B00AB16ELM/ref=as_li_qf_sp_asin_il_tl?ie=UTF8&camp=247&creative=1211&creativeASIN=B00AB16ELM&linkCode=as2&tag=maehachi-22',775278,'71919857','2013-02-20',NULL,'UCFDL0NuxUBAvvu1PnIwW2ww',NULL,0),('6w3Ep_Zu4UE','Goosehouse 「HELLO!!!!!!!! 」オムニバス','Goosehouse 「HELLO!!!!!!!! 」オムニバス','http://www.youtube.com/watch?v=6w3Ep_Zu4UE','http://i.ytimg.com/vi/6w3Ep_Zu4UE/0.jpg','2013-04-02 09:10:54','2014-05-09 09:59:21','2019-07-14 11:16:57','',1834309,'',NULL,NULL,'UCFDL0NuxUBAvvu1PnIwW2ww',NULL,0),('6Xm8EEJ6rjc','Play You. House 2nd 10/09 02','Play You. House 2nd 10/09 02','http://www.youtube.com/watch?v=6Xm8EEJ6rjc','http://i.ytimg.com/vi/6Xm8EEJ6rjc/0.jpg','2010-10-14 06:41:46','2014-05-09 09:59:23','2020-03-26 07:04:55','http://www.amazon.co.jp/gp/product/B00005HUK1/ref=as_li_qf_sp_asin_il_tl?ie=UTF8&camp=247&creative=1211&creativeASIN=B00005HUK1&linkCode=as2&tag=maehachi-22',126772,'10090001','2000-10-18','ワンダーフォーゲル／くるり（Cover）','UCFDL0NuxUBAvvu1PnIwW2ww',NULL,0),('7_LUXNtGRdE','Goosehouse #04 『Beautiful Life』short  PV','Goosehouse #04 『Beautiful Life』short  PV','http://www.youtube.com/watch?v=7_LUXNtGRdE','http://i.ytimg.com/vi/7_LUXNtGRdE/0.jpg','2012-10-03 11:10:07','2014-05-09 09:59:21','2020-04-15 09:05:15','http://www.amazon.co.jp/gp/product/B00979RKKI/ref=as_li_qf_sp_asin_il_tl?ie=UTF8&camp=247&creative=1211&creativeASIN=B00979RKKI&linkCode=as2&tag=maehachi-22',1728474,'','2012-10-24',NULL,'UCFDL0NuxUBAvvu1PnIwW2ww',NULL,0),('77Cg7oowEhs','映画「ライオン・キング」Circle of Life／サークル・オブ・ライフ（Cover by Play.Goose）','Circle of Life／サークル・オブ・ライフ','https://www.youtube.com/watch?v=77Cg7oowEhs','https://i.ytimg.com/vi/77Cg7oowEhs/mqdefault.jpg','2020-09-19 11:00:16','2021-05-30 02:54:53','2021-06-14 14:07:40',NULL,156208,NULL,NULL,NULL,NULL,NULL,0),('79q3h1X-Asw','誘惑／GLAY（Cover）','誘惑','http://www.youtube.com/watch?v=79q3h1X-Asw','http://i.ytimg.com/vi/79q3h1X-Asw/0.jpg','2014-08-04 10:10:42','2014-08-05 15:30:05','2019-07-14 11:16:57','http://www.amazon.co.jp/gp/product/B002L9QGOC/ref=as_li_qf_sp_asin_il_tl?ie=UTF8&camp=247&creative=1211&creativeASIN=B002L9QGOC&linkCode=as2&tag=maehachi-22',1780126,'50262668','1998-04-29','','UCFDL0NuxUBAvvu1PnIwW2ww',NULL,0),('7Cp-e70yj6Y','車輪の唄／ BUMP OF CHICKEN（Cover）','車輪の唄','http://www.youtube.com/watch?v=7Cp-e70yj6Y','http://i.ytimg.com/vi/7Cp-e70yj6Y/0.jpg','2010-10-05 07:59:43','2014-05-09 09:59:23','2019-07-14 11:16:57','http://www.amazon.co.jp/gp/product/B0002KVDCM/ref=as_li_qf_sp_asin_il_tl?ie=UTF8&camp=247&creative=1211&creativeASIN=B0002KVDCM&linkCode=as2&tag=maehachi-22',3461985,'9950624','2004-12-01','','UCFDL0NuxUBAvvu1PnIwW2ww',NULL,0),('7DOLntbtAow','おしゃかしゃま／RADWIMPS（Cover）','おしゃかしゃま','http://www.youtube.com/watch?v=7DOLntbtAow','http://i.ytimg.com/vi/7DOLntbtAow/0.jpg','2013-04-29 11:18:11','2014-05-09 09:59:21','2019-07-14 11:16:57','http://www.amazon.co.jp/gp/product/B001P7VEMK/ref=as_li_qf_sp_asin_il_tl?ie=UTF8&camp=247&creative=1211&creativeASIN=B001P7VEMK&linkCode=as2&tag=maehachi-22',5388583,'31709859','2009-03-11','','UCFDL0NuxUBAvvu1PnIwW2ww',NULL,0),('7EPj2xZPEH0','Y／C&K（Cover）','Y','https://www.youtube.com/watch?v=7EPj2xZPEH0','https://i.ytimg.com/vi/7EPj2xZPEH0/mqdefault.jpg','2017-11-28 09:15:08','2019-03-17 06:30:01','2020-04-15 09:06:07','https://www.amazon.co.jp/gp/product/B06XGMHFX3/ref=as_li_qf_asin_il_tl?ie=UTF8&tag=maehachi-22&creative=1211&linkCode=as2&creativeASIN=B06XGMHFX3&linkId=6c08d67d00d3111ddb18dd2ed1f5f512',652202,'109889306','2017-06-07',NULL,'UCFDL0NuxUBAvvu1PnIwW2ww',NULL,0),('7FnP1K3JJBw','歩いて帰ろう／斉藤和義（Cover）','歩いて帰ろう','http://www.youtube.com/watch?v=7FnP1K3JJBw','http://i.ytimg.com/vi/7FnP1K3JJBw/0.jpg','2010-10-05 06:06:33','2014-05-09 09:59:23','2020-03-26 07:04:55','http://www.amazon.co.jp/gp/product/B001DE90YO/ref=as_li_qf_sp_asin_il_tl?ie=UTF8&camp=247&creative=1211&creativeASIN=B001DE90YO&linkCode=as2&tag=maehachi-22',2520246,'9950624','1994-06-01','','UCFDL0NuxUBAvvu1PnIwW2ww',NULL,0),('7FtoNUdkfNc','first love／Utada Hikaru 宇多田ヒカル（Cover）','first love','http://www.youtube.com/watch?v=7FtoNUdkfNc','http://i.ytimg.com/vi/7FtoNUdkfNc/0.jpg','2010-07-03 08:12:14','2014-05-09 09:59:24','2019-07-14 11:16:57','http://www.amazon.co.jp/gp/product/B00000JAT7/ref=as_li_qf_sp_asin_il_tl?ie=UTF8&camp=247&creative=1211&creativeASIN=B00000JAT7&linkCode=as2&tag=maehachi-22',3525479,'7907718','1999-04-28','','UCFDL0NuxUBAvvu1PnIwW2ww',NULL,0),('7hCd4INUNbg','まだ君は知らない MY PRETTIEST GIRL／Nissy-西島隆弘（Cover）','まだ君は知らない MY PRETTIEST GIRL','https://www.youtube.com/watch?v=7hCd4INUNbg','https://i.ytimg.com/vi/7hCd4INUNbg/mqdefault.jpg','2016-09-14 10:47:40','2016-09-14 10:17:51','2020-04-15 09:05:57','https://www.amazon.co.jp/gp/product/B01K1QCDMA/ref=as_li_qf_sp_asin_il_tl?ie=UTF8&camp=247&creative=1211&creativeASIN=B01K1QCDMA&linkCode=as2&tag=maehachi-22',1249762,'90644595','2016-08-24','西島隆弘のソロ名義「Nissy」の6thシングル','UCFDL0NuxUBAvvu1PnIwW2ww',NULL,0),('7IcVeEOy9HE','Forget me not／尾崎豊（Cover）','Forget me not','http://www.youtube.com/watch?v=7IcVeEOy9HE','http://i.ytimg.com/vi/7IcVeEOy9HE/0.jpg','2015-02-08 07:29:29','2015-02-09 00:09:43','2019-07-14 11:16:57','http://www.amazon.co.jp/gp/product/B00005G6GG/ref=as_li_qf_sp_asin_il_tl?ie=UTF8&camp=247&creative=1211&creativeASIN=B00005G6GG&linkCode=as2&tag=maehachi-22',634893,'58273556','2001-04-25','','UCFDL0NuxUBAvvu1PnIwW2ww',NULL,0),('7KQjlUekhzk','We Wish You a Merry Christmas／Goose house','We Wish You a Merry Christmas','http://www.youtube.com/watch?v=7KQjlUekhzk','http://i.ytimg.com/vi/7KQjlUekhzk/0.jpg','2012-12-23 09:21:50','2014-05-09 09:59:21','2020-04-15 09:05:15','',917035,'','1983-11-28',NULL,'UCFDL0NuxUBAvvu1PnIwW2ww',NULL,0),('7L8jGxljy04','青春賦／ももいろクローバーZ（Cover）','青春賦','http://www.youtube.com/watch?v=7L8jGxljy04','http://i.ytimg.com/vi/7L8jGxljy04/0.jpg','2015-04-12 06:48:14','2015-04-12 08:04:25','2019-07-14 11:16:57','http://www.amazon.co.jp/gp/product/B00RVPBRBS/ref=as_li_qf_sp_asin_il_tl?ie=UTF8&camp=247&creative=1211&creativeASIN=B00RVPBRBS&linkCode=as2&tag=maehachi-22',321428,'60451621','2015-03-11','','UCFDL0NuxUBAvvu1PnIwW2ww',NULL,0),('7m3s71jKSkc','未来／コブクロ（Cover）','未来','https://www.youtube.com/watch?v=7m3s71jKSkc','https://i.ytimg.com/vi/7m3s71jKSkc/mqdefault.jpg','2016-04-17 10:43:05','2016-04-18 11:41:02','2019-07-14 11:16:57','http://www.amazon.co.jp/gp/product/B01BWL2ZQC/ref=as_li_qf_sp_asin_il_tl?ie=UTF8&camp=247&creative=1211&creativeASIN=B01BWL2ZQC&linkCode=as2&tag=maehachi-22',1331166,'84909661','2015-12-16','映画『orange』主題歌','UCFDL0NuxUBAvvu1PnIwW2ww',NULL,0),('7MA0jtdjHSM','手紙 拝啓 ~十五の君へ~／アンジェラアキ（Cover）','手紙 拝啓 ~十五の君へ~','http://www.youtube.com/watch?v=7MA0jtdjHSM','http://i.ytimg.com/vi/7MA0jtdjHSM/0.jpg','2012-04-03 10:25:41','2014-05-09 09:59:22','2019-07-14 11:16:57','http://www.amazon.co.jp/gp/product/B001CY1YUS/ref=as_li_qf_sp_asin_il_tl?ie=UTF8&camp=247&creative=1211&creativeASIN=B001CY1YUS&linkCode=as2&tag=maehachi-22',1562585,'21488266','2008-09-17','','UCFDL0NuxUBAvvu1PnIwW2ww',NULL,0),('7oXOV0wAk7Y','Goose house Christmas Medley & Message','Goose house Christmas Medley & Message','https://www.youtube.com/watch?v=7oXOV0wAk7Y','https://i.ytimg.com/vi/7oXOV0wAk7Y/mqdefault.jpg','2016-12-18 11:05:56','2017-01-30 11:08:30','2020-04-15 09:05:56',NULL,507510,NULL,NULL,NULL,'UCFDL0NuxUBAvvu1PnIwW2ww',NULL,0),('7QHXcb0oqF4','波乗りジョニー／桑田佳祐（Cover）','波乗りジョニー','http://www.youtube.com/watch?v=7QHXcb0oqF4','http://i.ytimg.com/vi/7QHXcb0oqF4/0.jpg','2013-07-10 11:19:56','2014-05-09 09:59:21','2020-04-15 09:05:26','http://www.amazon.co.jp/gp/product/B00005L9A2/ref=as_li_qf_sp_asin_il_tl?ie=UTF8&camp=247&creative=1211&creativeASIN=B00005L9A2&linkCode=as2&tag=maehachi-22',5794599,'35114691','2001-07-04','','UCFDL0NuxUBAvvu1PnIwW2ww',NULL,0),('7u7tZSye8GQ','Play You. House 08/21 01','Play You. House 08/21 01','http://www.youtube.com/watch?v=7u7tZSye8GQ','http://i.ytimg.com/vi/7u7tZSye8GQ/0.jpg','2010-08-24 08:54:14','2014-05-09 09:59:23','2019-07-14 11:16:57','http://www.amazon.co.jp/gp/product/B000MNP2G2/ref=as_li_qf_sp_asin_il_tl?ie=UTF8&camp=247&creative=1211&creativeASIN=B000MNP2G2&linkCode=as2&tag=maehachi-22',82558,'9059475','2007-02-28','Winding Road／絢香×コブクロ（Cover）','UCFDL0NuxUBAvvu1PnIwW2ww',NULL,0),('7UuNAKFV6KQ','風に吹かれても／欅坂46（Cover）','風に吹かれても','https://www.youtube.com/watch?v=7UuNAKFV6KQ','https://i.ytimg.com/vi/7UuNAKFV6KQ/mqdefault.jpg','2017-11-30 11:14:59','2019-03-17 06:30:00','2020-04-15 09:06:07',NULL,2478253,'109889306',NULL,NULL,'UCFDL0NuxUBAvvu1PnIwW2ww',NULL,0),('8-Z0KX7pXKs','3.12 playyou house  Streaming Liveのお知らせ','3.12 playyou house  Streaming Liveのお知らせ','http://www.youtube.com/watch?v=8-Z0KX7pXKs','http://i.ytimg.com/vi/8-Z0KX7pXKs/0.jpg','2011-03-05 01:34:37','2014-05-09 09:59:23','2019-07-14 11:16:57','',136841,'',NULL,'','UCFDL0NuxUBAvvu1PnIwW2ww',NULL,0),('82Y_lc-dxvU','蝶々結び／Aimer（Cover）','蝶々結び','https://www.youtube.com/watch?v=82Y_lc-dxvU','https://i.ytimg.com/vi/82Y_lc-dxvU/mqdefault.jpg','2016-09-14 10:46:59','2016-09-14 10:17:51','2020-04-15 09:05:57','https://www.amazon.co.jp/gp/product/B01GQNR2DW/ref=as_li_qf_sp_asin_il_tl?ie=UTF8&camp=247&creative=1211&creativeASIN=B01GQNR2DW&linkCode=as2&tag=maehachi-22',1830330,'90644595','2016-08-17','野田洋次郎（RADWIMPS）楽曲提供＆プロデュース','UCFDL0NuxUBAvvu1PnIwW2ww',NULL,0),('85_I2yVcbhU','純恋歌／湘南乃風（Cover）','純恋歌','http://www.youtube.com/watch?v=85_I2yVcbhU','http://i.ytimg.com/vi/85_I2yVcbhU/0.jpg','2013-08-02 10:30:10','2014-05-09 09:59:21','2020-04-15 09:05:26','http://www.amazon.co.jp/gp/product/B000E6G16W/ref=as_li_qf_sp_asin_il_tl?ie=UTF8&camp=247&creative=1211&creativeASIN=B000E6G16W&linkCode=as2&tag=maehachi-22',8293936,'36103009','2006-03-08','','UCFDL0NuxUBAvvu1PnIwW2ww',NULL,0),('85nir6cByKk','ふるさと／竹渕慶（Original）','ふるさと','http://www.youtube.com/watch?v=85nir6cByKk','http://i.ytimg.com/vi/85nir6cByKk/0.jpg','2010-08-24 10:07:11','2014-05-09 09:59:23','2019-07-14 11:16:57','',306860,'9059475',NULL,'','UCFDL0NuxUBAvvu1PnIwW2ww',NULL,0),('8BkkyWyiPMs','【Goose house】工藤秀平 コメントムービー／収録曲「失くした恋の忘れ方」','【Goose house】工藤秀平 コメントムービー','https://www.youtube.com/watch?v=8BkkyWyiPMs','https://i.ytimg.com/vi/8BkkyWyiPMs/mqdefault.jpg','2016-06-13 10:40:39','2016-06-18 05:30:18','2020-03-25 07:05:58','http://www.amazon.co.jp/gp/product/B01G70EH3C/ref=as_li_qf_sp_asin_il_tl?ie=UTF8&camp=247&creative=1211&creativeASIN=B01G70EH3C&linkCode=as2&tag=maehachi-22',90677,'','2016-07-06','','UCFDL0NuxUBAvvu1PnIwW2ww',NULL,0),('8dJVuB5qBVU','冬のエピローグ／Goose house','冬のエピローグ','http://www.youtube.com/watch?v=8dJVuB5qBVU','http://i.ytimg.com/vi/8dJVuB5qBVU/0.jpg','2014-11-22 08:43:11','2014-12-11 12:13:11','2020-04-15 09:05:36','http://www.amazon.co.jp/gp/product/B00NLLNGT2/ref=as_li_qf_sp_asin_il_tl?ie=UTF8&camp=247&creative=1211&creativeASIN=B00NLLNGT2&linkCode=as2&tag=maehachi-22',1735274,'55444987','2014-11-19','','UCFDL0NuxUBAvvu1PnIwW2ww',NULL,0),('8I-qBnFbse0','Around the world／MONKEY MAJIK（Cover）','Around the world','http://www.youtube.com/watch?v=8I-qBnFbse0','http://i.ytimg.com/vi/8I-qBnFbse0/0.jpg','2011-08-01 02:07:10','2014-05-09 09:59:22','2020-04-15 09:05:05','http://www.amazon.co.jp/gp/product/B000E0VPJQ/ref=as_li_qf_sp_asin_il_tl?ie=UTF8&camp=247&creative=1211&creativeASIN=B000E0VPJQ&linkCode=as2&tag=maehachi-22',1131686,'16329822','2006-02-22','','UCFDL0NuxUBAvvu1PnIwW2ww',NULL,0),('8IJVS7pVWg8','366日／HY（Cover）','366日','http://www.youtube.com/watch?v=8IJVS7pVWg8','http://i.ytimg.com/vi/8IJVS7pVWg8/0.jpg','2013-01-30 10:56:55','2014-05-09 09:59:21','2019-07-14 11:16:57','http://www.amazon.co.jp/gp/product/B0013GSVIS/ref=as_li_qf_sp_asin_il_tl?ie=UTF8&camp=247&creative=1211&creativeASIN=B0013GSVIS&linkCode=as2&tag=maehachi-22',4401780,'28627761','2008-04-16','','UCFDL0NuxUBAvvu1PnIwW2ww',NULL,0),('8jrgAHJepDU','Pretender／Official髭男dism（Cover）','Pretender','https://www.youtube.com/watch?v=8jrgAHJepDU','https://i.ytimg.com/vi/8jrgAHJepDU/mqdefault.jpg','2019-07-13 09:19:15','2019-07-13 14:42:08','2020-04-15 09:04:44',NULL,2396960,NULL,'2019-05-15','','UCx66obAJ42B0XwHIm_iupkw',NULL,0),('8lTHyd96aPM','ヒカリノアトリエ／ Mr.Children（Cover）','ヒカリノアトリエ','https://www.youtube.com/watch?v=8lTHyd96aPM','https://i.ytimg.com/vi/8lTHyd96aPM/mqdefault.jpg','2017-03-17 12:26:00','2017-03-19 14:41:54','2019-07-14 11:16:57','https://www.amazon.co.jp/gp/product/B01N97O2M7/ref=as_li_qf_sp_asin_il_tl?ie=UTF8&tag=maehachi-22&camp=247&creative=1211&linkCode=as2&creativeASIN=B01N97O2M7&linkId=905fb11a1b11d05dfe423ea74c3a9b32',493341,'100383207','2017-01-11','NHK連続テレビ小説『べっぴんさん』主題歌','UCFDL0NuxUBAvvu1PnIwW2ww',NULL,0),('8STVBxEuiXY','おとなの掟／Doughnuts Hole（Cover）','おとなの掟','https://www.youtube.com/watch?v=8STVBxEuiXY','https://i.ytimg.com/vi/8STVBxEuiXY/mqdefault.jpg','2017-04-17 11:02:11','2017-04-29 04:01:09','2019-07-14 11:16:57','',439834,'101374925','2017-02-07','TBS系テレビドラマ『カルテット』主題歌','UCFDL0NuxUBAvvu1PnIwW2ww',NULL,0),('8UR1tBp23mM','DA.YO.NE／EAST END×YURI（Cover）','DA.YO.NE','http://www.youtube.com/watch?v=8UR1tBp23mM','http://i.ytimg.com/vi/8UR1tBp23mM/0.jpg','2015-05-05 06:53:31','2015-05-06 01:15:37','2020-03-25 07:05:48','http://www.amazon.co.jp/gp/product/B00005IIOM/ref=as_li_qf_sp_asin_il_tl?ie=UTF8&camp=247&creative=1211&creativeASIN=B00005IIOM&linkCode=as2&tag=maehachi-22',447562,'61239113','1994-08-21','','UCFDL0NuxUBAvvu1PnIwW2ww',NULL,0),('8yQSde4nxR0','Goose house 『2017 夏休みの宿題』歌詞をつけよう！','Goose house 『2017 夏休みの宿題』歌詞をつけよう！','https://www.youtube.com/watch?v=8yQSde4nxR0','https://i.ytimg.com/vi/8yQSde4nxR0/mqdefault.jpg','2017-07-29 10:26:48','2017-09-14 15:24:55','2020-04-15 09:06:07','',151649,'104856250',NULL,'','UCFDL0NuxUBAvvu1PnIwW2ww',NULL,0),('8yS8GOvKfSs','ZOO／エコーズ （Cover）','ZOO','http://www.youtube.com/watch?v=8yS8GOvKfSs','http://i.ytimg.com/vi/8yS8GOvKfSs/0.jpg','2010-12-14 04:27:58','2014-05-09 09:59:23','2020-04-15 09:04:54','http://www.amazon.co.jp/gp/product/B0031B67AM/ref=as_li_qf_sp_asin_il_tl?ie=UTF8&camp=247&creative=1211&creativeASIN=B0031B67AM&linkCode=as2&tag=maehachi-22',542765,'11373188','1989-03-21','','UCFDL0NuxUBAvvu1PnIwW2ww',NULL,0),('9_o3V4CVess','バーチャル#9／Original','バーチャル#9','http://www.youtube.com/watch?v=9_o3V4CVess','http://i.ytimg.com/vi/9_o3V4CVess/0.jpg','2011-04-07 18:06:24','2014-05-09 09:59:22','2019-07-14 11:16:57','http://www.amazon.co.jp/gp/product/B00AO6LDN8/ref=as_li_qf_sp_asin_il_tl?ie=UTF8&camp=247&creative=1211&creativeASIN=B00AO6LDN8&linkCode=as2&tag=maehachi-22',166906,'','2011-06-26',NULL,'UCFDL0NuxUBAvvu1PnIwW2ww',NULL,0),('97ZC3wje_mk','10.24リリース Goosehouse #04 Beautiful Life  『Dear my friend』','10.24リリース','http://www.youtube.com/watch?v=97ZC3wje_mk','http://i.ytimg.com/vi/97ZC3wje_mk/0.jpg','2012-09-22 12:55:58','2014-05-09 09:59:22','2020-04-14 07:05:14','http://www.amazon.co.jp/gp/product/B00979RKKI/ref=as_li_qf_sp_asin_il_tl?ie=UTF8&camp=247&creative=1211&creativeASIN=B00979RKKI&linkCode=as2&tag=maehachi-22',69885,'','2012-10-24',NULL,'UCFDL0NuxUBAvvu1PnIwW2ww',NULL,0),('9bSc2tW4HpM','花／ORANGE RANGE（Cover）','花','http://www.youtube.com/watch?v=9bSc2tW4HpM','http://i.ytimg.com/vi/9bSc2tW4HpM/0.jpg','2013-04-29 11:19:33','2014-05-09 09:59:21','2019-07-14 11:16:57','http://www.amazon.co.jp/gp/product/B002EEKXY8/ref=as_li_qf_sp_asin_il_tl?ie=UTF8&camp=247&creative=1211&creativeASIN=B002EEKXY8&linkCode=as2&tag=maehachi-22',4243141,'31709859','2004-10-20','','UCFDL0NuxUBAvvu1PnIwW2ww',NULL,0),('9KB-z6T6Nqg','Goose house LIVE TOUR 2017『はじまり、はじまりツアー』','Goose house LIVE TOUR 2017『はじまり、はじまりツアー』','https://www.youtube.com/watch?v=9KB-z6T6Nqg','https://i.ytimg.com/vi/9KB-z6T6Nqg/mqdefault.jpg','2016-11-16 08:03:45','2016-11-24 10:26:16','2020-04-15 09:05:56',NULL,330658,NULL,NULL,NULL,'UCFDL0NuxUBAvvu1PnIwW2ww',NULL,0),('9MkWWrlx8qM','奏／スキマスイッチ（Cover）','奏','http://www.youtube.com/watch?v=9MkWWrlx8qM','http://i.ytimg.com/vi/9MkWWrlx8qM/0.jpg','2014-10-13 08:49:49','2014-10-29 11:19:58','2020-04-15 09:05:36','http://www.amazon.co.jp/gp/product/B000295YVO/ref=as_li_qf_sp_asin_il_tl?ie=UTF8&camp=247&creative=1211&creativeASIN=B000295YVO&linkCode=as2&tag=maehachi-22',9731599,'53213992','2004-03-10','','UCFDL0NuxUBAvvu1PnIwW2ww',NULL,0),('9MnWz-Z8c4g','【アフタートーク】映画「アラジン」より「A Whole New World / ホール・ニュー・ワールド」(Cover)','A Whole New World/ホール・ニュー・ワールド','https://www.youtube.com/watch?v=9MnWz-Z8c4g','https://i.ytimg.com/vi/9MnWz-Z8c4g/mqdefault.jpg','2020-09-30 11:30:12','2021-05-30 02:54:52','2021-06-01 16:16:44',NULL,32606,NULL,NULL,NULL,NULL,NULL,0),('9OaZs3cKoTk','おどるポンポコリン／B.B.クイーンズ（Cover）','おどるポンポコリン','http://www.youtube.com/watch?v=9OaZs3cKoTk','http://i.ytimg.com/vi/9OaZs3cKoTk/0.jpg','2010-07-20 17:19:39','2014-08-05 15:30:06','2019-07-14 11:16:57','',833052,'8331022','1990-04-04','','UCFDL0NuxUBAvvu1PnIwW2ww',NULL,0),('9S1GUK5-x-g','終わりなき旅／Mr.Children（Cover）','終わりなき旅','http://www.youtube.com/watch?v=9S1GUK5-x-g','http://i.ytimg.com/vi/9S1GUK5-x-g/0.jpg','2014-06-19 13:09:10','2014-06-20 17:50:33','2020-04-15 09:05:36','http://www.amazon.co.jp/gp/product/B00005L8OD/ref=as_li_qf_sp_asin_il_tl?ie=UTF8&camp=247&creative=1211&creativeASIN=B00005L8OD&linkCode=as2&tag=maehachi-22',2900868,'48244278','1998-10-21','','UCFDL0NuxUBAvvu1PnIwW2ww',NULL,0),('9yunxAvbzCo','サクラ色／アンジェラ・アキ（Cover）','サクラ色','http://www.youtube.com/watch?v=9yunxAvbzCo','http://i.ytimg.com/vi/9yunxAvbzCo/0.jpg','2014-04-06 12:15:57','2014-05-09 09:59:21','2019-07-14 11:16:57','http://www.amazon.co.jp/gp/product/B000M7XSD2/ref=as_li_qf_sp_asin_il_tl?ie=UTF8&camp=247&creative=1211&creativeASIN=B000M7XSD2&linkCode=as2&tag=maehachi-22',543128,'45506914','2007-03-07','','UCFDL0NuxUBAvvu1PnIwW2ww',NULL,0),('a_-clIaVvko','David／矢野顕子（Cover）','David','http://www.youtube.com/watch?v=a_-clIaVvko','http://i.ytimg.com/vi/a_-clIaVvko/0.jpg','2010-10-05 08:53:23','2014-05-09 09:59:23','2020-03-26 07:04:55','http://www.amazon.co.jp/gp/product/B00005FDZ1/ref=as_li_qf_sp_asin_il_tl?ie=UTF8&camp=247&creative=1211&creativeASIN=B00005FDZ1&linkCode=as2&tag=maehachi-22',53304,'9950624','1986-02-21','','UCFDL0NuxUBAvvu1PnIwW2ww',NULL,0),('A-BwQe8T23I','ミュージック・アワー／ポルノグラフィティ（Cover）','ミュージック・アワー','http://www.youtube.com/watch?v=A-BwQe8T23I','http://i.ytimg.com/vi/A-BwQe8T23I/0.jpg','2014-08-04 10:11:57','2014-08-05 15:30:05','2020-04-15 09:05:36','http://www.amazon.co.jp/gp/product/B000056WEZ/ref=as_li_qf_sp_asin_il_tl?ie=UTF8&camp=247&creative=1211&creativeASIN=B000056WEZ&linkCode=as2&tag=maehachi-22',5508104,'50262668','2000-07-12','','UCFDL0NuxUBAvvu1PnIwW2ww',NULL,0),('a28GXKGHgrE','虹 / 菅田将暉【映画『STAND BY ME ドラえもん 2』主題歌】（Cover by Play.Goose)','虹','https://www.youtube.com/watch?v=a28GXKGHgrE','https://i.ytimg.com/vi/a28GXKGHgrE/mqdefault.jpg','2021-02-27 11:00:17','2021-05-30 02:54:51','2021-06-08 12:24:53',NULL,228035,NULL,'2020-11-25','東宝系映画『STAND BY ME ドラえもん 2』主題歌',NULL,NULL,0),('a3i0BNJ55wo','Goose house HEPTAGON収録曲『僕らだけの等身大』Music Video','僕らだけの等身大','https://www.youtube.com/watch?v=a3i0BNJ55wo','https://i.ytimg.com/vi/a3i0BNJ55wo/mqdefault.jpg','2017-01-30 09:20:05','2017-01-30 11:08:30','2019-07-14 11:16:57','https://www.amazon.co.jp/gp/product/B01M4OVM23/ref=as_li_qf_sp_asin_il_tl?ie=UTF8&camp=247&creative=1211&creativeASIN=B01M4OVM23&linkCode=as2&tag=maehachi-22',576121,'','2017-01-06','','UCFDL0NuxUBAvvu1PnIwW2ww',NULL,0),('a4tMpRfc7DA','【Goose house】齊藤ジョニー コメントムービー／収録曲「放課後ヒロイン」','【Goose house】齊藤ジョニー コメントムービー','https://www.youtube.com/watch?v=a4tMpRfc7DA','https://i.ytimg.com/vi/a4tMpRfc7DA/mqdefault.jpg','2016-06-13 10:35:56','2016-06-18 05:30:18','2020-03-25 07:05:58','http://www.amazon.co.jp/gp/product/B01G70EH3C/ref=as_li_qf_sp_asin_il_tl?ie=UTF8&camp=247&creative=1211&creativeASIN=B01G70EH3C&linkCode=as2&tag=maehachi-22',112852,'','2016-07-06','','UCFDL0NuxUBAvvu1PnIwW2ww',NULL,0),('a5IzdMcC9uw','Best friend ／Goose house','Best friend ','https://www.youtube.com/watch?v=a5IzdMcC9uw','https://i.ytimg.com/vi/a5IzdMcC9uw/mqdefault.jpg','2017-07-14 11:16:04','2017-07-23 12:24:23','2020-04-15 09:06:07','https://www.amazon.co.jp/gp/product/B01I8SK98I/ref=as_li_qf_sp_asin_il_tl?ie=UTF8&tag=maehachi-22&camp=247&creative=1211&linkCode=as2&creativeASIN=B01I8SK98I&linkId=cf917abe5ea70c17839540461f28ee86',505546,'104856250','2016-08-10','','UCFDL0NuxUBAvvu1PnIwW2ww',NULL,0),('aB8VTpTQ6zk','今、走れ!／Goose house','今、走れ!','http://www.youtube.com/watch?v=aB8VTpTQ6zk','http://i.ytimg.com/vi/aB8VTpTQ6zk/0.jpg','2014-07-06 07:57:55','2014-07-06 10:43:33','2020-04-15 09:05:36','http://www.amazon.co.jp/gp/product/B00D8BJW5W/ref=as_li_qf_sp_asin_il_tl?ie=UTF8&camp=247&creative=1211&creativeASIN=B00D8BJW5W&linkCode=as2&tag=maehachi-22',3714889,'','2013-07-31',NULL,'UCFDL0NuxUBAvvu1PnIwW2ww',NULL,0),('aBO3dePaUYw','たとえば僕らが出会ってなかったとしよう ／k.k.（Original）','たとえば僕らが出会ってなかったとしよう ','http://www.youtube.com/watch?v=aBO3dePaUYw','http://i.ytimg.com/vi/aBO3dePaUYw/0.jpg','2010-08-24 10:31:01','2014-05-09 09:59:23','2019-07-14 11:16:57','',48744,'9061460',NULL,'','UCFDL0NuxUBAvvu1PnIwW2ww',NULL,0),('ACTpRkbcqMk','元気を出して ／ 竹内まりや(Cover）','元気を出して ','https://www.youtube.com/watch?v=ACTpRkbcqMk','https://i.ytimg.com/vi/ACTpRkbcqMk/mqdefault.jpg','2015-08-18 11:56:01','2015-08-22 10:26:57','2020-04-15 09:05:47','http://www.amazon.co.jp/gp/product/B0000074BJ/ref=as_li_qf_sp_asin_il_tl?ie=UTF8&camp=247&creative=1211&creativeASIN=B0000074BJ&linkCode=as2&tag=maehachi-22',579923,'67942657','1988-11-28',NULL,'UCFDL0NuxUBAvvu1PnIwW2ww',NULL,0),('aEu2fSfd3j0','おジャ魔女カーニバル／MAHO堂（Cover）','おジャ魔女カーニバル','http://www.youtube.com/watch?v=aEu2fSfd3j0','http://i.ytimg.com/vi/aEu2fSfd3j0/0.jpg','2015-02-08 07:32:12','2015-02-09 00:09:43','2019-07-14 11:16:57','http://www.amazon.co.jp/gp/product/B00005L8CM/ref=as_li_qf_sp_asin_il_tl?ie=UTF8&camp=247&creative=1211&creativeASIN=B00005L8CM&linkCode=as2&tag=maehachi-22',2931389,'58273556','1999-03-05','','UCFDL0NuxUBAvvu1PnIwW2ww',NULL,0),('ALdAGOTBLOs','Goose house 齊藤ジョニー ニューアルバム『She is』12/2リリース','Goose house 齊藤ジョニー ニューアルバム『She is』12/2リリース','https://www.youtube.com/watch?v=ALdAGOTBLOs','https://i.ytimg.com/vi/ALdAGOTBLOs/mqdefault.jpg','2015-11-14 13:52:36','2015-11-29 07:48:24','2020-04-14 18:05:40','http://www.amazon.co.jp/gp/product/B017F4MUR4/ref=as_li_qf_sp_asin_il_tl?ie=UTF8&camp=247&creative=1211&creativeASIN=B017F4MUR4&linkCode=as2&tag=maehachi-22',172769,'','2015-12-02','','UCFDL0NuxUBAvvu1PnIwW2ww',NULL,0),('aNJLXRxEw2k','Streaming Live 「Halloween with Play.Goose at home! Special（20201031）」','Streaming Live 「Halloween with Play.Goose at home! Special（20201031）」','https://www.youtube.com/watch?v=aNJLXRxEw2k','https://i.ytimg.com/vi/aNJLXRxEw2k/mqdefault.jpg','2020-10-31 13:06:48','2021-05-30 02:54:52','2021-06-10 14:57:01',NULL,52403,NULL,NULL,NULL,NULL,NULL,1),('anYPlVAkPSQ','Chu Chu／moumoon(Cover)','Chu Chu','http://www.youtube.com/watch?v=anYPlVAkPSQ','http://i.ytimg.com/vi/anYPlVAkPSQ/0.jpg','2011-10-04 02:14:01','2014-05-09 09:59:22','2020-04-15 07:05:05','http://www.amazon.co.jp/gp/product/B0054JEQ8E/ref=as_li_qf_sp_asin_il_tl?ie=UTF8&camp=247&creative=1211&creativeASIN=B0054JEQ8E&linkCode=as2&tag=maehachi-22',849925,'17613040','2011-08-03','','UCFDL0NuxUBAvvu1PnIwW2ww',NULL,0),('AO9v1jliqx4','繋ぐひと／Goose house（歌詞付き）4/11『Flight』収録曲','繋ぐひと','https://www.youtube.com/watch?v=AO9v1jliqx4','https://i.ytimg.com/vi/AO9v1jliqx4/mqdefault.jpg','2018-04-07 11:43:21','2019-03-17 06:30:01','2020-04-15 09:06:16',NULL,225484,NULL,NULL,NULL,'UCFDL0NuxUBAvvu1PnIwW2ww',NULL,0),('APwg_YqvhbE','HOME／清水翔太（Cover）','HOME','http://www.youtube.com/watch?v=APwg_YqvhbE','http://i.ytimg.com/vi/APwg_YqvhbE/0.jpg','2011-05-29 05:58:08','2014-05-09 09:59:22','2020-03-31 09:06:44','http://www.amazon.co.jp/gp/product/B00122DVBA/ref=as_li_qf_sp_asin_il_tl?ie=UTF8&camp=247&creative=1211&creativeASIN=B00122DVBA&linkCode=as2&tag=maehachi-22',2536193,'','2008-02-20',NULL,'UCFDL0NuxUBAvvu1PnIwW2ww',NULL,0),('aPYRhBSxk5k','playyou house streaming live 2011.2.26 SAT 20:00 Start!!!（English）','playyou house streaming live 2011.2.26 SAT 20:00 Start!!!（English）','http://www.youtube.com/watch?v=aPYRhBSxk5k','http://i.ytimg.com/vi/aPYRhBSxk5k/0.jpg','2011-02-23 06:30:12','2014-05-09 09:59:23','2019-07-14 11:16:57','',252901,'',NULL,NULL,'UCFDL0NuxUBAvvu1PnIwW2ww',NULL,0),('aQ0VdvWdKsk','花は咲く／花は咲くプロジェクト（Cover）','花は咲く','http://www.youtube.com/watch?v=aQ0VdvWdKsk','http://i.ytimg.com/vi/aQ0VdvWdKsk/0.jpg','2013-02-26 11:01:02','2014-05-09 09:59:21','2019-07-14 11:16:57','http://www.amazon.co.jp/gp/product/B007JG3474/ref=as_li_qf_sp_asin_il_tl?ie=UTF8&camp=247&creative=1211&creativeASIN=B007JG3474&linkCode=as2&tag=maehachi-22',1980189,'29325660','2012-05-23','','UCFDL0NuxUBAvvu1PnIwW2ww',NULL,0),('aQMmX5SAiZ4','Happy New Year 2017！ from Goose house','Happy New Year 2017！ from Goose house','https://www.youtube.com/watch?v=aQMmX5SAiZ4','https://i.ytimg.com/vi/aQMmX5SAiZ4/mqdefault.jpg','2017-01-01 06:20:20','2017-01-30 11:08:30','2019-07-14 11:16:57',NULL,271481,NULL,NULL,NULL,'UCFDL0NuxUBAvvu1PnIwW2ww',NULL,0),('arC9vRxCAuE','プラネタリウム／大塚愛（Cover）','プラネタリウム','https://www.youtube.com/watch?v=arC9vRxCAuE','https://i.ytimg.com/vi/arC9vRxCAuE/mqdefault.jpg','2015-09-07 11:25:32','2015-09-12 07:25:19','2020-04-15 09:05:46','http://www.amazon.co.jp/gp/product/B000A3RN8O/ref=as_li_qf_sp_asin_il_tl?ie=UTF8&camp=247&creative=1211&creativeASIN=B000A3RN8O&linkCode=as2&tag=maehachi-22',1727919,'71919857','2005-09-21',NULL,'UCFDL0NuxUBAvvu1PnIwW2ww',NULL,0),('AwC5k3hpuGY','Sing／Goose house','Sing','https://www.youtube.com/watch?v=AwC5k3hpuGY','https://i.ytimg.com/vi/AwC5k3hpuGY/mqdefault.jpg','2015-11-21 07:57:25','2015-11-21 08:16:44','2020-04-15 09:05:46','http://www.amazon.co.jp/gp/product/B00SLMZMVG/ref=as_li_qf_sp_asin_il_tl?ie=UTF8&camp=247&creative=1211&creativeASIN=B00SLMZMVG&linkCode=as2&tag=maehachi-22',1228315,'76692236','2015-02-25','Sing 2015バージョン','UCFDL0NuxUBAvvu1PnIwW2ww',NULL,0),('AXHr_3l0wng','フライングゲット／AKB48（Cover）','フライングゲット','http://www.youtube.com/watch?v=AXHr_3l0wng','http://i.ytimg.com/vi/AXHr_3l0wng/0.jpg','2012-02-24 17:00:13','2014-05-09 09:59:22','2019-07-14 11:16:57','http://www.amazon.co.jp/gp/product/B008AK2AVY/ref=as_li_qf_sp_asin_il_tl?ie=UTF8&camp=247&creative=1211&creativeASIN=B008AK2AVY&linkCode=as2&tag=maehachi-22',4749197,'20525627','2011-08-24','','UCFDL0NuxUBAvvu1PnIwW2ww',NULL,0),('Axl7VT0y63s','GLAMOROUS SKY／NANA（Cover）','GLAMOROUS SKY','http://www.youtube.com/watch?v=Axl7VT0y63s','http://i.ytimg.com/vi/Axl7VT0y63s/0.jpg','2010-07-14 17:48:16','2014-05-09 09:59:24','2019-07-14 11:16:57','http://www.amazon.co.jp/gp/product/B000J3EGC6/ref=as_li_qf_sp_asin_il_tl?ie=UTF8&camp=247&creative=1211&creativeASIN=B000J3EGC6&linkCode=as2&tag=maehachi-22',176439,'9998537','2005-08-31','','UCFDL0NuxUBAvvu1PnIwW2ww',NULL,0),('axWTpRpeb9I','Family Song／星野 源（Cover）','Family Song','https://www.youtube.com/watch?v=axWTpRpeb9I','https://i.ytimg.com/vi/axWTpRpeb9I/mqdefault.jpg','2018-02-18 10:34:18','2021-05-31 16:08:33','2021-05-31 16:08:33',NULL,914654,NULL,NULL,NULL,NULL,NULL,0),('B1ZE9K-pcWs','ピースサイン ／ 米津玄師 (Cover)','ピースサイン','https://www.youtube.com/watch?v=B1ZE9K-pcWs','https://i.ytimg.com/vi/B1ZE9K-pcWs/mqdefault.jpg','2019-02-15 12:00:00','2019-07-13 14:42:09','2020-04-15 09:04:44',NULL,485372,NULL,'2017-06-21',NULL,'UCx66obAJ42B0XwHIm_iupkw','19kj9kOncgQ',0),('B254xxs4ywM','ベイビー・アイラブユー／TEE（Cover）','ベイビー・アイラブユー','http://www.youtube.com/watch?v=B254xxs4ywM','http://i.ytimg.com/vi/B254xxs4ywM/0.jpg','2011-05-09 17:26:07','2014-05-09 09:59:22','2019-07-14 11:16:57','http://www.amazon.co.jp/gp/product/B005MT73KY/ref=as_li_qf_sp_asin_il_tl?ie=UTF8&camp=247&creative=1211&creativeASIN=B005MT73KY&linkCode=as2&tag=maehachi-22',3554090,'14539684','2010-10-27','','UCFDL0NuxUBAvvu1PnIwW2ww',NULL,0),('B4F-sweNJoQ','チェリー／スピッツ（Cover）','チェリー','http://www.youtube.com/watch?v=B4F-sweNJoQ','http://i.ytimg.com/vi/B4F-sweNJoQ/0.jpg','2011-06-12 13:23:43','2014-05-09 09:59:22','2020-04-15 09:05:05','http://www.amazon.co.jp/gp/product/B000E6FT38/ref=as_li_qf_sp_asin_il_tl?ie=UTF8&camp=247&creative=1211&creativeASIN=B000E6FT38&linkCode=as2&tag=maehachi-22',6853149,'15309614','1996-04-10','','UCFDL0NuxUBAvvu1PnIwW2ww',NULL,0),('B7KK4DGnxyA','C.h.a.o.s.m.y.t.h.／ONE OK ROCK（Cover）','C.h.a.o.s.m.y.t.h.','http://www.youtube.com/watch?v=B7KK4DGnxyA','http://i.ytimg.com/vi/B7KK4DGnxyA/0.jpg','2013-11-04 08:59:17','2014-05-09 09:59:21','2020-04-15 09:05:25','http://www.amazon.co.jp/gp/product/B005FOI6Y8/ref=as_li_qf_sp_asin_il_tl?ie=UTF8&camp=247&creative=1211&creativeASIN=B005FOI6Y8&linkCode=as2&tag=maehachi-22',4060144,'39978673','2011-10-05','','UCFDL0NuxUBAvvu1PnIwW2ww',NULL,0),('b9lwmxbis8M','いい日旅立ち／山口百恵（Cover）','いい日旅立ち','http://www.youtube.com/watch?v=b9lwmxbis8M','http://i.ytimg.com/vi/b9lwmxbis8M/0.jpg','2010-11-02 04:10:34','2014-05-09 09:59:23','2020-04-15 09:04:54','http://www.amazon.co.jp/gp/product/B00024ZATA/ref=as_li_qf_sp_asin_il_tl?ie=UTF8&camp=247&creative=1211&creativeASIN=B00024ZATA&linkCode=as2&tag=maehachi-22',206979,'10517678','1978-11-21','','UCFDL0NuxUBAvvu1PnIwW2ww',NULL,0),('bb_qJ33fmL4','スターライトパレード／SEKAI NO OWARI （Cover）','スターライトパレード','http://www.youtube.com/watch?v=bb_qJ33fmL4','http://i.ytimg.com/vi/bb_qJ33fmL4/0.jpg','2013-04-29 11:19:11','2014-05-09 09:59:21','2019-07-14 11:16:57','http://www.amazon.co.jp/gp/product/B0086ROM4E/ref=as_li_qf_sp_asin_il_tl?ie=UTF8&camp=247&creative=1211&creativeASIN=B0086ROM4E&linkCode=as2&tag=maehachi-22',3363178,'31709859','2011-11-23','','UCFDL0NuxUBAvvu1PnIwW2ww',NULL,0),('bCcuuRwMJjc','タイミング／ブラックビスケッツ（Cover）','タイミング','http://www.youtube.com/watch?v=bCcuuRwMJjc','http://i.ytimg.com/vi/bCcuuRwMJjc/0.jpg','2014-06-19 13:05:33','2014-06-20 17:50:33','2020-04-15 09:05:36','http://www.amazon.co.jp/gp/product/B00005EIHQ/ref=as_li_qf_sp_asin_il_tl?ie=UTF8&camp=247&creative=1211&creativeASIN=B00005EIHQ&linkCode=as2&tag=maehachi-22',1836412,'48244278','1998-04-22','','UCFDL0NuxUBAvvu1PnIwW2ww',NULL,0),('Bd52DT62MP0','何度でも／Crystal Kay（Cover）','何度でも','https://www.youtube.com/watch?v=Bd52DT62MP0','https://i.ytimg.com/vi/Bd52DT62MP0/mqdefault.jpg','2016-01-31 09:30:41','2016-02-01 14:30:59','2019-07-14 11:16:57','http://www.amazon.co.jp/gp/product/B016LAUXQ8/ref=as_li_qf_sp_asin_il_tl?ie=UTF8&camp=247&creative=1211&creativeASIN=B016LAUXQ8&linkCode=as2&tag=maehachi-22',572916,'','2015-12-16','フジテレビ系ドラマ『オトナ女子』挿入歌','UCFDL0NuxUBAvvu1PnIwW2ww',NULL,0),('bdvoqsZhzGw','Play.Goose #1(20181126)','Play.Goose #1(20181126)','https://www.youtube.com/watch?v=bdvoqsZhzGw','https://i.ytimg.com/vi/bdvoqsZhzGw/mqdefault.jpg','2018-12-21 14:14:15','2019-07-13 14:42:09','2020-04-15 10:04:26',NULL,201747,NULL,NULL,NULL,'UCx66obAJ42B0XwHIm_iupkw',NULL,1),('bDXjSP_8CAc','残酷な天使のテーゼ／高橋洋子（Cover）','残酷な天使のテーゼ','http://www.youtube.com/watch?v=bDXjSP_8CAc','http://i.ytimg.com/vi/bDXjSP_8CAc/0.jpg','2011-02-01 06:52:25','2014-05-09 09:59:23','2019-07-14 11:16:57','http://www.amazon.co.jp/gp/product/B00008CH2I/ref=as_li_qf_sp_asin_il_tl?ie=UTF8&camp=247&creative=1211&creativeASIN=B00008CH2I&linkCode=as2&tag=maehachi-22',3929363,'12320949','1995-10-25','','UCFDL0NuxUBAvvu1PnIwW2ww',NULL,0),('bhjCc-gKVvQ','Nonstop!Journey／Goose house','Nonstop!Journey','https://www.youtube.com/watch?v=bhjCc-gKVvQ','https://i.ytimg.com/vi/bhjCc-gKVvQ/mqdefault.jpg','2016-03-20 08:55:59','2016-03-20 16:35:26','2019-07-14 11:16:57','http://www.amazon.co.jp/gp/product/B017F4MUUG/ref=as_li_qf_sp_asin_il_tl?ie=UTF8&camp=247&creative=1211&creativeASIN=B017F4MUUG&linkCode=as2&tag=maehachi-22',1060247,'83809890','2015-12-09','','UCFDL0NuxUBAvvu1PnIwW2ww',NULL,0),('BjBsUko_-X0','卒業写真／松任谷由実 （Cover）','卒業写真','http://www.youtube.com/watch?v=BjBsUko_-X0','http://i.ytimg.com/vi/BjBsUko_-X0/0.jpg','2011-03-01 02:48:53','2014-05-09 09:59:23','2019-07-14 11:16:57','http://www.amazon.co.jp/gp/product/B00005GMFO/ref=as_li_qf_sp_asin_il_tl?ie=UTF8&camp=247&creative=1211&creativeASIN=B00005GMFO&linkCode=as2&tag=maehachi-22',916987,'12951725','1975-06-20','','UCFDL0NuxUBAvvu1PnIwW2ww',NULL,0),('bMd9r6hLGLY','Goose house Live Tour 2015  in NAGOYA 12/2','Goose house Live Tour 2015  in NAGOYA 12/2','https://www.youtube.com/watch?v=bMd9r6hLGLY','https://i.ytimg.com/vi/bMd9r6hLGLY/mqdefault.jpg','2015-12-03 10:18:35','2015-12-04 17:13:30','2020-04-15 08:05:45',NULL,185420,NULL,NULL,NULL,'UCFDL0NuxUBAvvu1PnIwW2ww',NULL,0),('BnGao9iV9N4','キューティーハニー／前川陽子（Cover）','キューティーハニー','http://www.youtube.com/watch?v=BnGao9iV9N4','http://i.ytimg.com/vi/BnGao9iV9N4/0.jpg','2015-03-09 11:40:24','2015-03-10 13:28:18','2019-07-14 11:16:57','',428974,'59355651','2008-02-27','','UCFDL0NuxUBAvvu1PnIwW2ww',NULL,0),('BNh4-uSSg9w','【アフタートーク】映画「ライオン・キング」Circle of Life / サークル・オブ・ライフ(Cover)','【アフタートーク】映画「ライオン・キング」Circle of Life／サークル・オブ・ライフ','https://www.youtube.com/watch?v=BNh4-uSSg9w','https://i.ytimg.com/vi/BNh4-uSSg9w/mqdefault.jpg','2020-09-20 10:00:12','2021-05-30 02:54:53','2021-06-14 14:08:44',NULL,25729,NULL,NULL,NULL,NULL,NULL,0),('BTBXci-bd9s','Superman / K.K. (Play.Goose #2 ver.)','Superman ','https://www.youtube.com/watch?v=BTBXci-bd9s','https://i.ytimg.com/vi/BTBXci-bd9s/mqdefault.jpg','2019-01-24 12:03:47','2019-07-13 14:42:09','2020-04-15 09:04:44',NULL,159052,NULL,NULL,NULL,'UCx66obAJ42B0XwHIm_iupkw','T_N8CR6PSrI',0),('btLtlF4OVyY','上を向いて歩こう／坂本九（Cover）','上を向いて歩こう','https://www.youtube.com/watch?v=btLtlF4OVyY','https://i.ytimg.com/vi/btLtlF4OVyY/mqdefault.jpg','2018-12-04 12:28:18','2019-07-13 14:42:09','2020-04-15 10:04:26',NULL,410087,NULL,'1961-10-15',NULL,'UCx66obAJ42B0XwHIm_iupkw','bdvoqsZhzGw',0),('buA3V0f-GEI','Starting Over／Mr.Children （Cover）','Starting Over','https://www.youtube.com/watch?v=buA3V0f-GEI','https://i.ytimg.com/vi/buA3V0f-GEI/mqdefault.jpg','2015-11-21 07:58:03','2015-11-21 08:16:43','2020-04-15 09:05:46','http://www.amazon.co.jp/gp/product/B00UKPVEKA/ref=as_li_qf_sp_asin_il_tl?ie=UTF8&camp=247&creative=1211&creativeASIN=B00UKPVEKA&linkCode=as2&tag=maehachi-22',780978,'76692236','2015-06-04','細田守監督作品『バケモノの子』の主題歌','UCFDL0NuxUBAvvu1PnIwW2ww',NULL,0),('BUfxw97avEU','虹／福山雅治（Cover）','虹','http://www.youtube.com/watch?v=BUfxw97avEU','http://i.ytimg.com/vi/BUfxw97avEU/0.jpg','2014-09-20 11:44:58','2014-10-29 11:19:59','2020-04-15 09:05:36','http://www.amazon.co.jp/gp/product/B00439HVH4/ref=as_li_qf_sp_asin_il_tl?ie=UTF8&camp=247&creative=1211&creativeASIN=B00439HVH4&linkCode=as2&tag=maehachi-22',666630,'52063067','2003-08-27','','UCFDL0NuxUBAvvu1PnIwW2ww',NULL,0),('BvsK5HN3WiU','Play You. House 2nd 10/02 05','Play You. House 2nd 10/02 05','http://www.youtube.com/watch?v=BvsK5HN3WiU','http://i.ytimg.com/vi/BvsK5HN3WiU/0.jpg','2010-10-05 09:42:56','2014-05-09 09:59:23','2020-03-26 07:04:55','http://www.amazon.co.jp/gp/product/B0015G9CCA/ref=as_li_qf_sp_asin_il_tl?ie=UTF8&camp=247&creative=1211&creativeASIN=B0015G9CCA&linkCode=as2&tag=maehachi-22',108281,'9950624','1995-08-21','Hello, Again ～昔からある場所～／My Little Lover（Cover）','UCFDL0NuxUBAvvu1PnIwW2ww',NULL,0),('BwHi6k50f7A','あとひとつ／FUNKY MONKEY BABYS（Cover）','あとひとつ','http://www.youtube.com/watch?v=BwHi6k50f7A','http://i.ytimg.com/vi/BwHi6k50f7A/0.jpg','2013-11-27 12:20:41','2014-05-09 09:59:21','2020-04-15 09:05:25','http://www.amazon.co.jp/gp/product/B00B4G1YCM/ref=as_li_qf_sp_asin_il_tl?ie=UTF8&camp=247&creative=1211&creativeASIN=B00B4G1YCM&linkCode=as2&tag=maehachi-22',7836570,'40817131','2010-08-04','','UCFDL0NuxUBAvvu1PnIwW2ww',NULL,0),('bwVkn8Z0YHk','アリア／BUMP OF CHIKEN（Cover）','アリア','https://www.youtube.com/watch?v=bwVkn8Z0YHk','https://i.ytimg.com/vi/bwVkn8Z0YHk/mqdefault.jpg','2016-12-15 10:41:54','2016-12-15 14:25:02','2020-04-15 09:05:56','',390398,'92922603','2016-08-17','BUMP OF CHICKENの6作目の配信限定シングルであり、TBS系ドラマ『仰げば尊し』主題歌','UCFDL0NuxUBAvvu1PnIwW2ww',NULL,0),('bxNd3fJRHTs','渡月橋 〜君 想ふ〜／倉木麻衣（Cover）','渡月橋 〜君 想ふ〜','https://www.youtube.com/watch?v=bxNd3fJRHTs','https://i.ytimg.com/vi/bxNd3fJRHTs/mqdefault.jpg','2017-06-04 11:08:31','2017-06-04 14:36:04','2020-04-15 09:06:07','https://www.amazon.co.jp/gp/product/B06XHLCW7B/ref=as_li_qf_sp_asin_il_tl?ie=UTF8&tag=maehachi-22&camp=247&creative=1211&linkCode=as2&creativeASIN=B06XHLCW7B&linkId=ee9821ab812183bfb44d80a1dc2b9a6d',2736862,'103475403','2017-04-12','劇場版『名探偵コナン から紅の恋歌』主題歌','UCFDL0NuxUBAvvu1PnIwW2ww',NULL,0),('C_Srcfj7qHA','Won\'t Be Long／バブルガム・ブラザーズ（Cover）','Won\'t Be Long','http://www.youtube.com/watch?v=C_Srcfj7qHA','http://i.ytimg.com/vi/C_Srcfj7qHA/0.jpg','2013-03-19 11:01:05','2014-05-09 09:59:21','2019-07-14 11:16:57','http://www.amazon.co.jp/gp/product/B002OIH7HU/ref=as_li_qf_sp_asin_il_tl?ie=UTF8&camp=247&creative=1211&creativeASIN=B002OIH7HU&linkCode=as2&tag=maehachi-22',318703,'29848622','1990-08-22','','UCFDL0NuxUBAvvu1PnIwW2ww',NULL,0),('C138QPKNU2U','アイシテル／清水翔太（Cover）','アイシテル','http://www.youtube.com/watch?v=C138QPKNU2U','http://i.ytimg.com/vi/C138QPKNU2U/0.jpg','2011-10-17 16:37:02','2014-05-09 09:59:22','2020-04-15 09:05:05','http://www.amazon.co.jp/gp/product/B0017LF7MM/ref=as_li_qf_sp_asin_il_tl?ie=UTF8&camp=247&creative=1211&creativeASIN=B0017LF7MM&linkCode=as2&tag=maehachi-22',1936288,'17889327','2008-06-04','','UCFDL0NuxUBAvvu1PnIwW2ww',NULL,0),('c3PCcMAgIx8','君がいない夏／DEEN （Cover）','君がいない夏','http://www.youtube.com/watch?v=c3PCcMAgIx8','http://i.ytimg.com/vi/c3PCcMAgIx8/0.jpg','2011-07-17 16:47:32','2014-05-09 09:59:22','2020-04-15 09:05:05','http://www.amazon.co.jp/gp/product/B00005F5HC/ref=as_li_qf_sp_asin_il_tl?ie=UTF8&camp=247&creative=1211&creativeASIN=B00005F5HC&linkCode=as2&tag=maehachi-22',932952,'','1997-08-27',NULL,'UCFDL0NuxUBAvvu1PnIwW2ww',NULL,0),('C59zJ-olG34','かくれんぼ／Play.Goose (Original)','かくれんぼ','https://www.youtube.com/watch?v=C59zJ-olG34','https://i.ytimg.com/vi/C59zJ-olG34/mqdefault.jpg','2020-03-08 10:08:32','2021-05-30 02:54:55','2021-06-18 10:26:37',NULL,76779,NULL,'2019-10-29',NULL,NULL,'ch-hn0rMkWc',0),('C6xMKvMyngs','SUN／星野 源（Cover）','SUN','https://www.youtube.com/watch?v=C6xMKvMyngs','https://i.ytimg.com/vi/C6xMKvMyngs/mqdefault.jpg','2015-10-18 11:35:25','2015-10-20 11:24:04','2020-04-15 09:05:46','http://www.amazon.co.jp/gp/product/B00VHDYJRY/ref=as_li_qf_sp_asin_il_tl?ie=UTF8&camp=247&creative=1211&creativeASIN=B00VHDYJRY&linkCode=as2&tag=maehachi-22',11775059,'73085139','2015-05-27','','UCFDL0NuxUBAvvu1PnIwW2ww',NULL,0),('C7WtyHNqs4w','年上の彼女／ワタナベシュウヘイ（Goose houseメンバー）','年上の彼女','https://www.youtube.com/watch?v=C7WtyHNqs4w','https://i.ytimg.com/vi/C7WtyHNqs4w/mqdefault.jpg','2016-07-05 11:11:05','2016-08-03 10:47:35','2020-04-15 09:05:57','https://www.amazon.co.jp/gp/product/B01G70EH3C/ref=as_li_qf_sp_asin_il_tl?ie=UTF8&camp=247&creative=1211&creativeASIN=B01G70EH3C&linkCode=as2&tag=maehachi-22',287560,'','2016-07-06','','UCFDL0NuxUBAvvu1PnIwW2ww',NULL,0),('C7xvp72iCDg','Goosehouse × David Choi','Goosehouse × David Choi','http://www.youtube.com/watch?v=C7xvp72iCDg','http://i.ytimg.com/vi/C7xvp72iCDg/0.jpg','2012-06-11 11:08:50','2014-05-09 09:59:22','2020-04-15 08:05:15','',222031,'',NULL,NULL,'UCFDL0NuxUBAvvu1PnIwW2ww',NULL,0),('CALZ26GuQ1E','シンクロニシティ／乃木坂46（Cover）','シンクロニシティ','https://www.youtube.com/watch?v=CALZ26GuQ1E','https://i.ytimg.com/vi/CALZ26GuQ1E/mqdefault.jpg','2018-09-24 09:28:16','2019-03-17 06:30:00','2020-04-15 09:06:15','https://www.amazon.co.jp/gp/product/B07B142826/ref=as_li_qf_asin_il_tl?ie=UTF8&tag=maehachi-22&creative=1211&linkCode=as2&creativeASIN=B07B142826&linkId=59cf01e68ea5402ddd014ef3162a3c70',1637221,NULL,'2018-04-25','','UCFDL0NuxUBAvvu1PnIwW2ww',NULL,0),('cDcIlV21oHI','浪漫飛行／米米CLUB（Cover）','浪漫飛行','https://www.youtube.com/watch?v=cDcIlV21oHI','https://i.ytimg.com/vi/cDcIlV21oHI/mqdefault.jpg','2018-03-22 11:15:40','2019-03-17 06:30:00','2020-04-15 09:06:16',NULL,1656906,NULL,NULL,NULL,'UCFDL0NuxUBAvvu1PnIwW2ww',NULL,0),('CENfFHw9Kg8','『バッハの旋律を夜に聴いたせいです。』／サカナクション（Cover）','『バッハの旋律を夜に聴いたせいです。』','http://www.youtube.com/watch?v=CENfFHw9Kg8','http://i.ytimg.com/vi/CENfFHw9Kg8/0.jpg','2012-06-08 00:30:40','2014-05-09 09:59:22','2020-04-11 08:06:52','http://www.amazon.co.jp/gp/product/B005DWBZMM/ref=as_li_qf_sp_asin_il_tl?ie=UTF8&camp=247&creative=1211&creativeASIN=B005DWBZMM&linkCode=as2&tag=maehachi-22',892056,'17180971','2011-06-28','','UCFDL0NuxUBAvvu1PnIwW2ww',NULL,0),('ch-hn0rMkWc','Streaming live Play.Goose #February 2020 \"かくれんぼ\"(20200221)','Streaming live Play.Goose #February 2020 \"かくれんぼ\"(20200221)','https://www.youtube.com/watch?v=ch-hn0rMkWc','https://i.ytimg.com/vi/ch-hn0rMkWc/mqdefault.jpg','2020-03-05 11:17:08','2021-05-30 02:54:56','2021-07-08 15:04:11',NULL,39056,NULL,NULL,'1. PGニュースコーナー\n2. この指とまれ／Goose house\n3. かくれんぼ／Play.Goose\n4. だから僕は音楽を辞めた／ヨルシカ\n5. 「Play.Goose Fes 2020 (仮)  Studio Session.」 動画紹介\n6. 不協和音／欅坂46',NULL,NULL,1),('cIDPdhKkfYI','I Wish For You／EXILE（Cover）','I Wish For You','http://www.youtube.com/watch?v=cIDPdhKkfYI','http://i.ytimg.com/vi/cIDPdhKkfYI/0.jpg','2011-02-01 06:37:32','2014-05-09 09:59:23','2019-07-14 11:16:57','http://www.amazon.co.jp/gp/product/B004H7SXDI/ref=as_li_qf_sp_asin_il_tl?ie=UTF8&camp=247&creative=1211&creativeASIN=B004H7SXDI&linkCode=as2&tag=maehachi-22',734212,'12320949','2010-10-06','','UCFDL0NuxUBAvvu1PnIwW2ww',NULL,0),('cjQ2eORmIUo','夏色／ゆず （Cover）','夏色','http://www.youtube.com/watch?v=cjQ2eORmIUo','http://i.ytimg.com/vi/cjQ2eORmIUo/0.jpg','2012-08-19 10:23:15','2014-05-09 09:59:22','2020-04-15 09:05:15','',3664042,'24624356','1998-06-03','','UCFDL0NuxUBAvvu1PnIwW2ww',NULL,0),('cjXr122Rxg4','恋音と雨空／AAA（Cover）','恋音と雨空','http://www.youtube.com/watch?v=cjXr122Rxg4','http://i.ytimg.com/vi/cjXr122Rxg4/0.jpg','2014-02-06 10:07:17','2014-05-09 09:59:21','2019-07-14 11:16:57','http://www.amazon.co.jp/gp/product/B00DTTI6IM/ref=as_li_qf_sp_asin_il_tl?ie=UTF8&camp=247&creative=1211&creativeASIN=B00DTTI6IM&linkCode=as2&tag=maehachi-22',2377268,'43068972','2013-09-04','','UCFDL0NuxUBAvvu1PnIwW2ww',NULL,0),('CKafUF9GCsU','映画「トイ・ストーリー」より「You&#39;ve Got a Friend in Me／君はともだち」（Cover by Play.Goose）','You\'ve Got a Friend in Me／君はともだち','https://www.youtube.com/watch?v=CKafUF9GCsU','https://i.ytimg.com/vi/CKafUF9GCsU/mqdefault.jpg','2020-09-26 11:00:14','2021-05-30 02:54:53','2021-06-03 14:14:56',NULL,101878,NULL,NULL,NULL,NULL,NULL,0),('CKl-rk50NMo','放課後ヒロイン／齊藤ジョニー（Goose houseメンバー）','放課後ヒロイン','https://www.youtube.com/watch?v=CKl-rk50NMo','https://i.ytimg.com/vi/CKl-rk50NMo/mqdefault.jpg','2016-07-05 11:08:52','2016-08-03 10:47:35','2020-04-15 08:05:56','https://www.amazon.co.jp/gp/product/B01G70EH3C/ref=as_li_qf_sp_asin_il_tl?ie=UTF8&camp=247&creative=1211&creativeASIN=B01G70EH3C&linkCode=as2&tag=maehachi-22',209389,'','2016-07-06','','UCFDL0NuxUBAvvu1PnIwW2ww',NULL,0),('cnQhFRSvVtQ','笑ったままで／Goose house','笑ったままで','https://www.youtube.com/watch?v=cnQhFRSvVtQ','https://i.ytimg.com/vi/cnQhFRSvVtQ/mqdefault.jpg','2015-10-18 11:34:11','2015-10-20 11:24:04','2020-04-15 09:05:46','http://www.amazon.co.jp/gp/product/B00SLMZNUG/ref=as_li_qf_sp_asin_il_tl?ie=UTF8&camp=247&creative=1211&creativeASIN=B00SLMZNUG&linkCode=as2&tag=maehachi-22',437822,'73085139','2015-02-25','','UCFDL0NuxUBAvvu1PnIwW2ww',NULL,0),('CnV34wsvbCE','Play You. House 08/21 15','Play You. House 08/21 15','http://www.youtube.com/watch?v=CnV34wsvbCE','http://i.ytimg.com/vi/CnV34wsvbCE/0.jpg','2010-08-24 11:41:07','2014-05-09 09:59:23','2020-03-26 07:04:55','http://www.amazon.co.jp/gp/product/B00005V2TA/ref=as_li_qf_sp_asin_il_tl?ie=UTF8&camp=247&creative=1211&creativeASIN=B00005V2TA&linkCode=as2&tag=maehachi-22',180142,'9061460','2001-06-06','Best Friend／kiroro（Cover）','UCFDL0NuxUBAvvu1PnIwW2ww',NULL,0),('Co0TmFvqxvY','RPG／SEKAI NO OWARI（Cover）','RPG','http://www.youtube.com/watch?v=Co0TmFvqxvY','http://i.ytimg.com/vi/Co0TmFvqxvY/0.jpg','2013-08-31 11:40:24','2014-05-09 09:59:21','2020-04-15 09:05:26','http://www.amazon.co.jp/gp/product/B00BJF0D16/ref=as_li_qf_sp_asin_il_tl?ie=UTF8&camp=247&creative=1211&creativeASIN=B00BJF0D16&linkCode=as2&tag=maehachi-22',11809983,'37732285','2013-05-01','','UCFDL0NuxUBAvvu1PnIwW2ww',NULL,0),('cP6x1-YIBmM','両想いキップ ／神田莉緒香（Original）','両想いキップ ','http://www.youtube.com/watch?v=cP6x1-YIBmM','http://i.ytimg.com/vi/cP6x1-YIBmM/0.jpg','2010-08-24 10:40:55','2014-05-09 09:59:23','2019-07-14 11:16:57','',658116,'9061460',NULL,'','UCFDL0NuxUBAvvu1PnIwW2ww',NULL,0),('cSBSyoTyli0','桜／河口恭吾（Cover）','桜','http://www.youtube.com/watch?v=cSBSyoTyli0','http://i.ytimg.com/vi/cSBSyoTyli0/0.jpg','2015-04-12 06:45:08','2015-04-12 08:04:25','2019-07-14 11:16:57','http://www.amazon.co.jp/gp/product/B000E6G1E4/ref=as_li_qf_sp_asin_il_tl?ie=UTF8&camp=247&creative=1211&creativeASIN=B000E6G1E4&linkCode=as2&tag=maehachi-22',726517,'60451621','2003-12-10','','UCFDL0NuxUBAvvu1PnIwW2ww',NULL,0),('csSLXUP9xk0','木蘭の涙／スターダスト・レビュー（Cover）','木蘭の涙','http://www.youtube.com/watch?v=csSLXUP9xk0','http://i.ytimg.com/vi/csSLXUP9xk0/0.jpg','2013-02-26 11:01:02','2014-05-09 09:59:21','2019-07-14 11:16:57','http://www.amazon.co.jp/gp/product/B0008JH3UI/ref=as_li_qf_sp_asin_il_tl?ie=UTF8&camp=247&creative=1211&creativeASIN=B0008JH3UI&linkCode=as2&tag=maehachi-22',719769,'29325660','1993-03-10','','UCFDL0NuxUBAvvu1PnIwW2ww',NULL,0),('cTbw-PqU514','うれしい!たのしい!大好き! ／DREAMS COME TRUE（Cover）','うれしい!たのしい!大好き! ','https://www.youtube.com/watch?v=cTbw-PqU514','https://i.ytimg.com/vi/cTbw-PqU514/mqdefault.jpg','2015-10-18 11:31:38','2015-10-20 11:24:04','2020-04-15 09:05:46','http://www.amazon.co.jp/gp/product/B00UY6LTSC/ref=as_li_qf_sp_asin_il_tl?ie=UTF8&camp=247&creative=1211&creativeASIN=B00UY6LTSC&linkCode=as2&tag=maehachi-22',1376755,'73085139','1989-09-01','','UCFDL0NuxUBAvvu1PnIwW2ww',NULL,0),('CTFojUn0u9w','SAKURA／いきものがかり（Cover）','SAKURA','https://www.youtube.com/watch?v=CTFojUn0u9w','https://i.ytimg.com/vi/CTFojUn0u9w/mqdefault.jpg','2017-02-20 10:35:40','2017-03-04 06:40:47','2019-07-14 11:16:57','https://www.amazon.co.jp/gp/product/B0191BXPT6/ref=as_li_qf_sp_asin_il_tl?ie=UTF8&tag=maehachi-22&camp=247&creative=1211&linkCode=as2&creativeASIN=B0191BXPT6&linkId=2cfe20f364e52e4968ffff07d3f7a9c8',908395,'99433441','2006-03-15','いきものがかりのメジャーデビューシングル','UCFDL0NuxUBAvvu1PnIwW2ww',NULL,0),('CVoOKCn3888','You／Goose house （ツアーリハーサル風景 覗き見 ）','You','https://www.youtube.com/watch?v=CVoOKCn3888','https://i.ytimg.com/vi/CVoOKCn3888/mqdefault.jpg','2017-02-17 11:00:05','2017-03-04 06:40:47','2019-07-14 11:16:57','https://www.amazon.co.jp/gp/product/B01N1S5ITF/ref=as_li_qf_sp_asin_il_tl?ie=UTF8&tag=maehachi-22&camp=247&creative=1211&linkCode=as2&creativeASIN=B01N1S5ITF&linkId=463a88db3f88c9e187ef04860c116178',114204,'','2017-02-22','','UCFDL0NuxUBAvvu1PnIwW2ww',NULL,0),('CxwCDe8CbO0','桜坂／福山雅治（Cover）','桜坂','http://www.youtube.com/watch?v=CxwCDe8CbO0','http://i.ytimg.com/vi/CxwCDe8CbO0/0.jpg','2014-05-03 11:36:23','2014-05-09 09:59:20','2019-09-15 10:06:43','http://www.amazon.co.jp/gp/product/B000059HTZ/ref=as_li_qf_sp_asin_il_tl?ie=UTF8&camp=247&creative=1211&creativeASIN=B000059HTZ&linkCode=as2&tag=maehachi-22',1522123,'46054780','2000-04-26','','UCFDL0NuxUBAvvu1PnIwW2ww',NULL,0),('CYBl8uNMfKQ','涙／FUNKY MONKEY BABYS （Cover）','涙','http://www.youtube.com/watch?v=CYBl8uNMfKQ','http://i.ytimg.com/vi/CYBl8uNMfKQ/0.jpg','2010-10-26 11:44:17','2014-05-09 09:59:23','2020-04-15 09:04:54','http://www.amazon.co.jp/gp/product/B002XYK9X4/ref=as_li_qf_sp_asin_il_tl?ie=UTF8&camp=247&creative=1211&creativeASIN=B002XYK9X4&linkCode=as2&tag=maehachi-22',683124,'10369900','2010-01-27','','UCFDL0NuxUBAvvu1PnIwW2ww',NULL,0),('CZrChkoycBA','Follow me／E-Girls （Cover）','Follow me','http://www.youtube.com/watch?v=CZrChkoycBA','http://i.ytimg.com/vi/CZrChkoycBA/0.jpg','2012-11-04 09:27:24','2014-05-09 09:59:21','2020-04-15 09:05:15','http://www.amazon.co.jp/gp/product/B008S04EK6/ref=as_li_qf_sp_asin_il_tl?ie=UTF8&camp=247&creative=1211&creativeASIN=B008S04EK6&linkCode=as2&tag=maehachi-22',1152111,'26463350','2012-10-03','','UCFDL0NuxUBAvvu1PnIwW2ww',NULL,0),('d_lR7EfEJKo','ディスコの神様 feat.藤井隆／tofubeats（Cover）','ディスコの神様 feat.藤井隆','https://www.youtube.com/watch?v=d_lR7EfEJKo','https://i.ytimg.com/vi/d_lR7EfEJKo/mqdefault.jpg','2015-07-13 10:04:30','2015-07-18 08:09:22','2020-04-15 08:05:46','http://www.amazon.co.jp/gp/product/B00J69ZVW8/ref=as_li_qf_sp_asin_il_tl?ie=UTF8&camp=247&creative=1211&creativeASIN=B00J69ZVW8&linkCode=as2&tag=maehachi-22',782231,'65130840','2014-04-30',NULL,'UCFDL0NuxUBAvvu1PnIwW2ww',NULL,0),('dACw-xCioBE','Baby Don\'t Cry／安室奈美恵（Cover）','Baby Don\'t Cry','http://www.youtube.com/watch?v=dACw-xCioBE','http://i.ytimg.com/vi/dACw-xCioBE/0.jpg','2010-12-14 04:44:40','2014-05-09 09:59:23','2020-04-15 09:04:54','http://www.amazon.co.jp/gp/product/B001AAZ4GO/ref=as_li_qf_sp_asin_il_tl?ie=UTF8&camp=247&creative=1211&creativeASIN=B001AAZ4GO&linkCode=as2&tag=maehachi-22',1690891,'11373188','2007-01-24','','UCFDL0NuxUBAvvu1PnIwW2ww',NULL,0),('DbpfjUyk_jw','ツバサ／アンダーグラフ（Cover）','ツバサ','http://www.youtube.com/watch?v=DbpfjUyk_jw','http://i.ytimg.com/vi/DbpfjUyk_jw/0.jpg','2014-06-19 13:04:05','2014-06-20 17:50:33','2020-04-15 09:05:36','http://www.amazon.co.jp/gp/product/B003TIB23E/ref=as_li_qf_sp_asin_il_tl?ie=UTF8&camp=247&creative=1211&creativeASIN=B003TIB23E&linkCode=as2&tag=maehachi-22',2494965,'48244278','2004-09-22','','UCFDL0NuxUBAvvu1PnIwW2ww',NULL,0),('dCKMLrTvV04','Play You. House 08/21 14 メドレー','Play You. House 08/21 14 メドレー','http://www.youtube.com/watch?v=dCKMLrTvV04','http://i.ytimg.com/vi/dCKMLrTvV04/0.jpg','2010-08-24 11:33:08','2014-05-09 09:59:23','2020-03-26 07:04:55','',102181,'9061460','2010-08-21','Play You. Houseスペシャルメドレー(バラードバージョン)','UCFDL0NuxUBAvvu1PnIwW2ww',NULL,0),('DcoBmvRTEZ4','Goose house New Single『光るなら』TVCM','Goose house New Single『光るなら』TVCM','http://www.youtube.com/watch?v=DcoBmvRTEZ4','http://i.ytimg.com/vi/DcoBmvRTEZ4/0.jpg','2014-10-17 11:09:54','2014-10-29 11:19:58','2020-04-15 09:05:36','http://www.amazon.co.jp/gp/product/B00NLLNGT2/ref=as_li_qf_sp_asin_il_tl?ie=UTF8&camp=247&creative=1211&creativeASIN=B00NLLNGT2&linkCode=as2&tag=maehachi-22',1208592,'','2014-11-19',NULL,'UCFDL0NuxUBAvvu1PnIwW2ww',NULL,0),('DctkTzlyDDg','サウダージ／ポルノグラフィティ（Cover）','サウダージ','http://www.youtube.com/watch?v=DctkTzlyDDg','http://i.ytimg.com/vi/DctkTzlyDDg/0.jpg','2015-05-05 06:50:28','2015-05-06 01:15:38','2019-07-14 11:16:57','http://www.amazon.co.jp/gp/product/B00EZ2D32G/ref=as_li_qf_sp_asin_il_tl?ie=UTF8&camp=247&creative=1211&creativeASIN=B00EZ2D32G&linkCode=as2&tag=maehachi-22',3272945,'61239113','2000-09-13','','UCFDL0NuxUBAvvu1PnIwW2ww',NULL,0),('dCXoOWgPnHc','HOYメドレー(2011〜2018) Special ver. / Play.Goose #2（後半副音声付き）','HOYメドレー(2011〜2018) Special ver. ','https://www.youtube.com/watch?v=dCXoOWgPnHc','https://i.ytimg.com/vi/dCXoOWgPnHc/mqdefault.jpg','2018-12-31 09:57:33','2019-07-13 14:42:09','2020-04-15 10:04:26',NULL,361841,NULL,NULL,NULL,'UCx66obAJ42B0XwHIm_iupkw','T_N8CR6PSrI',0),('ddgcjiFfrd4','何度でも／Dreams Come True（Cover）','何度でも','http://www.youtube.com/watch?v=ddgcjiFfrd4','http://i.ytimg.com/vi/ddgcjiFfrd4/0.jpg','2014-11-02 10:00:39','2014-12-11 12:13:11','2020-04-15 09:05:36','http://www.amazon.co.jp/gp/product/B000E0OFPC/ref=as_li_qf_sp_asin_il_tl?ie=UTF8&camp=247&creative=1211&creativeASIN=B000E0OFPC&linkCode=as2&tag=maehachi-22',7373521,'54137147','2005-02-16','','UCFDL0NuxUBAvvu1PnIwW2ww',NULL,0),('dEHDd8S2HBQ','国境のない時代 ／坂道AKB(Cover）','国境のない時代','https://www.youtube.com/watch?v=dEHDd8S2HBQ','https://i.ytimg.com/vi/dEHDd8S2HBQ/mqdefault.jpg','2018-06-05 10:17:39','2019-03-17 06:30:01','2020-04-15 09:06:15','https://www.amazon.co.jp/gp/product/B0794PSP94/ref=as_li_qf_asin_il_tl?ie=UTF8&tag=maehachi-22&creative=1211&linkCode=as2&creativeASIN=B0794PSP94&linkId=6181ae78df7fab296ec24c2d3c56334e',492576,NULL,'2018-03-14','AKB48 51stシングル『ジャーバージャ』 Type E収録曲','UCFDL0NuxUBAvvu1PnIwW2ww',NULL,0),('dgiOMveoFko','光るなら／Goose house(Play.Goose #3 ver.)','光るなら','https://www.youtube.com/watch?v=dgiOMveoFko','https://i.ytimg.com/vi/dgiOMveoFko/mqdefault.jpg','2019-02-20 10:51:49','2019-07-13 14:42:09','2020-04-15 09:04:44',NULL,452152,NULL,'2014-11-29','\"ノイタミナ\"アニメ『四月は君の嘘』オープニングテーマ','UCx66obAJ42B0XwHIm_iupkw','19kj9kOncgQ',0),('dhQeNAv_RoA','アイ／秦基博（Cover）','アイ','http://www.youtube.com/watch?v=dhQeNAv_RoA','http://i.ytimg.com/vi/dhQeNAv_RoA/0.jpg','2011-07-31 17:29:22','2014-05-09 09:59:22','2020-04-15 09:05:05','http://www.amazon.co.jp/gp/product/B003X0G8PU/ref=as_li_qf_sp_asin_il_tl?ie=UTF8&camp=247&creative=1211&creativeASIN=B003X0G8PU&linkCode=as2&tag=maehachi-22',992341,'16329822','2010-01-13','','UCFDL0NuxUBAvvu1PnIwW2ww',NULL,0),('dJ-Px0dZH8A','MUSIC ~涙の虹〜／Goose house','MUSIC ~涙の虹〜','https://www.youtube.com/watch?v=dJ-Px0dZH8A','https://i.ytimg.com/vi/dJ-Px0dZH8A/mqdefault.jpg','2017-08-13 09:05:46','2017-09-14 15:24:55','2020-04-15 09:06:07','https://www.amazon.co.jp/gp/product/B01LTI9K7U/ref=as_li_qf_sp_asin_il_tl?ie=UTF8&tag=maehachi-22&camp=247&creative=1211&linkCode=as2&creativeASIN=B01LTI9K7U&linkId=6815182da0fdff4cc35bc20919d5c440',622097,'106102539','2017-02-22','','UCFDL0NuxUBAvvu1PnIwW2ww',NULL,0),('dj93e1nLGwE','歩いていこう／いきものがかり（Cover）','歩いていこう','http://www.youtube.com/watch?v=dj93e1nLGwE','http://i.ytimg.com/vi/dj93e1nLGwE/0.jpg','2012-06-01 13:46:58','2014-05-09 09:59:22','2019-09-15 14:05:05','http://www.amazon.co.jp/gp/product/B005OCSUII/ref=as_li_qf_sp_asin_il_tl?ie=UTF8&camp=247&creative=1211&creativeASIN=B005OCSUII&linkCode=as2&tag=maehachi-22',1467926,'22862395','2011-11-23','','UCFDL0NuxUBAvvu1PnIwW2ww',NULL,0),('DKtmZBFmS7s','もう恋なんてしない／BENI（Cover）','もう恋なんてしない','http://www.youtube.com/watch?v=DKtmZBFmS7s','http://i.ytimg.com/vi/DKtmZBFmS7s/0.jpg','2012-07-20 11:03:56','2014-05-09 09:59:22','2020-04-15 09:05:16','http://www.amazon.co.jp/gp/product/B006YPTP6K/ref=as_li_qf_sp_asin_il_tl?ie=UTF8&camp=247&creative=1211&creativeASIN=B006YPTP6K&linkCode=as2&tag=maehachi-22',1683265,'23982063','2012-03-21','','UCFDL0NuxUBAvvu1PnIwW2ww',NULL,0),('Dl9e-F2DHx8','雨やどり／さだまさし（Cover）','雨やどり','https://www.youtube.com/watch?v=Dl9e-F2DHx8','https://i.ytimg.com/vi/Dl9e-F2DHx8/mqdefault.jpg','2016-11-20 11:28:46','2016-11-24 10:26:16','2020-04-15 09:05:56','https://www.amazon.co.jp/gp/product/B00CCRY3O8/ref=as_li_qf_sp_asin_il_tl?ie=UTF8&camp=247&creative=1211&creativeASIN=B00CCRY3O8&linkCode=as2&tag=maehachi-22',511148,'92517041','1977-03-10','竹澤汀ちゃん製作のイラストによる紙芝居とメンバーの小芝居による演奏','UCFDL0NuxUBAvvu1PnIwW2ww',NULL,0),('Dlp-u__XN4s','2021年3月6日(Sat.)無観客ライブ再放送決定！〜2020.3.3 rehearsal digest.〜','2021年3月6日(Sat.)無観客ライブ再放送決定！〜2020.3.3 rehearsal digest.〜','https://www.youtube.com/watch?v=Dlp-u__XN4s','https://i.ytimg.com/vi/Dlp-u__XN4s/mqdefault.jpg','2020-03-01 08:58:08','2021-05-30 02:54:56','2021-05-30 02:54:56',NULL,19960,NULL,NULL,NULL,NULL,NULL,0),('DM1iiAkOEK0','ダイジナコト／AAA（Cover）','ダイジナコト','http://www.youtube.com/watch?v=DM1iiAkOEK0','http://i.ytimg.com/vi/DM1iiAkOEK0/0.jpg','2011-03-25 13:39:10','2014-05-09 09:59:23','2019-07-14 11:16:58','http://www.amazon.co.jp/gp/product/B004EVW46O/ref=as_li_qf_sp_asin_il_tl?ie=UTF8&camp=247&creative=1211&creativeASIN=B004EVW46O&linkCode=as2&tag=maehachi-22',628860,'','2011-02-16',NULL,'UCFDL0NuxUBAvvu1PnIwW2ww',NULL,0),('docM0c2goms','Beautiful／Superfly（Cover）','Beautiful','https://www.youtube.com/watch?v=docM0c2goms','https://i.ytimg.com/vi/docM0c2goms/mqdefault.jpg','2016-01-31 09:33:53','2016-02-01 14:30:59','2019-07-14 11:16:58','http://www.amazon.co.jp/gp/product/B00V96AJTG/ref=as_li_qf_sp_asin_il_tl?ie=UTF8&camp=247&creative=1211&creativeASIN=B00V96AJTG&linkCode=as2&tag=maehachi-22',1482661,'','2015-05-27','TBS系 火曜ドラマ『マザー・ゲーム～彼女たちの階級～』主題歌','UCFDL0NuxUBAvvu1PnIwW2ww',NULL,0),('DPGYwAZHBlY','ホタルノヒカリ／いきものがかり（Cover）','ホタルノヒカリ','http://www.youtube.com/watch?v=DPGYwAZHBlY','http://i.ytimg.com/vi/DPGYwAZHBlY/0.jpg','2015-03-09 11:41:09','2015-03-09 14:43:13','2019-07-14 11:16:58','http://www.amazon.co.jp/gp/product/B002AD9W5E/ref=as_li_qf_sp_asin_il_tl?ie=UTF8&camp=247&creative=1211&creativeASIN=B002AD9W5E&linkCode=as2&tag=maehachi-22',529768,'59355651','2009-07-15','','UCFDL0NuxUBAvvu1PnIwW2ww',NULL,0),('DPS3loXzGTw','アゲハ蝶／ポルノグラフィティ（Cover）','アゲハ蝶','http://www.youtube.com/watch?v=DPS3loXzGTw','http://i.ytimg.com/vi/DPS3loXzGTw/0.jpg','2013-11-27 12:17:40','2014-05-09 09:59:21','2020-04-15 09:05:25','http://www.amazon.co.jp/gp/product/B00005L9L7/ref=as_li_qf_sp_asin_il_tl?ie=UTF8&camp=247&creative=1211&creativeASIN=B00005L9L7&linkCode=as2&tag=maehachi-22',4535680,'40817131','2001-06-27','','UCFDL0NuxUBAvvu1PnIwW2ww',NULL,0),('DqS1HZcVxps','ラフ・メイカー／BUMP OF CHICKEN（Cover）','ラフ・メイカー','http://www.youtube.com/watch?v=DqS1HZcVxps','http://i.ytimg.com/vi/DqS1HZcVxps/0.jpg','2014-03-09 09:00:00','2014-05-09 09:59:21','2019-07-14 11:16:58','http://www.amazon.co.jp/gp/product/B00005HLUB/ref=as_li_qf_sp_asin_il_tl?ie=UTF8&camp=247&creative=1211&creativeASIN=B00005HLUB&linkCode=as2&tag=maehachi-22',815882,'44107451','2000-09-20','','UCFDL0NuxUBAvvu1PnIwW2ww',NULL,0),('dT-I8vThSuA','さよならの夏〜コクリコ坂から／手嶌葵（Cover）','さよならの夏〜コクリコ坂から','http://www.youtube.com/watch?v=dT-I8vThSuA','http://i.ytimg.com/vi/dT-I8vThSuA/0.jpg','2011-08-10 16:15:27','2014-05-09 09:59:22','2020-04-15 09:05:05','http://www.amazon.co.jp/gp/product/B004U48TQO/ref=as_li_qf_sp_asin_il_tl?ie=UTF8&camp=247&creative=1211&creativeASIN=B004U48TQO&linkCode=as2&tag=maehachi-22',470142,'16469562','2011-06-01','','UCFDL0NuxUBAvvu1PnIwW2ww',NULL,0),('DUhwkuh-5JM','Goosehouse ニュー シングル「この指とまれ」 3.13配信スタート！','Goosehouse ニュー シングル「この指とまれ」 3.13配信スタート！','http://www.youtube.com/watch?v=DUhwkuh-5JM','http://i.ytimg.com/vi/DUhwkuh-5JM/0.jpg','2013-03-09 14:00:55','2014-05-09 09:59:21','2019-07-14 11:16:58','',243922,'','2013-03-20',NULL,'UCFDL0NuxUBAvvu1PnIwW2ww',NULL,0),('dVBYPu1Oopg','ハッピーエンド／back number（Cover）','ハッピーエンド','https://www.youtube.com/watch?v=dVBYPu1Oopg','https://i.ytimg.com/vi/dVBYPu1Oopg/mqdefault.jpg','2016-12-15 10:42:52','2016-12-15 14:25:02','2020-04-15 09:05:56','https://www.amazon.co.jp/gp/product/B01LQWYY48/ref=as_li_qf_sp_asin_il_tl?ie=UTF8&camp=247&creative=1211&creativeASIN=B01LQWYY48&linkCode=as2&tag=maehachi-22',4280439,'92922603','2016-11-16','映画『ぼくは明日、昨日のきみとデートする』主題歌','UCFDL0NuxUBAvvu1PnIwW2ww',NULL,0),('dW-ed6J5zEE','Goose houseから100万人のフォロワーのみなさんへ。','Goose houseから100万人のフォロワーのみなさんへ。','http://www.youtube.com/watch?v=dW-ed6J5zEE','http://i.ytimg.com/vi/dW-ed6J5zEE/0.jpg','2014-11-03 09:55:42','2014-12-11 12:13:11','2020-04-15 09:05:36','',903074,'',NULL,NULL,'UCFDL0NuxUBAvvu1PnIwW2ww',NULL,0),('dWqZ5VRLoWA','白い雲のように／猿岩石（Cover）','白い雲のように','https://www.youtube.com/watch?v=dWqZ5VRLoWA','https://i.ytimg.com/vi/dWqZ5VRLoWA/mqdefault.jpg','2016-05-22 10:00:25','2016-05-23 13:25:33','2020-03-25 07:05:58','http://www.amazon.co.jp/gp/product/B001B4V9CM/ref=as_li_qf_sp_asin_il_tl?ie=UTF8&camp=247&creative=1211&creativeASIN=B001B4V9CM&linkCode=as2&tag=maehachi-22',1455302,'85967694','1996-12-21','猿岩石主演映画『一生、遊んで暮らしたい』主題歌','UCFDL0NuxUBAvvu1PnIwW2ww',NULL,0),('e_42DwxMr0U','イマジネーション／SPYAIR（Cover）','イマジネーション','https://www.youtube.com/watch?v=e_42DwxMr0U','https://i.ytimg.com/vi/e_42DwxMr0U/mqdefault.jpg','2018-04-19 10:11:41','2019-03-17 06:30:01','2020-04-15 09:06:16',NULL,408285,NULL,NULL,NULL,'UCFDL0NuxUBAvvu1PnIwW2ww',NULL,0),('e3g1rnkneBE','Sky／Goosehouse（original）','Sky','http://www.youtube.com/watch?v=e3g1rnkneBE','http://i.ytimg.com/vi/e3g1rnkneBE/0.jpg','2012-01-23 11:44:55','2014-05-09 09:59:22','2019-07-14 11:16:58','http://www.amazon.co.jp/gp/product/B005TE156U/ref=as_li_qf_sp_asin_il_tl?ie=UTF8&camp=247&creative=1211&creativeASIN=B005TE156U&linkCode=as2&tag=maehachi-22',266279,'19904672','2011-11-13','','UCFDL0NuxUBAvvu1PnIwW2ww',NULL,0),('Ea0l-yXlMKQ','Destiny／シェネル（Cover）','Destiny','https://www.youtube.com/watch?v=Ea0l-yXlMKQ','https://i.ytimg.com/vi/Ea0l-yXlMKQ/mqdefault.jpg','2017-08-13 09:02:22','2017-09-14 15:24:55','2020-04-15 09:06:07','https://www.amazon.co.jp/gp/product/B071NV3MCN/ref=as_li_qf_sp_asin_il_tl?ie=UTF8&tag=maehachi-22&camp=247&creative=1211&linkCode=as2&creativeASIN=B071NV3MCN&linkId=b83a6a85b94f363b28a06a32240d3b23',473358,'106102539','2017-05-10','TBS系金曜ドラマ『リバース』主題歌','UCFDL0NuxUBAvvu1PnIwW2ww',NULL,0),('Eahu-s-CXkk','second life／SHIT HAPPENING（Original）','second life','http://www.youtube.com/watch?v=Eahu-s-CXkk','http://i.ytimg.com/vi/Eahu-s-CXkk/0.jpg','2010-08-03 12:47:45','2014-05-09 09:59:23','2019-07-14 11:16:58','http://www.amazon.co.jp/gp/product/B007OWSCO8/ref=as_li_qf_sp_asin_il_tl?ie=UTF8&camp=247&creative=1211&creativeASIN=B007OWSCO8&linkCode=as2&tag=maehachi-22',101325,'8628820',NULL,'','UCFDL0NuxUBAvvu1PnIwW2ww',NULL,0),('eGBxC7RQxsY','Ref:rain／Aimer（Cover）','Ref:rain','https://www.youtube.com/watch?v=eGBxC7RQxsY','https://i.ytimg.com/vi/eGBxC7RQxsY/mqdefault.jpg','2018-06-22 10:27:20','2019-03-17 06:30:02','2020-04-15 09:06:15','https://www.amazon.co.jp/gp/product/B0773S7318/ref=as_li_qf_asin_il_tl?ie=UTF8&tag=maehachi-22&creative=1211&linkCode=as2&creativeASIN=B0773S7318&linkId=dc84e103866ad100030e01f11894f58d',876545,NULL,'2018-02-21','フジテレビ “ノイタミナ”「恋は雨上がりのように」エンディングテーマ曲','UCFDL0NuxUBAvvu1PnIwW2ww',NULL,0),('EGqZM0sHBuY','sing/／Original','sing','http://www.youtube.com/watch?v=EGqZM0sHBuY','http://i.ytimg.com/vi/EGqZM0sHBuY/0.jpg','2011-05-09 16:01:51','2014-05-09 09:59:22','2019-07-14 11:16:58','http://www.amazon.co.jp/gp/product/B00AO6LDN8/ref=as_li_qf_sp_asin_il_tl?ie=UTF8&camp=247&creative=1211&creativeASIN=B00AO6LDN8&linkCode=as2&tag=maehachi-22',355493,'14539684','2011-06-26','','UCFDL0NuxUBAvvu1PnIwW2ww',NULL,0),('EiCWuUGUNmE','Automatic／宇多田ヒカル（Cover）','Automatic','http://www.youtube.com/watch?v=EiCWuUGUNmE','http://i.ytimg.com/vi/EiCWuUGUNmE/0.jpg','2014-07-06 07:56:46','2014-07-06 10:43:33','2020-04-15 09:05:36','http://www.amazon.co.jp/gp/product/B0001GASQO/ref=as_li_qf_sp_asin_il_tl?ie=UTF8&camp=247&creative=1211&creativeASIN=B0001GASQO&linkCode=as2&tag=maehachi-22',1561505,'','1998-12-09',NULL,'UCFDL0NuxUBAvvu1PnIwW2ww',NULL,0),('EjS1IREdOjE','Story／AI（Cover）','Story','http://www.youtube.com/watch?v=EjS1IREdOjE','http://i.ytimg.com/vi/EjS1IREdOjE/0.jpg','2010-10-14 07:32:28','2014-05-09 09:59:23','2020-04-11 08:04:55','http://www.amazon.co.jp/gp/product/B002GKRSAW/ref=as_li_qf_sp_asin_il_tl?ie=UTF8&camp=247&creative=1211&creativeASIN=B002GKRSAW&linkCode=as2&tag=maehachi-22',2288800,'10090001','2005-05-18','','UCFDL0NuxUBAvvu1PnIwW2ww',NULL,0),('EkC96Zc2UkI','【Play.Goose Live Session at Manpei hotel】ジョンとヨーコ／Goose house','ジョンとヨーコ','https://www.youtube.com/watch?v=EkC96Zc2UkI','https://i.ytimg.com/vi/EkC96Zc2UkI/mqdefault.jpg','2019-04-12 12:02:10','2019-07-13 14:42:09','2020-04-15 09:04:44',NULL,125520,NULL,'2018-04-11',NULL,'UCx66obAJ42B0XwHIm_iupkw',NULL,0),('EKSd6xUNPU4','走れ!／ももいろクローバー（Cover）','走れ!','http://www.youtube.com/watch?v=EKSd6xUNPU4','http://i.ytimg.com/vi/EKSd6xUNPU4/0.jpg','2013-06-03 10:28:24','2014-05-09 09:59:21','2020-04-15 09:05:26','http://www.amazon.co.jp/gp/product/B003APNPHW/ref=as_li_qf_sp_asin_il_tl?ie=UTF8&camp=247&creative=1211&creativeASIN=B003APNPHW&linkCode=as2&tag=maehachi-22',2590572,'','2010-05-05',NULL,'UCFDL0NuxUBAvvu1PnIwW2ww',NULL,0),('EkT7tnpipPM','胸騒ぎナビゲーション／Goosehouse（original）','胸騒ぎナビゲーション','http://www.youtube.com/watch?v=EkT7tnpipPM','http://i.ytimg.com/vi/EkT7tnpipPM/0.jpg','2012-04-16 12:22:03','2014-05-09 09:59:22','2019-07-14 11:16:58','http://www.amazon.co.jp/gp/product/B007TGIIVG/ref=as_li_qf_sp_asin_il_tl?ie=UTF8&camp=247&creative=1211&creativeASIN=B007TGIIVG&linkCode=as2&tag=maehachi-22',3147992,'','2012-05-23',NULL,'UCFDL0NuxUBAvvu1PnIwW2ww',NULL,0),('emGiPyoAfz8','YELL～エール～／コブクロ（Cover）','YELL～エール～','http://www.youtube.com/watch?v=emGiPyoAfz8','http://i.ytimg.com/vi/emGiPyoAfz8/0.jpg','2010-12-14 05:25:03','2014-05-09 09:59:23','2020-04-15 09:04:54','http://www.amazon.co.jp/gp/product/B00005HVWY/ref=as_li_qf_sp_asin_il_tl?ie=UTF8&camp=247&creative=1211&creativeASIN=B00005HVWY&linkCode=as2&tag=maehachi-22',433883,'11373188','2001-03-22','','UCFDL0NuxUBAvvu1PnIwW2ww',NULL,0),('eNM6Xz7JMTY','女の子は泣かない／片平里菜 Feat.kei','女の子は泣かない','http://www.youtube.com/watch?v=eNM6Xz7JMTY','http://i.ytimg.com/vi/eNM6Xz7JMTY/0.jpg','2013-11-27 12:16:24','2014-05-09 09:59:21','2020-04-15 09:05:25','http://www.amazon.co.jp/gp/product/B00G9WQHZU/ref=as_li_qf_sp_asin_il_tl?ie=UTF8&camp=247&creative=1211&creativeASIN=B00G9WQHZU&linkCode=as2&tag=maehachi-22',2502003,'40817131','2014-01-15','','UCFDL0NuxUBAvvu1PnIwW2ww',NULL,0),('eO35NeuPQqI','Play You. House 2nd 10/23 05','Play You. House 2nd 10/23 05','http://www.youtube.com/watch?v=eO35NeuPQqI','http://i.ytimg.com/vi/eO35NeuPQqI/0.jpg','2010-10-26 11:32:53','2014-05-09 09:59:23','2020-04-14 18:04:53','http://www.amazon.co.jp/gp/product/B00005G3B5/ref=as_li_qf_sp_asin_il_tl?ie=UTF8&camp=247&creative=1211&creativeASIN=B00005G3B5&linkCode=as2&tag=maehachi-22',59712,'10369900','1986-09-10','Missing／久保田利伸（Cover）','UCFDL0NuxUBAvvu1PnIwW2ww',NULL,0),('eP8uggsdhkU','靴下を買いに ／齊藤ジョニー feat.Goose house','靴下を買いに ','https://www.youtube.com/watch?v=eP8uggsdhkU','https://i.ytimg.com/vi/eP8uggsdhkU/mqdefault.jpg','2015-12-01 08:29:36','2015-12-04 17:13:30','2020-04-15 09:05:46',NULL,423162,NULL,NULL,NULL,'UCFDL0NuxUBAvvu1PnIwW2ww',NULL,0),('EPcPGc7f-aE','スノースマイル／BUMP OF CHICKEN（Cover）','スノースマイル','http://www.youtube.com/watch?v=EPcPGc7f-aE','http://i.ytimg.com/vi/EPcPGc7f-aE/0.jpg','2011-11-30 14:40:19','2014-05-09 09:59:22','2020-04-15 09:05:05','http://www.amazon.co.jp/gp/product/B00007E8HG/ref=as_li_qf_sp_asin_il_tl?ie=UTF8&camp=247&creative=1211&creativeASIN=B00007E8HG&linkCode=as2&tag=maehachi-22',662706,'18753965','2002-12-18','','UCFDL0NuxUBAvvu1PnIwW2ww',NULL,0),('Ew2vD0pv3Pw','Best Friend\'s Girl／三代目 J Soul Brothers（Cover）','Best Friend\'s Girl','http://www.youtube.com/watch?v=Ew2vD0pv3Pw','http://i.ytimg.com/vi/Ew2vD0pv3Pw/0.jpg','2011-02-15 02:44:10','2014-05-09 09:59:23','2019-07-14 11:16:58','http://www.amazon.co.jp/gp/product/B00451AH3A/ref=as_li_qf_sp_asin_il_tl?ie=UTF8&camp=247&creative=1211&creativeASIN=B00451AH3A&linkCode=as2&tag=maehachi-22',505434,'12641553','2010-11-10','','UCFDL0NuxUBAvvu1PnIwW2ww',NULL,0),('EwQTjf2RPJI','Goose house Streaming Live #79','Goose house Streaming Live #79','https://www.youtube.com/watch?v=EwQTjf2RPJI','https://i.ytimg.com/vi/EwQTjf2RPJI/mqdefault.jpg','2018-01-28 04:05:03','2019-03-17 06:30:02','2020-04-15 08:06:14',NULL,304046,NULL,NULL,NULL,'UCFDL0NuxUBAvvu1PnIwW2ww',NULL,1),('eyNqLvdZY-8','胸騒ぎナビゲーション／Goosehouse（original）','胸騒ぎナビゲーション','http://www.youtube.com/watch?v=eyNqLvdZY-8','http://i.ytimg.com/vi/eyNqLvdZY-8/0.jpg','2012-08-19 10:22:43','2014-05-09 09:59:22','2020-04-15 09:05:15','http://www.amazon.co.jp/gp/product/B007TGIIVG/ref=as_li_qf_sp_asin_il_tl?ie=UTF8&camp=247&creative=1211&creativeASIN=B007TGIIVG&linkCode=as2&tag=maehachi-22',1301622,'24624356','2012-05-23','','UCFDL0NuxUBAvvu1PnIwW2ww',NULL,0),('f3daOQ_LUTk','金曜日の夜にお邪魔します、グースハウスです！','金曜日の夜にお邪魔します、グースハウスです！','https://www.youtube.com/watch?v=f3daOQ_LUTk','https://i.ytimg.com/vi/f3daOQ_LUTk/mqdefault.jpg','2018-01-26 12:20:13','2019-03-17 06:30:02','2020-04-15 07:06:14',NULL,160421,NULL,NULL,NULL,'UCFDL0NuxUBAvvu1PnIwW2ww',NULL,0),('f4lmSr7YxHI','オーケストラ／BiSH（Cover）','オーケストラ','https://www.youtube.com/watch?v=f4lmSr7YxHI','https://i.ytimg.com/vi/f4lmSr7YxHI/mqdefault.jpg','2017-05-16 10:08:39','2017-05-31 14:18:43','2020-04-11 08:07:40','https://www.amazon.co.jp/gp/product/B01FCGW964/ref=as_li_qf_sp_asin_il_tl?ie=UTF8&tag=maehachi-22&camp=247&creative=1211&linkCode=as2&creativeASIN=B01FCGW964&linkId=6c428a253d7ef51f520341a7ce5cf71b',634149,'102383704','2016-10-05','','UCFDL0NuxUBAvvu1PnIwW2ww',NULL,0),('F89vTGtrelQ','Ki・mi・ni・mu・chu／EXILE （Cover）','Ki・mi・ni・mu・chu','https://www.youtube.com/watch?v=F89vTGtrelQ','https://i.ytimg.com/vi/F89vTGtrelQ/mqdefault.jpg','2016-01-31 09:31:29','2016-02-01 14:30:59','2019-07-14 11:16:58','http://www.amazon.co.jp/gp/product/B016PLAPC0/ref=as_li_qf_sp_asin_il_tl?ie=UTF8&camp=247&creative=1211&creativeASIN=B016PLAPC0&linkCode=as2&tag=maehachi-22',2264237,'','2015-12-09','サントリービール「ザ・モルツ」CMソング','UCFDL0NuxUBAvvu1PnIwW2ww',NULL,0),('F9p9qAmk11c','Sky／Goose house（original）','Sky','http://www.youtube.com/watch?v=F9p9qAmk11c','http://i.ytimg.com/vi/F9p9qAmk11c/0.jpg','2011-11-25 14:19:11','2014-05-09 09:59:22','2020-04-15 09:05:05','http://www.amazon.co.jp/gp/product/B005TE156U/ref=as_li_qf_sp_asin_il_tl?ie=UTF8&camp=247&creative=1211&creativeASIN=B005TE156U&linkCode=as2&tag=maehachi-22',1428481,'18753965','2011-11-13','','UCFDL0NuxUBAvvu1PnIwW2ww',NULL,0),('fa5biSOaFJg','チキンライス／浜田雅功と槙原敬之（Cover）','チキンライス','http://www.youtube.com/watch?v=fa5biSOaFJg','http://i.ytimg.com/vi/fa5biSOaFJg/0.jpg','2011-11-30 17:01:15','2014-05-09 09:59:22','2020-04-15 09:05:05','http://www.amazon.co.jp/gp/product/B00067SRN4/ref=as_li_qf_sp_asin_il_tl?ie=UTF8&camp=247&creative=1211&creativeASIN=B00067SRN4&linkCode=as2&tag=maehachi-22',1364901,'18753965','2004-11-17','','UCFDL0NuxUBAvvu1PnIwW2ww',NULL,0),('Fabi5cq2Vwk','Sing／Goose house','Sing','https://www.youtube.com/watch?v=Fabi5cq2Vwk','https://i.ytimg.com/vi/Fabi5cq2Vwk/mqdefault.jpg','2016-06-22 11:06:53','2016-06-22 13:58:21','2020-04-15 09:05:57','https://www.amazon.co.jp/Goose-house-Phrase-01/dp/B00AO6LDN8?ie=UTF8&camp=247&creative=1211&creativeASIN=B00AO6LDN8&linkCode=as2&redirect=true&ref_=as_li_qf_sp_asin_il_tl&tag=maehachi-22',1136158,'87465596','2011-06-26','','UCFDL0NuxUBAvvu1PnIwW2ww',NULL,0),('FARxrW_mzkM','笑顔の花／Goose house','笑顔の花','https://www.youtube.com/watch?v=FARxrW_mzkM','https://i.ytimg.com/vi/FARxrW_mzkM/mqdefault.jpg','2018-02-20 10:44:17','2019-03-17 06:30:00','2020-04-15 09:06:16',NULL,911480,NULL,NULL,NULL,'UCFDL0NuxUBAvvu1PnIwW2ww',NULL,0),('Fd2x0o4T0hU','ハッピーサマーウェディング／モーニング娘。（Cover）','ハッピーサマーウェディング','https://www.youtube.com/watch?v=Fd2x0o4T0hU','https://i.ytimg.com/vi/Fd2x0o4T0hU/mqdefault.jpg','2016-07-25 10:21:32','2016-08-03 10:47:35','2020-04-15 09:05:57','https://www.amazon.co.jp/gp/product/B00005HTPX/ref=as_li_qf_sp_asin_il_tl?ie=UTF8&camp=247&creative=1211&creativeASIN=B00005HTPX&linkCode=as2&tag=maehachi-22',1748610,'88888564','2000-05-17','','UCFDL0NuxUBAvvu1PnIwW2ww',NULL,0),('fEsyBaG-uNw','Tell your World／livetune feat. 初音ミク（Cover）','Tell your World','http://www.youtube.com/watch?v=fEsyBaG-uNw','http://i.ytimg.com/vi/fEsyBaG-uNw/0.jpg','2013-08-31 11:39:01','2014-05-09 09:59:21','2020-04-15 09:05:26','http://www.amazon.co.jp/gp/product/B006W5V1T6/ref=as_li_qf_sp_asin_il_tl?ie=UTF8&camp=247&creative=1211&creativeASIN=B006W5V1T6&linkCode=as2&tag=maehachi-22',1565300,'37732285','2012-03-14','','UCFDL0NuxUBAvvu1PnIwW2ww',NULL,0),('fhahd1bgksE','Play You. House 2nd 10/23 03','Play You. House 2nd 10/23 03','http://www.youtube.com/watch?v=fhahd1bgksE','http://i.ytimg.com/vi/fhahd1bgksE/0.jpg','2010-10-26 10:28:37','2014-05-09 09:59:23','2020-04-14 18:04:53','http://www.amazon.co.jp/gp/product/B0048ZSQ4K/ref=as_li_qf_sp_asin_il_tl?ie=UTF8&camp=247&creative=1211&creativeASIN=B0048ZSQ4K&linkCode=as2&tag=maehachi-22',63260,'10369900','1995-05-03','ズルい女(ズルいおんな)／シャ乱Q（Cover）','UCFDL0NuxUBAvvu1PnIwW2ww',NULL,0),('fI3av1fRiYE','銀河鉄道の夜／GOING STEADY（Cover）','銀河鉄道の夜','http://www.youtube.com/watch?v=fI3av1fRiYE','http://i.ytimg.com/vi/fI3av1fRiYE/0.jpg','2013-03-19 11:01:13','2014-05-09 09:59:21','2019-07-14 11:16:58','http://www.amazon.co.jp/gp/product/B00005L9XW/ref=as_li_qf_sp_asin_il_tl?ie=UTF8&camp=247&creative=1211&creativeASIN=B00005L9XW&linkCode=as2&tag=maehachi-22',1619573,'29848622','2001-07-06','','UCFDL0NuxUBAvvu1PnIwW2ww',NULL,0),('fkbI4JBzsOI','Goose house ニューアルバム「Milk」&「Bitter」告知CM','Goose house ニューアルバム「Milk」&「Bitter」告知CM','http://www.youtube.com/watch?v=fkbI4JBzsOI','http://i.ytimg.com/vi/fkbI4JBzsOI/0.jpg','2015-02-22 04:58:35','2015-02-27 14:48:21','2019-07-14 11:16:58','http://www.amazon.co.jp/gp/product/B00SLMZNUG/ref=as_li_qf_sp_asin_il_tl?ie=UTF8&camp=247&creative=1211&creativeASIN=B00SLMZNUG&linkCode=as2&tag=maehachi-22',323591,'','2015-02-25','','UCFDL0NuxUBAvvu1PnIwW2ww',NULL,0),('Fm7Hn-k2rlk','Dance Dance Dance／E-girls （Cover）','Dance Dance Dance','https://www.youtube.com/watch?v=Fm7Hn-k2rlk','https://i.ytimg.com/vi/Fm7Hn-k2rlk/mqdefault.jpg','2015-12-15 11:15:52','2015-12-18 11:55:50','2020-04-15 09:05:46','http://www.amazon.co.jp/gp/product/B013QRD82A/ref=as_li_qf_sp_asin_il_tl?ie=UTF8&camp=247&creative=1211&creativeASIN=B013QRD82A&linkCode=as2&tag=maehachi-22',585305,'78662682','2015-09-30','','UCFDL0NuxUBAvvu1PnIwW2ww',NULL,0),('fMAd3fxoGyc','PM8:00 2/12 Sat 2011 Streaming Live!!!!!!! Play You.House','PM8:00 2/12 Sat 2011 Streaming Live!!!!!!! ','http://www.youtube.com/watch?v=fMAd3fxoGyc','http://i.ytimg.com/vi/fMAd3fxoGyc/0.jpg','2011-02-04 18:00:29','2014-05-09 09:59:23','2019-07-14 11:16:58','',38985,'',NULL,NULL,'UCFDL0NuxUBAvvu1PnIwW2ww',NULL,0),('FngB6Em17Zk','日々／吉田山田（Cover）','日々','http://www.youtube.com/watch?v=FngB6Em17Zk','http://i.ytimg.com/vi/FngB6Em17Zk/0.jpg','2014-03-09 09:00:00','2014-05-09 09:59:21','2019-07-14 11:16:58','http://www.amazon.co.jp/gp/product/B00HH57OEG/ref=as_li_qf_sp_asin_il_tl?ie=UTF8&camp=247&creative=1211&creativeASIN=B00HH57OEG&linkCode=as2&tag=maehachi-22',2300640,'44107451','2013-12-18','','UCFDL0NuxUBAvvu1PnIwW2ww',NULL,0),('FOs04eyWBKQ','少女S／SCANDAL（Cover）','少女S','http://www.youtube.com/watch?v=FOs04eyWBKQ','http://i.ytimg.com/vi/FOs04eyWBKQ/0.jpg','2013-07-10 11:20:52','2014-05-09 09:59:21','2020-04-15 09:05:26','http://www.amazon.co.jp/gp/product/B0021MFCIU/ref=as_li_qf_sp_asin_il_tl?ie=UTF8&camp=247&creative=1211&creativeASIN=B0021MFCIU&linkCode=as2&tag=maehachi-22',3048564,'35114691','2009-06-17','','UCFDL0NuxUBAvvu1PnIwW2ww',NULL,0),('Fp-d16pWIkA','SHIKIBU feat 阿波の踊り子\"チャットモンチー\"／レキシ(COVER）','SHIKIBU feat 阿波の踊り子\"チャットモンチー\"','https://www.youtube.com/watch?v=Fp-d16pWIkA','https://i.ytimg.com/vi/Fp-d16pWIkA/mqdefault.jpg','2016-03-20 08:52:08','2016-03-20 16:35:26','2019-07-14 11:16:58','http://www.amazon.co.jp/gp/product/B0163B9JQK/ref=as_li_qf_sp_asin_il_tl?ie=UTF8&camp=247&creative=1211&creativeASIN=B0163B9JQK&linkCode=as2&tag=maehachi-22',1428176,'83809890','2015-11-25','NTTドコモ「dヒッツ」CMソング','UCFDL0NuxUBAvvu1PnIwW2ww',NULL,0),('fphH41xbWEQ','上海ハニー／ORANGE RANGE（Cover）','上海ハニー','http://www.youtube.com/watch?v=fphH41xbWEQ','http://i.ytimg.com/vi/fphH41xbWEQ/0.jpg','2012-06-30 11:39:21','2014-05-09 09:59:22','2020-04-15 09:05:16','http://www.amazon.co.jp/gp/product/B0000VOREO/ref=as_li_qf_sp_asin_il_tl?ie=UTF8&camp=247&creative=1211&creativeASIN=B0000VOREO&linkCode=as2&tag=maehachi-22',1217141,'23505881','2003-07-16','','UCFDL0NuxUBAvvu1PnIwW2ww',NULL,0),('FREAPyuceuM','Play You. House 08/21 03','Play You. House 08/21 03','http://www.youtube.com/watch?v=FREAPyuceuM','http://i.ytimg.com/vi/FREAPyuceuM/0.jpg','2010-08-24 09:44:05','2014-05-09 09:59:23','2019-07-14 11:16:58','http://www.amazon.co.jp/gp/product/B000E6FT38/ref=as_li_qf_sp_asin_il_tl?ie=UTF8&camp=247&creative=1211&creativeASIN=B000E6FT38&linkCode=as2&tag=maehachi-22',89353,'9059475','1994-04-25','空も飛べるはず／スピッツ（Cover）','UCFDL0NuxUBAvvu1PnIwW2ww',NULL,0),('FS14OUzjLTk','MIND YOUR STEP!／Snail Ramp（Cover）','MIND YOUR STEP!','http://www.youtube.com/watch?v=FS14OUzjLTk','http://i.ytimg.com/vi/FS14OUzjLTk/0.jpg','2014-11-02 10:01:45','2014-12-11 12:13:11','2020-04-15 09:05:36','http://www.amazon.co.jp/gp/product/B000L22TX8/ref=as_li_qf_sp_asin_il_tl?ie=UTF8&camp=247&creative=1211&creativeASIN=B000L22TX8&linkCode=as2&tag=maehachi-22',878839,'54137147','1999-07-02','','UCFDL0NuxUBAvvu1PnIwW2ww',NULL,0),('fs1vP01vGeY','夢の外へ／星野 源（Cover）','夢の外へ','http://www.youtube.com/watch?v=fs1vP01vGeY','http://i.ytimg.com/vi/fs1vP01vGeY/0.jpg','2013-01-30 10:59:09','2014-05-09 09:59:21','2019-07-14 11:16:58','http://www.amazon.co.jp/gp/product/B007VPEA6W/ref=as_li_qf_sp_asin_il_tl?ie=UTF8&camp=247&creative=1211&creativeASIN=B007VPEA6W&linkCode=as2&tag=maehachi-22',961285,'28627761','2012-07-04','','UCFDL0NuxUBAvvu1PnIwW2ww',NULL,0),('fTs3gXDsWEU','愛をこめて花束を／Superfly（Cover）','愛をこめて花束を','http://www.youtube.com/watch?v=fTs3gXDsWEU','http://i.ytimg.com/vi/fTs3gXDsWEU/0.jpg','2012-06-30 11:37:46','2014-05-09 09:59:22','2020-04-15 09:05:16','http://www.amazon.co.jp/gp/product/B0016KM524/ref=as_li_qf_sp_asin_il_tl?ie=UTF8&camp=247&creative=1211&creativeASIN=B0016KM524&linkCode=as2&tag=maehachi-22',8917745,'23505881','2008-02-27','','UCFDL0NuxUBAvvu1PnIwW2ww',NULL,0),('fUbFZkfjpfQ','幻の命／世界の終わり（Cover）','幻の命','http://www.youtube.com/watch?v=fUbFZkfjpfQ','http://i.ytimg.com/vi/fUbFZkfjpfQ/0.jpg','2012-06-30 11:37:07','2014-05-09 09:59:22','2020-04-15 07:05:15','http://www.amazon.co.jp/gp/product/B0038ALCTC/ref=as_li_qf_sp_asin_il_tl?ie=UTF8&camp=247&creative=1211&creativeASIN=B0038ALCTC&linkCode=as2&tag=maehachi-22',1023719,'23505881','2010-02-10','','UCFDL0NuxUBAvvu1PnIwW2ww',NULL,0),('fUGZwd445EM','1/6000000000 feat.C&K／九州男（Cover）','1/6000000000 feat.C&K','http://www.youtube.com/watch?v=fUGZwd445EM','http://i.ytimg.com/vi/fUGZwd445EM/0.jpg','2014-05-03 11:33:21','2014-05-09 09:59:20','2019-09-03 14:06:34','http://www.amazon.co.jp/gp/product/B0010B8EC4/ref=as_li_qf_sp_asin_il_tl?ie=UTF8&camp=247&creative=1211&creativeASIN=B0010B8EC4&linkCode=as2&tag=maehachi-22',994990,'46054780','2008-02-06','','UCFDL0NuxUBAvvu1PnIwW2ww',NULL,0),('fxjSDJRCSAI','fragile／Every Little Thing（Cover）','fragile','http://www.youtube.com/watch?v=fxjSDJRCSAI','http://i.ytimg.com/vi/fxjSDJRCSAI/0.jpg','2014-06-19 13:07:07','2014-06-20 17:50:33','2020-04-15 09:05:36','http://www.amazon.co.jp/gp/product/B00005HQ6W/ref=as_li_qf_sp_asin_il_tl?ie=UTF8&camp=247&creative=1211&creativeASIN=B00005HQ6W&linkCode=as2&tag=maehachi-22',1887024,'48244278','2001-01-01','','UCFDL0NuxUBAvvu1PnIwW2ww',NULL,0),('g3nZrrg_ulE','始まりに／片平里菜 featuring d-iZe','始まりに','http://www.youtube.com/watch?v=g3nZrrg_ulE','http://i.ytimg.com/vi/g3nZrrg_ulE/0.jpg','2013-02-26 11:01:02','2014-05-09 09:59:21','2019-07-14 11:16:58','http://www.amazon.co.jp/gp/product/B00CPYDPOM/ref=as_li_qf_sp_asin_il_tl?ie=UTF8&camp=247&creative=1211&creativeASIN=B00CPYDPOM&linkCode=as2&tag=maehachi-22',254455,'29325660','2013-08-07','','UCFDL0NuxUBAvvu1PnIwW2ww',NULL,0),('G3Y6JALsXvk','ダンデライオン／BUMP OF CHICKEN（Cover）','ダンデライオン','http://www.youtube.com/watch?v=G3Y6JALsXvk','http://i.ytimg.com/vi/G3Y6JALsXvk/0.jpg','2012-11-25 09:12:07','2014-05-09 09:59:21','2020-04-15 09:05:15','http://www.amazon.co.jp/gp/product/B00005V4Z6/ref=as_li_qf_sp_asin_il_tl?ie=UTF8&camp=247&creative=1211&creativeASIN=B00005V4Z6&linkCode=as2&tag=maehachi-22',2221176,'27086759','2002-02-20','','UCFDL0NuxUBAvvu1PnIwW2ww',NULL,0),('G4FUjD_N8YU','カントリー・ロード（Cover）','カントリー・ロード','http://www.youtube.com/watch?v=G4FUjD_N8YU','http://i.ytimg.com/vi/G4FUjD_N8YU/0.jpg','2013-06-03 10:31:26','2014-05-09 09:59:21','2020-04-15 09:05:26','http://www.amazon.co.jp/gp/product/B0002YD55Q/ref=as_li_qf_sp_asin_il_tl?ie=UTF8&camp=247&creative=1211&creativeASIN=B0002YD55Q&linkCode=as2&tag=maehachi-22',15720603,'','1995-06-25','','UCFDL0NuxUBAvvu1PnIwW2ww',NULL,0),('g5epn3yh76k','DANZEN! ふたりはプリキュア(Ver.Max Heart) ／ 五條真由美 (Cover) guest 本名陽子','DANZEN! ふたりはプリキュア(Ver.Max Heart)','https://www.youtube.com/watch?v=g5epn3yh76k','https://i.ytimg.com/vi/g5epn3yh76k/mqdefault.jpg','2019-02-09 09:15:34','2019-07-13 14:42:09','2020-04-15 09:04:44',NULL,203725,NULL,'2005-02-25',NULL,'UCx66obAJ42B0XwHIm_iupkw','19kj9kOncgQ',0),('g5r6W3v54Js','僕は君に恋をする／平井堅（Cover）','僕は君に恋をする','http://www.youtube.com/watch?v=g5r6W3v54Js','http://i.ytimg.com/vi/g5r6W3v54Js/0.jpg','2012-07-20 11:02:36','2014-05-09 09:59:22','2020-04-15 09:05:15','http://www.amazon.co.jp/gp/product/B002MHA41O/ref=as_li_qf_sp_asin_il_tl?ie=UTF8&camp=247&creative=1211&creativeASIN=B002MHA41O&linkCode=as2&tag=maehachi-22',920330,'23982063','2009-10-21','','UCFDL0NuxUBAvvu1PnIwW2ww',NULL,0),('g7PEIiD8V9Y','ハナミズキ／一青窈 （Cover）','ハナミズキ','http://www.youtube.com/watch?v=g7PEIiD8V9Y','http://i.ytimg.com/vi/g7PEIiD8V9Y/0.jpg','2010-07-14 13:16:17','2014-05-09 09:59:24','2019-07-14 11:16:58','http://www.amazon.co.jp/gp/product/B000J20UUE/ref=as_li_qf_sp_asin_il_tl?ie=UTF8&camp=247&creative=1211&creativeASIN=B000J20UUE&linkCode=as2&tag=maehachi-22',2926362,'9998537','2004-02-11','','UCFDL0NuxUBAvvu1PnIwW2ww',NULL,0),('G8Fyn-2A3J4','ひだまり／沙夜香（Goose houseメンバー）','ひだまり','https://www.youtube.com/watch?v=G8Fyn-2A3J4','https://i.ytimg.com/vi/G8Fyn-2A3J4/mqdefault.jpg','2016-07-05 11:10:23','2016-08-03 10:47:35','2020-04-15 09:05:57','https://www.amazon.co.jp/gp/product/B01G70EH3C/ref=as_li_qf_sp_asin_il_tl?ie=UTF8&camp=247&creative=1211&creativeASIN=B01G70EH3C&linkCode=as2&tag=maehachi-22',153506,'','2016-07-06','','UCFDL0NuxUBAvvu1PnIwW2ww',NULL,0),('GaEQJYgQNi0','Play You. House 2nd 11/13 08','Play You. House 2nd 11/13 08','http://www.youtube.com/watch?v=GaEQJYgQNi0','http://i.ytimg.com/vi/GaEQJYgQNi0/0.jpg','2010-11-16 05:55:38','2014-05-09 09:59:23','2020-04-15 09:04:54','http://www.amazon.co.jp/gp/product/B00AO6LDN8/ref=as_li_qf_sp_asin_il_tl?ie=UTF8&camp=247&creative=1211&creativeASIN=B00AO6LDN8&linkCode=as2&tag=maehachi-22',88376,'10827045','2011-06-26','sing／Play You. House（Original）','UCFDL0NuxUBAvvu1PnIwW2ww',NULL,0),('Galpr9dwJuk','３/４／Goose house（Original）','３/４','http://www.youtube.com/watch?v=Galpr9dwJuk','http://i.ytimg.com/vi/Galpr9dwJuk/0.jpg','2013-08-31 11:37:00','2014-05-09 09:59:21','2020-04-15 08:05:25','http://www.amazon.co.jp/gp/product/B00D8BJW5W/ref=as_li_qf_sp_asin_il_tl?ie=UTF8&camp=247&creative=1211&creativeASIN=B00D8BJW5W&linkCode=as2&tag=maehachi-22',635078,'37732285','2013-07-30','','UCFDL0NuxUBAvvu1PnIwW2ww',NULL,0),('GAwHAstt3lE','月光／鬼束ちひろ（Cover）','月光','http://www.youtube.com/watch?v=GAwHAstt3lE','http://i.ytimg.com/vi/GAwHAstt3lE/0.jpg','2013-07-10 11:21:38','2014-05-09 09:59:21','2020-04-15 09:05:26','http://www.amazon.co.jp/gp/product/B00005HK2F/ref=as_li_qf_sp_asin_il_tl?ie=UTF8&camp=247&creative=1211&creativeASIN=B00005HK2F&linkCode=as2&tag=maehachi-22',2749336,'35114691','2000-08-09','','UCFDL0NuxUBAvvu1PnIwW2ww',NULL,0),('GazyY-e5Xto','ヒーロー ／FUNKY MONKEY BABYS（Cover）','ヒーロー ','http://www.youtube.com/watch?v=GazyY-e5Xto','http://i.ytimg.com/vi/GazyY-e5Xto/0.jpg','2010-12-14 04:35:34','2014-05-09 09:59:23','2020-04-15 09:04:54','http://www.amazon.co.jp/gp/product/B00B4G1YCM/ref=as_li_qf_sp_asin_il_tl?ie=UTF8&camp=247&creative=1211&creativeASIN=B00B4G1YCM&linkCode=as2&tag=maehachi-22',2442303,'11373188','2009-11-18','','UCFDL0NuxUBAvvu1PnIwW2ww',NULL,0),('GbnCm6jy1wo','TOKYO GIRL／Perfume（Cover）','TOKYO GIRL','https://www.youtube.com/watch?v=GbnCm6jy1wo','https://i.ytimg.com/vi/GbnCm6jy1wo/mqdefault.jpg','2017-06-04 11:11:41','2017-06-04 14:36:04','2020-04-15 09:06:07','https://www.amazon.co.jp/gp/product/B01N5H1V35/ref=as_li_qf_sp_asin_il_tl?ie=UTF8&tag=maehachi-22&camp=247&creative=1211&linkCode=as2&creativeASIN=B01N5H1V35&linkId=6cca0a550b8b791663eb83a78cef1bb0',904052,'103475403','2017-02-15','日本テレビ系水曜ドラマ『東京タラレバ娘』主題歌','UCFDL0NuxUBAvvu1PnIwW2ww',NULL,0),('gCxVOXYmqJU','New Streaming Live Play.Goose # May 2019 (20190531)','New Streaming Live Play.Goose # May 2019 (20190531)','https://www.youtube.com/watch?v=gCxVOXYmqJU','https://i.ytimg.com/vi/gCxVOXYmqJU/mqdefault.jpg','2019-06-28 09:01:16','2019-07-13 14:42:08','2020-04-15 09:04:44',NULL,53735,NULL,NULL,NULL,'UCx66obAJ42B0XwHIm_iupkw',NULL,1),('ggBcpLQJb0o','441／miwa（Cover）','441','http://www.youtube.com/watch?v=ggBcpLQJb0o','http://i.ytimg.com/vi/ggBcpLQJb0o/0.jpg','2011-08-01 01:44:13','2014-05-09 09:59:22','2020-04-15 07:05:05','http://www.amazon.co.jp/gp/product/B004X86QQC/ref=as_li_qf_sp_asin_il_tl?ie=UTF8&camp=247&creative=1211&creativeASIN=B004X86QQC&linkCode=as2&tag=maehachi-22',1471829,'16329822','2011-06-29','','UCFDL0NuxUBAvvu1PnIwW2ww',NULL,0),('GGeRq0fE5oE','銀河鉄道999／ゴダイゴ（Cover）','銀河鉄道999','http://www.youtube.com/watch?v=GGeRq0fE5oE','http://i.ytimg.com/vi/GGeRq0fE5oE/0.jpg','2010-07-20 16:23:18','2014-05-09 09:59:24','2019-07-14 11:16:58','http://www.amazon.co.jp/gp/product/B00005ELR1/ref=as_li_qf_sp_asin_il_tl?ie=UTF8&camp=247&creative=1211&creativeASIN=B00005ELR1&linkCode=as2&tag=maehachi-22',2230043,'8331022','1979-07-01','','UCFDL0NuxUBAvvu1PnIwW2ww',NULL,0),('gH7jI3g7obA','Play.Goose #5 (20191227)〜 Reiwa 1st Year End show！胸騒ぎナビゲーション〜','Play.Goose #5 (20191227)〜 Reiwa 1st Year End show！胸騒ぎナビゲーション〜','https://www.youtube.com/watch?v=gH7jI3g7obA','https://i.ytimg.com/vi/gH7jI3g7obA/mqdefault.jpg','2020-01-01 06:46:22','2021-05-30 02:54:57','2021-06-19 01:13:10',NULL,105733,NULL,NULL,'1. 猫のプシュケ／Goose house\n2. Self covers 〜Freinds〜 (featuring member self covers)\n3. コアメンバーCoverメドレー\n4. Sing Out！／乃木坂46',NULL,NULL,1),('ghOsH6uY8oA','Play You. House 2nd 12/27 03','Play You. House 2nd 12/27 03','http://www.youtube.com/watch?v=ghOsH6uY8oA','http://i.ytimg.com/vi/ghOsH6uY8oA/0.jpg','2011-01-06 02:23:28','2014-05-09 09:59:23','2019-07-14 11:16:58','',224715,'11669158','2014-01-26','スーパーマン／k.k.\r\n(リリース日は発売中のthe profile)','UCFDL0NuxUBAvvu1PnIwW2ww',NULL,0),('GIL0QlSXD2o','Goose houseから『夏の課題 2016 』〜メロディに歌詞をつけよう〜','Goose houseから『夏の課題 2016 』〜メロディに歌詞をつけよう〜','https://www.youtube.com/watch?v=GIL0QlSXD2o','https://i.ytimg.com/vi/GIL0QlSXD2o/mqdefault.jpg','2016-08-12 05:29:46','2016-08-14 06:08:46','2020-04-15 07:05:55','',196788,'90113779',NULL,'','UCFDL0NuxUBAvvu1PnIwW2ww',NULL,0),('GJiARx6l66A','Sing／PlayYou House（Original）','Sing','http://www.youtube.com/watch?v=GJiARx6l66A','http://i.ytimg.com/vi/GJiARx6l66A/0.jpg','2011-01-06 02:41:39','2014-05-09 09:59:23','2019-07-14 11:16:58','http://www.amazon.co.jp/gp/product/B00AO6LDN8/ref=as_li_qf_sp_asin_il_tl?ie=UTF8&camp=247&creative=1211&creativeASIN=B00AO6LDN8&linkCode=as2&tag=maehachi-22',144733,'11669158','2011-06-26','','UCFDL0NuxUBAvvu1PnIwW2ww',NULL,0),('GJXmBq47EGg','Choo Choo TRAIN／ZOO／EXILE（Cover）','Choo Choo TRAIN','http://www.youtube.com/watch?v=GJXmBq47EGg','http://i.ytimg.com/vi/GJXmBq47EGg/0.jpg','2014-02-06 10:10:12','2014-05-09 09:59:21','2019-07-14 11:16:58','http://www.amazon.co.jp/gp/product/B0006FGVA2/ref=as_li_qf_sp_asin_il_tl?ie=UTF8&camp=247&creative=1211&creativeASIN=B0006FGVA2&linkCode=as2&tag=maehachi-22',992823,'43068972','1991-11-07','','UCFDL0NuxUBAvvu1PnIwW2ww',NULL,0),('gmdOd997UWE','One more time,One more chance／山崎まさよし（Cover）','One more time,One more chance','https://www.youtube.com/watch?v=gmdOd997UWE','https://i.ytimg.com/vi/gmdOd997UWE/mqdefault.jpg','2016-10-15 10:04:03','2016-10-15 10:11:52','2020-04-15 09:05:57','https://www.amazon.co.jp/gp/product/B000AMD23A/ref=as_li_qf_sp_asin_il_tl?ie=UTF8&camp=247&creative=1211&creativeASIN=B000AMD23A&linkCode=as2&tag=maehachi-22',1399554,'91417355','1997-01-22','山崎まさよし初主演映画『月とキャベツ』（篠原哲雄監督、1996年）の主題歌、\r\n新海誠監督によるアニメーション映画『秒速5センチメートル』主題歌','UCFDL0NuxUBAvvu1PnIwW2ww',NULL,0),('gN2OjERZqCQ','会いたい／沢田知可子（Cover）','会いたい','http://www.youtube.com/watch?v=gN2OjERZqCQ','http://i.ytimg.com/vi/gN2OjERZqCQ/0.jpg','2010-11-30 08:05:44','2014-05-09 09:59:23','2020-04-15 07:04:54','http://www.amazon.co.jp/gp/product/B0073PV7XO/ref=as_li_qf_sp_asin_il_tl?ie=UTF8&camp=247&creative=1211&creativeASIN=B0073PV7XO&linkCode=as2&tag=maehachi-22',563582,'11115542','1990-06-27','','UCFDL0NuxUBAvvu1PnIwW2ww',NULL,0),('Gpnj27IFqzs','プロポーズ / Ko-saku（I-PRIMO CMソングCover）作詞作曲：市川喜康 x Play.Goose','プロポーズ','https://www.youtube.com/watch?v=Gpnj27IFqzs','https://i.ytimg.com/vi/Gpnj27IFqzs/mqdefault.jpg','2019-03-14 09:00:47','2019-07-13 14:42:09','2020-04-15 09:04:44',NULL,270401,NULL,NULL,NULL,'UCx66obAJ42B0XwHIm_iupkw',NULL,0),('gS1QhVpSEds','12/9リリース！Goose house New Single『LOVE & LIFE』CM','12/9リリース！Goose house New Single『LOVE & LIFE』CM','https://www.youtube.com/watch?v=gS1QhVpSEds','https://i.ytimg.com/vi/gS1QhVpSEds/mqdefault.jpg','2015-11-16 14:59:32','2015-11-17 16:17:50','2020-04-15 07:05:45','http://www.amazon.co.jp/gp/product/B017F4MUUG/ref=as_li_qf_sp_asin_il_tl?ie=UTF8&camp=247&creative=1211&creativeASIN=B017F4MUUG&linkCode=as2&tag=maehachi-22',222319,'','2015-12-09','','UCFDL0NuxUBAvvu1PnIwW2ww',NULL,0),('GtLmBjkFQ7k','始まりに／片平里菜','始まりに','http://www.youtube.com/watch?v=GtLmBjkFQ7k','http://i.ytimg.com/vi/GtLmBjkFQ7k/0.jpg','2012-04-03 10:25:41','2014-05-09 09:59:22','2019-07-14 11:16:58','http://www.amazon.co.jp/gp/product/B00CPYDPOM/ref=as_li_qf_sp_asin_il_tl?ie=UTF8&camp=247&creative=1211&creativeASIN=B00CPYDPOM&linkCode=as2&tag=maehachi-22',363836,'21488266','2013-01-16','','UCFDL0NuxUBAvvu1PnIwW2ww',NULL,0),('GUIDZik9M_I','桜／FUNKY MONKEY BABYS（Cover）','桜','http://www.youtube.com/watch?v=GUIDZik9M_I','http://i.ytimg.com/vi/GUIDZik9M_I/0.jpg','2012-04-16 12:18:26','2014-05-09 09:59:22','2019-07-14 11:16:58','http://www.amazon.co.jp/gp/product/B001OAMV0M/ref=as_li_qf_sp_asin_il_tl?ie=UTF8&camp=247&creative=1211&creativeASIN=B001OAMV0M&linkCode=as2&tag=maehachi-22',1364511,'','2009-02-18',NULL,'UCFDL0NuxUBAvvu1PnIwW2ww',NULL,0),('GXQj3f9HSdI','新宝島／サカナクション（Cover）','新宝島','https://www.youtube.com/watch?v=GXQj3f9HSdI','https://i.ytimg.com/vi/GXQj3f9HSdI/mqdefault.jpg','2016-01-31 09:33:03','2016-02-01 14:30:58','2019-07-14 11:16:58','http://www.amazon.co.jp/gp/product/B013DAAI46/ref=as_li_qf_sp_asin_il_tl?ie=UTF8&camp=247&creative=1211&creativeASIN=B013DAAI46&linkCode=as2&tag=maehachi-22',1192265,'','2015-09-30','映画『バクマン。』の映画音楽','UCFDL0NuxUBAvvu1PnIwW2ww',NULL,0),('GyFtL4hmoN0','全力少年／スキマスイッチ（Cover）','全力少年','http://www.youtube.com/watch?v=GyFtL4hmoN0','http://i.ytimg.com/vi/GyFtL4hmoN0/0.jpg','2010-07-01 10:16:31','2014-05-09 09:59:24','2019-07-14 11:16:58','http://www.amazon.co.jp/gp/product/B000RG1308/ref=as_li_qf_sp_asin_il_tl?ie=UTF8&camp=247&creative=1211&creativeASIN=B000RG1308&linkCode=as2&tag=maehachi-22',2871475,'7761148','2005-04-20','','UCFDL0NuxUBAvvu1PnIwW2ww',NULL,0),('gYUE_Zu6leg','TOMORROW ／岡本真夜（Cover）','TOMORROW','https://www.youtube.com/watch?v=gYUE_Zu6leg','https://i.ytimg.com/vi/gYUE_Zu6leg/mqdefault.jpg','2017-08-13 09:04:20','2017-09-14 15:24:55','2020-04-15 09:06:07','https://www.amazon.co.jp/gp/product/B000056WFG/ref=as_li_qf_sp_asin_il_tl?ie=UTF8&tag=maehachi-22&camp=247&creative=1211&linkCode=as2&creativeASIN=B000056WFG&linkId=34a6fa04b81a7a5ba6c1afa3c2d2e2ed',1051004,'106102539','1995-05-10','TBS系ドラマ『セカンド・チャンス』主題歌','UCFDL0NuxUBAvvu1PnIwW2ww',NULL,0),('H_o753eDRVQ','みんな空の下／絢香（Cover）','みんな空の下','http://www.youtube.com/watch?v=H_o753eDRVQ','http://i.ytimg.com/vi/H_o753eDRVQ/0.jpg','2011-03-20 07:51:49','2014-06-20 17:50:33','2019-07-14 11:16:58','',756802,'','2009-07-08',NULL,'UCFDL0NuxUBAvvu1PnIwW2ww',NULL,0),('h-LH9rsnsz4','【TV-CM 30\" スポット】オトノナルホウヘ→／Goose house','【TV-CM 30\" スポット】オトノナルホウヘ→','http://www.youtube.com/watch?v=h-LH9rsnsz4','http://i.ytimg.com/vi/h-LH9rsnsz4/0.jpg','2014-01-27 13:39:12','2014-05-09 09:59:21','2019-07-14 11:16:58','http://www.amazon.co.jp/gp/product/B00GXEY256/ref=as_li_qf_sp_asin_il_tl?ie=UTF8&camp=247&creative=1211&creativeASIN=B00GXEY256&linkCode=as2&tag=maehachi-22',2092238,'','2014-02-19',NULL,'UCFDL0NuxUBAvvu1PnIwW2ww',NULL,0),('H-Wut0BVQ_U','栄光の架け橋／ゆず（Coverr）','栄光の架け橋','http://www.youtube.com/watch?v=H-Wut0BVQ_U','http://i.ytimg.com/vi/H-Wut0BVQ_U/0.jpg','2010-07-01 09:52:58','2014-05-09 09:59:24','2019-07-14 11:16:58','http://www.amazon.co.jp/gp/product/B0009AM7CA/ref=as_li_qf_sp_asin_il_tl?ie=UTF8&camp=247&creative=1211&creativeASIN=B0009AM7CA&linkCode=as2&tag=maehachi-22',525330,'7761148','2007-03-07','','UCFDL0NuxUBAvvu1PnIwW2ww',NULL,0),('h1M4X8GSpWA','涙色／西野カナ（Cover）','涙色','http://www.youtube.com/watch?v=h1M4X8GSpWA','http://i.ytimg.com/vi/h1M4X8GSpWA/0.jpg','2013-11-27 12:18:32','2014-05-09 09:59:21','2020-04-15 09:05:25','http://www.amazon.co.jp/gp/product/B00D8WREA6/ref=as_li_qf_sp_asin_il_tl?ie=UTF8&camp=247&creative=1211&creativeASIN=B00D8WREA6&linkCode=as2&tag=maehachi-22',3532769,'40817131','2013-08-07','','UCFDL0NuxUBAvvu1PnIwW2ww',NULL,0),('h2IffIvIRm0','週末 not yet／not yet（Cover）','週末 not yet','http://www.youtube.com/watch?v=h2IffIvIRm0','http://i.ytimg.com/vi/h2IffIvIRm0/0.jpg','2011-05-09 18:02:12','2014-05-09 09:59:22','2019-07-14 11:16:58','http://www.amazon.co.jp/gp/product/B004K6LVYO/ref=as_li_qf_sp_asin_il_tl?ie=UTF8&camp=247&creative=1211&creativeASIN=B004K6LVYO&linkCode=as2&tag=maehachi-22',920217,'14539684','2011-03-16','','UCFDL0NuxUBAvvu1PnIwW2ww',NULL,0),('H6KfUwLz1hc','Goose house ３大ニュース！','Goose house ３大ニュース！','https://www.youtube.com/watch?v=H6KfUwLz1hc','https://i.ytimg.com/vi/H6KfUwLz1hc/mqdefault.jpg','2018-03-01 13:14:04','2021-05-31 16:08:33','2021-05-31 16:08:33',NULL,173499,NULL,NULL,NULL,NULL,NULL,0),('H8EFIge77XY','ひだまり／沙夜香（Goose house）','ひだまり','https://www.youtube.com/watch?v=H8EFIge77XY','https://i.ytimg.com/vi/H8EFIge77XY/mqdefault.jpg','2016-10-01 06:18:40','2016-10-01 05:46:35','2020-04-15 09:05:57','https://www.amazon.co.jp/gp/product/B01G70EH3C/ref=as_li_qf_sp_asin_il_tl?ie=UTF8&camp=247&creative=1211&creativeASIN=B01G70EH3C&linkCode=as2&tag=maehachi-22',240653,'90644595','2016-07-06','','UCFDL0NuxUBAvvu1PnIwW2ww',NULL,0),('H8TAOHLLT0w','中華料理／山崎まさよし（Cover）','中華料理','http://www.youtube.com/watch?v=H8TAOHLLT0w','http://i.ytimg.com/vi/H8TAOHLLT0w/0.jpg','2013-08-02 10:29:30','2014-05-09 09:59:21','2020-04-15 08:05:25','http://www.amazon.co.jp/gp/product/B00005FK0J/ref=as_li_qf_sp_asin_il_tl?ie=UTF8&camp=247&creative=1211&creativeASIN=B00005FK0J&linkCode=as2&tag=maehachi-22',310474,'36103009','1996-02-25','','UCFDL0NuxUBAvvu1PnIwW2ww',NULL,0),('H9bK_vdQMOc','Goose house Magic！？','Goose house Magic！？','https://www.youtube.com/watch?v=H9bK_vdQMOc','https://i.ytimg.com/vi/H9bK_vdQMOc/mqdefault.jpg','2016-08-17 08:30:08','2016-08-28 10:38:58','2020-04-15 07:05:55',NULL,245032,NULL,NULL,NULL,'UCFDL0NuxUBAvvu1PnIwW2ww',NULL,0),('hd41RDP2JDU','sweet lies／d-iZe（Original）','sweet lies','http://www.youtube.com/watch?v=hd41RDP2JDU','http://i.ytimg.com/vi/hd41RDP2JDU/0.jpg','2010-08-09 04:55:04','2014-05-09 09:59:23','2019-07-14 11:16:58','',351990,'8772569',NULL,'','UCFDL0NuxUBAvvu1PnIwW2ww',NULL,0),('He79ZLV0x-0','ハピネス／AI（Cover）','ハピネス','http://www.youtube.com/watch?v=He79ZLV0x-0','http://i.ytimg.com/vi/He79ZLV0x-0/0.jpg','2012-04-03 10:25:40','2014-05-09 09:59:22','2019-07-14 11:16:58','http://www.amazon.co.jp/gp/product/B006J9XMQ0/ref=as_li_qf_sp_asin_il_tl?ie=UTF8&camp=247&creative=1211&creativeASIN=B006J9XMQ0&linkCode=as2&tag=maehachi-22',2654429,'21488266','2011-12-14','','UCFDL0NuxUBAvvu1PnIwW2ww',NULL,0),('hfVELQk27W4','ルパン三世のテーマ（Cover）','ルパン三世のテーマ','http://www.youtube.com/watch?v=hfVELQk27W4','http://i.ytimg.com/vi/hfVELQk27W4/0.jpg','2010-07-20 16:50:51','2014-05-09 09:59:24','2019-07-14 11:16:58','http://www.amazon.co.jp/gp/product/B00005ENLP/ref=as_li_qf_sp_asin_il_tl?ie=UTF8&camp=247&creative=1211&creativeASIN=B00005ENLP&linkCode=as2&tag=maehachi-22',1248663,'8331022','1992-05-21','リリース日はフルサイズ初収録CD『ルパン三世 テーマ・レヴォリューション\'92』','UCFDL0NuxUBAvvu1PnIwW2ww',NULL,0),('HHML2F7l2vU','【告知】オトノナルホウヘ→／Goose house','【告知】オトノナルホウヘ→','http://www.youtube.com/watch?v=HHML2F7l2vU','http://i.ytimg.com/vi/HHML2F7l2vU/0.jpg','2014-01-23 11:53:18','2014-05-09 09:59:21','2019-07-14 11:16:58','http://www.amazon.co.jp/gp/product/B00GXEY256/ref=as_li_qf_sp_asin_il_tl?ie=UTF8&camp=247&creative=1211&creativeASIN=B00GXEY256&linkCode=as2&tag=maehachi-22',832488,'','2014-02-19',NULL,'UCFDL0NuxUBAvvu1PnIwW2ww',NULL,0),('HHNxnM9B7TM','歌うたいのバラッド／斉藤和義（Cover）','歌うたいのバラッド','http://www.youtube.com/watch?v=HHNxnM9B7TM','http://i.ytimg.com/vi/HHNxnM9B7TM/0.jpg','2013-10-05 08:44:10','2014-05-09 09:59:21','2020-04-15 09:05:25','http://www.amazon.co.jp/gp/product/B001DE90ZI/ref=as_li_qf_sp_asin_il_tl?ie=UTF8&camp=247&creative=1211&creativeASIN=B001DE90ZI&linkCode=as2&tag=maehachi-22',5337845,'39315898','1997-11-21','','UCFDL0NuxUBAvvu1PnIwW2ww',NULL,0),('HJBgWizZuSk','Play You. House 2nd 10/16 08','Play You. House 2nd 10/16 08','http://www.youtube.com/watch?v=HJBgWizZuSk','http://i.ytimg.com/vi/HJBgWizZuSk/0.jpg','2010-10-20 07:12:09','2014-05-09 09:59:23','2020-04-15 07:04:55','http://www.amazon.co.jp/gp/product/B00AO6LDN8/ref=as_li_qf_sp_asin_il_tl?ie=UTF8&camp=247&creative=1211&creativeASIN=B00AO6LDN8&linkCode=as2&tag=maehachi-22',104670,'10235778','2011-06-26','sing／Play You. House（Original）','UCFDL0NuxUBAvvu1PnIwW2ww',NULL,0),('HJg7WkOHxMs','粉雪／レミオロメン（Cover）','粉雪','http://www.youtube.com/watch?v=HJg7WkOHxMs','http://i.ytimg.com/vi/HJg7WkOHxMs/0.jpg','2011-11-30 16:12:56','2014-05-09 09:59:22','2020-04-15 09:05:05','http://www.amazon.co.jp/gp/product/B001PJTJI4/ref=as_li_qf_sp_asin_il_tl?ie=UTF8&camp=247&creative=1211&creativeASIN=B001PJTJI4&linkCode=as2&tag=maehachi-22',3001768,'18753965','2005-11-16','','UCFDL0NuxUBAvvu1PnIwW2ww',NULL,0),('hMYpSLRbXMs','こんどのHOUSEは、ストリーミングでは観られない','こんどのHOUSEは、ストリーミングでは観られない','http://www.youtube.com/watch?v=hMYpSLRbXMs','http://i.ytimg.com/vi/hMYpSLRbXMs/0.jpg','2010-11-27 01:11:12','2014-05-09 09:59:23','2020-04-15 07:04:55','',259548,'',NULL,NULL,'UCFDL0NuxUBAvvu1PnIwW2ww',NULL,0),('HMzyU1zSO1o','追憶のライラック／東京スカパラダイスオーケストラ（Cover）','追憶のライラック','http://www.youtube.com/watch?v=HMzyU1zSO1o','http://i.ytimg.com/vi/HMzyU1zSO1o/0.jpg','2012-08-19 10:19:22','2014-05-09 09:59:22','2020-04-15 08:05:15','http://www.amazon.co.jp/gp/product/B000FBG2ME/ref=as_li_qf_sp_asin_il_tl?ie=UTF8&camp=247&creative=1211&creativeASIN=B000FBG2ME&linkCode=as2&tag=maehachi-22',221716,'24624356','2005-12-14','','UCFDL0NuxUBAvvu1PnIwW2ww',NULL,0),('HoUM-XxOm6I','NOW ON AIR／赤い公園 （Cover）','NOW ON AIR','http://www.youtube.com/watch?v=HoUM-XxOm6I','http://i.ytimg.com/vi/HoUM-XxOm6I/0.jpg','2014-11-22 08:41:05','2014-12-11 12:13:11','2020-04-15 09:05:36','http://www.amazon.co.jp/gp/product/B00M20E56Q/ref=as_li_qf_sp_asin_il_tl?ie=UTF8&camp=247&creative=1211&creativeASIN=B00M20E56Q&linkCode=as2&tag=maehachi-22',2478461,'55444987','2014-09-24','','UCFDL0NuxUBAvvu1PnIwW2ww',NULL,0),('HOXXDj4OzDI','情熱の薔薇 ／ THE BLUE HEARTS（Cover）','情熱の薔薇 ','http://www.youtube.com/watch?v=HOXXDj4OzDI','http://i.ytimg.com/vi/HOXXDj4OzDI/0.jpg','2012-11-25 09:10:52','2014-05-09 09:59:21','2020-04-15 09:05:15','http://www.amazon.co.jp/gp/product/B00003WGCZ/ref=as_li_qf_sp_asin_il_tl?ie=UTF8&camp=247&creative=1211&creativeASIN=B00003WGCZ&linkCode=as2&tag=maehachi-22',2571398,'27086759','1990-07-25','','UCFDL0NuxUBAvvu1PnIwW2ww',NULL,0),('HpJ93q51YW8','Play You. House 2nd 12/27 02','Play You. House 2nd 12/27 02','http://www.youtube.com/watch?v=HpJ93q51YW8','http://i.ytimg.com/vi/HpJ93q51YW8/0.jpg','2011-01-06 02:19:22','2014-05-09 09:59:23','2019-07-14 11:16:58','http://www.amazon.co.jp/gp/product/B00B4G1YCM/ref=as_li_qf_sp_asin_il_tl?ie=UTF8&camp=247&creative=1211&creativeASIN=B00B4G1YCM&linkCode=as2&tag=maehachi-22',143315,'11669158','2009-11-18','ヒーロー ／FUNKY MONKEY BABYS（Cover）','UCFDL0NuxUBAvvu1PnIwW2ww',NULL,0),('HQDWOrkPC6g','Good-bye days ／YUI （Cover）','Good-bye days ','http://www.youtube.com/watch?v=HQDWOrkPC6g','http://i.ytimg.com/vi/HQDWOrkPC6g/0.jpg','2014-04-06 12:19:08','2014-05-09 09:59:21','2019-07-14 11:16:58','http://www.amazon.co.jp/gp/product/B000F9UE66/ref=as_li_qf_sp_asin_il_tl?ie=UTF8&camp=247&creative=1211&creativeASIN=B000F9UE66&linkCode=as2&tag=maehachi-22',5630773,'45506914','2006-06-14','','UCFDL0NuxUBAvvu1PnIwW2ww',NULL,0),('HQha2iPF034','カウントダウン動画 -64日編 その4','カウントダウン動画 -64日編 その4','https://www.youtube.com/watch?v=HQha2iPF034','https://i.ytimg.com/vi/HQha2iPF034/mqdefault.jpg','2018-11-25 15:01:02','2019-07-13 14:42:09','2020-04-15 09:04:26',NULL,102706,NULL,NULL,NULL,'UCx66obAJ42B0XwHIm_iupkw',NULL,0),('HRn2OIFs8DA','君の名は希望／乃木坂46（Cover）','君の名は希望','http://www.youtube.com/watch?v=HRn2OIFs8DA','http://i.ytimg.com/vi/HRn2OIFs8DA/0.jpg','2013-08-02 10:28:47','2014-05-09 09:59:21','2020-04-15 09:05:26','http://www.amazon.co.jp/gp/product/B00B29O4IM/ref=as_li_qf_sp_asin_il_tl?ie=UTF8&camp=247&creative=1211&creativeASIN=B00B29O4IM&linkCode=as2&tag=maehachi-22',3867924,'36103009','2013-03-13','','UCFDL0NuxUBAvvu1PnIwW2ww',NULL,0),('hRtRadK1HFk','それでは、また明日／ASIAN KUNG-FU GENERATION（Cover）','それでは、また明日','http://www.youtube.com/watch?v=hRtRadK1HFk','http://i.ytimg.com/vi/hRtRadK1HFk/0.jpg','2013-04-29 11:19:51','2014-05-09 09:59:21','2019-07-14 11:16:58','http://www.amazon.co.jp/gp/product/B0085DWDZO/ref=as_li_qf_sp_asin_il_tl?ie=UTF8&camp=247&creative=1211&creativeASIN=B0085DWDZO&linkCode=as2&tag=maehachi-22',709784,'31709859','2012-07-25','','UCFDL0NuxUBAvvu1PnIwW2ww',NULL,0),('HUCmag5dVxo','ヒカレ／ゆず（Cover）','ヒカレ','http://www.youtube.com/watch?v=HUCmag5dVxo','http://i.ytimg.com/vi/HUCmag5dVxo/0.jpg','2014-05-03 11:34:08','2014-05-09 09:59:20','2019-07-14 11:16:58','http://www.amazon.co.jp/gp/product/B00H7WCMBY/ref=as_li_qf_sp_asin_il_tl?ie=UTF8&camp=247&creative=1211&creativeASIN=B00H7WCMBY&linkCode=as2&tag=maehachi-22',1244435,'46054780','2014-02-12','','UCFDL0NuxUBAvvu1PnIwW2ww',NULL,0),('hw5DmaD939A','ジョンとヨーコ／Goose house','ジョンとヨーコ','https://www.youtube.com/watch?v=hw5DmaD939A','https://i.ytimg.com/vi/hw5DmaD939A/mqdefault.jpg','2018-05-04 11:19:56','2019-03-17 06:30:00','2020-04-15 09:06:15','https://www.amazon.co.jp/gp/product/B079ZSSHWH/ref=as_li_qf_asin_il_tl?ie=UTF8&tag=maehachi-22&creative=1211&linkCode=as2&creativeASIN=B079ZSSHWH&linkId=e739d384c0760841dadf91841ebeede6',265971,NULL,'2018-04-11',NULL,'UCFDL0NuxUBAvvu1PnIwW2ww',NULL,0),('Hx_RSNa2YDU','桜の栞／AKB48（Cover）','桜の栞','http://www.youtube.com/watch?v=Hx_RSNa2YDU','http://i.ytimg.com/vi/Hx_RSNa2YDU/0.jpg','2011-03-01 02:59:07','2014-05-09 09:59:23','2019-07-14 11:16:58','http://www.amazon.co.jp/gp/product/B002XYKB96/ref=as_li_qf_sp_asin_il_tl?ie=UTF8&camp=247&creative=1211&creativeASIN=B002XYKB96&linkCode=as2&tag=maehachi-22',305555,'12951725','2010-02-17','','UCFDL0NuxUBAvvu1PnIwW2ww',NULL,0),('hYmy7szIuIw','少年時代／井上陽水（Cover）','少年時代','http://www.youtube.com/watch?v=hYmy7szIuIw','http://i.ytimg.com/vi/hYmy7szIuIw/0.jpg','2010-07-07 07:15:24','2014-06-20 17:50:34','2019-07-14 11:16:58','http://www.amazon.co.jp/gp/product/B001QVGI5I/ref=as_li_qf_sp_asin_il_tl?ie=UTF8&camp=247&creative=1211&creativeASIN=B001QVGI5I&linkCode=as2&tag=maehachi-22',961908,'8146089','1990-09-21','','UCFDL0NuxUBAvvu1PnIwW2ww',NULL,0),('I1MXesXuVa0','猟奇的なキスを私にして／ゲスの極み乙女。（Cover）','猟奇的なキスを私にして','https://www.youtube.com/watch?v=I1MXesXuVa0','https://i.ytimg.com/vi/I1MXesXuVa0/mqdefault.jpg','2015-06-05 11:40:22','2015-06-27 08:53:36','2020-03-25 07:05:47','http://www.amazon.co.jp/gp/product/B00L4QB7GK/ref=as_li_qf_sp_asin_il_tl?ie=UTF8&camp=247&creative=1211&creativeASIN=B00L4QB7GK&linkCode=as2&tag=maehachi-22',1223194,'62588297','2014-08-06','','UCFDL0NuxUBAvvu1PnIwW2ww',NULL,0),('i4cftlI_4Pk','YOASOBI／群青（Cover）','群青','https://www.youtube.com/watch?v=i4cftlI_4Pk','https://i.ytimg.com/vi/i4cftlI_4Pk/mqdefault.jpg','2021-03-21 11:01:51','2021-05-31 16:08:32','2021-06-01 15:09:27',NULL,674682,NULL,'2020-09-01','ブルボン「アルフォートミニチョコレート」CMソング',NULL,NULL,0),('ibZUsXC2OtY','しるし／Mr.Children（Cover）','しるし','https://www.youtube.com/watch?v=ibZUsXC2OtY','https://i.ytimg.com/vi/ibZUsXC2OtY/mqdefault.jpg','2017-10-25 11:03:13','2017-10-28 09:33:31','2020-04-15 09:06:07','https://www.amazon.co.jp/gp/product/B000FQ5FF4/ref=as_li_qf_sp_asin_il_tl?ie=UTF8&tag=maehachi-22&camp=247&creative=1211&linkCode=as2&creativeASIN=B000FQ5FF4&linkId=e2c71de9ad3cfa517c7e443464c48b9c',1397935,'107969495','2006-11-15','日本テレビ系ドラマ『14才の母』主題歌','UCFDL0NuxUBAvvu1PnIwW2ww',NULL,0),('iciSfjGR2dk','ワタリドリ／[Alexandros] （Cover）','ワタリドリ','https://www.youtube.com/watch?v=iciSfjGR2dk','https://i.ytimg.com/vi/iciSfjGR2dk/mqdefault.jpg','2015-12-15 11:15:13','2015-12-18 11:55:50','2020-04-15 09:05:46','http://www.amazon.co.jp/gp/product/B00VKNFVJG/ref=as_li_qf_sp_asin_il_tl?ie=UTF8&camp=247&creative=1211&creativeASIN=B00VKNFVJG&linkCode=as2&tag=maehachi-22',3092891,'78662682','2015-03-18','映画『明烏』主題歌。\r\nアサヒビール「アサヒ ザ・ドリーム」CMソング','UCFDL0NuxUBAvvu1PnIwW2ww',NULL,0),('iehulywj4Rc','東京／くるり（Cover）','東京','https://www.youtube.com/watch?v=iehulywj4Rc','https://i.ytimg.com/vi/iehulywj4Rc/mqdefault.jpg','2018-04-21 08:59:14','2019-03-17 06:30:01','2020-04-15 09:06:16',NULL,271771,NULL,NULL,NULL,'UCFDL0NuxUBAvvu1PnIwW2ww',NULL,0),('IeJTNN8_jLI','【MV】光るなら Short ver. ／Goose house','【MV】光るなら Short ver. ','http://www.youtube.com/watch?v=IeJTNN8_jLI','http://i.ytimg.com/vi/IeJTNN8_jLI/0.jpg','2014-11-15 13:00:09','2014-12-11 12:13:11','2020-04-15 09:05:36','http://www.amazon.co.jp/gp/product/B00NLLNGT2/ref=as_li_qf_sp_asin_il_tl?ie=UTF8&camp=247&creative=1211&creativeASIN=B00NLLNGT2&linkCode=as2&tag=maehachi-22',6945582,'','2014-11-19',NULL,'UCFDL0NuxUBAvvu1PnIwW2ww',NULL,0),('iFK3BTHRG_M','Sing／Goose house','Sing','https://www.youtube.com/watch?v=iFK3BTHRG_M','https://i.ytimg.com/vi/iFK3BTHRG_M/mqdefault.jpg','2017-10-27 11:59:17','2017-10-28 09:33:31','2020-04-15 09:06:07','https://www.amazon.co.jp/gp/product/B005I4VC0K/ref=as_li_qf_sp_asin_il_tl?ie=UTF8&tag=maehachi-22&camp=247&creative=1211&linkCode=as2&creativeASIN=B005I4VC0K&linkId=d0ae78d3b6f3ec38edb4f3ac3e64f190',1408188,'107969495','2011-08-20','','UCFDL0NuxUBAvvu1PnIwW2ww',NULL,0),('Ig_arzhGuhM','ボクノート／スキマスイッチ（Cover）','ボクノート','http://www.youtube.com/watch?v=Ig_arzhGuhM','http://i.ytimg.com/vi/Ig_arzhGuhM/0.jpg','2013-10-05 08:42:37','2014-05-09 09:59:21','2020-04-15 09:05:26','http://www.amazon.co.jp/gp/product/B000RG1308/ref=as_li_qf_sp_asin_il_tl?ie=UTF8&camp=247&creative=1211&creativeASIN=B000RG1308&linkCode=as2&tag=maehachi-22',3285299,'39315898','2006-03-01','','UCFDL0NuxUBAvvu1PnIwW2ww',NULL,0),('ihCRNP9y9lg','ココロオドル/nobodyknows+（Cover）','ココロオドル','http://www.youtube.com/watch?v=ihCRNP9y9lg','http://i.ytimg.com/vi/ihCRNP9y9lg/0.jpg','2013-08-02 10:30:42','2014-05-09 09:59:21','2020-04-15 09:05:26','http://www.amazon.co.jp/gp/product/B000BV7WSQ/ref=as_li_qf_sp_asin_il_tl?ie=UTF8&camp=247&creative=1211&creativeASIN=B000BV7WSQ&linkCode=as2&tag=maehachi-22',5498595,'36103009','2004-05-26','','UCFDL0NuxUBAvvu1PnIwW2ww',NULL,0),('IHsfDoM0lbo','Play.Goose 1st Album「∞ Answers」試聴トレーラー','Play.Goose 1st Album「∞ Answers」試聴トレーラー','https://www.youtube.com/watch?v=IHsfDoM0lbo','https://i.ytimg.com/vi/IHsfDoM0lbo/mqdefault.jpg','2019-09-16 09:03:44','2021-05-30 02:55:00','2021-06-06 00:15:22',NULL,41183,NULL,'2019-10-29',NULL,NULL,NULL,0),('iI74IGxvugQ','M エム／プリンセスプリンセス（Cover）','M エム','http://www.youtube.com/watch?v=iI74IGxvugQ','http://i.ytimg.com/vi/iI74IGxvugQ/0.jpg','2010-11-30 07:56:36','2014-05-09 09:59:23','2020-04-15 09:04:54','http://www.amazon.co.jp/gp/product/B007RFOMJ6/ref=as_li_qf_sp_asin_il_tl?ie=UTF8&camp=247&creative=1211&creativeASIN=B007RFOMJ6&linkCode=as2&tag=maehachi-22',2407603,'11115542','1989-04-21','','UCFDL0NuxUBAvvu1PnIwW2ww',NULL,0),('ijBY_5nwxsc','Goosehouse Live 原宿クエストライブ告知','Goosehouse Live 原宿クエストライブ告知','http://www.youtube.com/watch?v=ijBY_5nwxsc','http://i.ytimg.com/vi/ijBY_5nwxsc/0.jpg','2011-06-07 17:56:17','2014-05-09 09:59:22','2020-04-14 19:05:02','',199137,'',NULL,NULL,'UCFDL0NuxUBAvvu1PnIwW2ww',NULL,0),('IKIus-hfSRY','ひまわりの約束／秦基博(Cover）','ひまわりの約束','https://www.youtube.com/watch?v=IKIus-hfSRY','https://i.ytimg.com/vi/IKIus-hfSRY/mqdefault.jpg','2015-08-18 12:02:07','2015-08-22 10:26:57','2020-04-15 09:05:46','http://www.amazon.co.jp/gp/product/B00KLHZZJ8/ref=as_li_qf_sp_asin_il_tl?ie=UTF8&camp=247&creative=1211&creativeASIN=B00KLHZZJ8&linkCode=as2&tag=maehachi-22',5533057,'67942657','2014-08-06',NULL,'UCFDL0NuxUBAvvu1PnIwW2ww',NULL,0),('iksQUFp1gDg','sing／Goosehouse（Original）','sing','http://www.youtube.com/watch?v=iksQUFp1gDg','http://i.ytimg.com/vi/iksQUFp1gDg/0.jpg','2010-11-02 04:34:12','2014-05-09 09:59:23','2020-04-15 07:04:55','http://www.amazon.co.jp/gp/product/B00AO6LDN8/ref=as_li_qf_sp_asin_il_tl?ie=UTF8&camp=247&creative=1211&creativeASIN=B00AO6LDN8&linkCode=as2&tag=maehachi-22',155008,'10517678','2011-06-26','','UCFDL0NuxUBAvvu1PnIwW2ww',NULL,0),('ikX_TUSgb-0','Prisoner Of Love／宇多田ヒカル（Cover）','Prisoner Of Love','http://www.youtube.com/watch?v=ikX_TUSgb-0','http://i.ytimg.com/vi/ikX_TUSgb-0/0.jpg','2011-05-18 17:17:18','2014-05-09 09:59:22','2019-07-14 11:16:58','http://www.amazon.co.jp/gp/product/B0017KX5P4/ref=as_li_qf_sp_asin_il_tl?ie=UTF8&camp=247&creative=1211&creativeASIN=B0017KX5P4&linkCode=as2&tag=maehachi-22',3139993,'14693752','2008-05-21','','UCFDL0NuxUBAvvu1PnIwW2ww',NULL,0),('iLQUKTaatNk','恋／星野源（Cover）','恋','https://www.youtube.com/watch?v=iLQUKTaatNk','https://i.ytimg.com/vi/iLQUKTaatNk/mqdefault.jpg','2016-12-15 10:40:55','2016-12-15 14:25:02','2020-04-15 09:05:56','https://www.amazon.co.jp/gp/product/B01KHJ3BDG/ref=as_li_qf_sp_asin_il_tl?ie=UTF8&camp=247&creative=1211&creativeASIN=B01KHJ3BDG&linkCode=as2&tag=maehachi-22',5132056,'92922603','2016-10-05','TBS系テレビドラマ『逃げるは恥だが役に立つ』の主題歌','UCFDL0NuxUBAvvu1PnIwW2ww',NULL,0),('Inrueu-anKA','Week End／星野源（Cover）','Week End','https://www.youtube.com/watch?v=Inrueu-anKA','https://i.ytimg.com/vi/Inrueu-anKA/mqdefault.jpg','2016-01-31 09:28:54','2016-02-01 14:30:59','2019-07-14 11:16:58','http://www.amazon.co.jp/gp/product/B016MITN5G/ref=as_li_qf_sp_asin_il_tl?ie=UTF8&camp=247&creative=1211&creativeASIN=B016MITN5G&linkCode=as2&tag=maehachi-22',1121974,'','2015-12-02','フジテレビ系『めざましどようび』テーマソング','UCFDL0NuxUBAvvu1PnIwW2ww',NULL,0),('ioEe7YS1aFI','【梨泰院クラス】はじまり／Start (Japanese ver.)〜1st take〜 (Music from K-Drama Itaewon Class)[K-pop Remake Relay]','はじまり/Start','https://www.youtube.com/watch?v=ioEe7YS1aFI','https://i.ytimg.com/vi/ioEe7YS1aFI/mqdefault.jpg','2021-02-06 11:00:13','2021-05-30 02:54:51','2021-06-08 12:52:37',NULL,65866,NULL,'2021-02-04','韓国テレビドラマ『梨泰院クラス』主題歌\n\nワールドカバープロジェクト（KpopRemakeRelay）にPlay.Gooseが日本代表として参加',NULL,NULL,0),('Ip_0YtVxJGE','ガラガラ GO!!／BIGBANG（Cover）','ガラガラ GO!!','http://www.youtube.com/watch?v=Ip_0YtVxJGE','http://i.ytimg.com/vi/Ip_0YtVxJGE/0.jpg','2012-04-03 10:25:40','2014-05-09 09:59:22','2019-07-14 11:16:58','http://www.amazon.co.jp/gp/product/B002A3BDGK/ref=as_li_qf_sp_asin_il_tl?ie=UTF8&camp=247&creative=1211&creativeASIN=B002A3BDGK&linkCode=as2&tag=maehachi-22',1043261,'21488266','2009-07-08','','UCFDL0NuxUBAvvu1PnIwW2ww',NULL,0),('iQ8MS6W9pF4','Humming Bird／Goose house','Humming Bird','https://www.youtube.com/watch?v=iQ8MS6W9pF4','https://i.ytimg.com/vi/iQ8MS6W9pF4/mqdefault.jpg','2015-07-08 11:00:53','2015-07-10 15:22:13','2020-04-15 08:05:46','http://www.amazon.co.jp/gp/product/B00SLMZMVG/ref=as_li_qf_sp_asin_il_tl?ie=UTF8&camp=247&creative=1211&creativeASIN=B00SLMZMVG&linkCode=as2&tag=maehachi-22',450614,'65130840','2015-02-25',NULL,'UCFDL0NuxUBAvvu1PnIwW2ww',NULL,0),('iT3zGRN4mFs','Goosehouse Phrase #03 \"Wandering\" 5.23 On Sale','Goosehouse Phrase #03 \"Wandering\" 5.23 On Sale','http://www.youtube.com/watch?v=iT3zGRN4mFs','http://i.ytimg.com/vi/iT3zGRN4mFs/0.jpg','2012-04-14 12:51:04','2014-05-09 09:59:22','2019-07-14 11:16:58','http://www.amazon.co.jp/gp/product/B007TGIIVG/ref=as_li_qf_sp_asin_il_tl?ie=UTF8&camp=247&creative=1211&creativeASIN=B007TGIIVG&linkCode=as2&tag=maehachi-22',734661,'','2012-05-23',NULL,'UCFDL0NuxUBAvvu1PnIwW2ww',NULL,0),('iTO-XrNnbkk','Sing／Goose house','Sing','http://www.youtube.com/watch?v=iTO-XrNnbkk','http://i.ytimg.com/vi/iTO-XrNnbkk/0.jpg','2014-09-20 11:49:44','2014-10-29 11:19:58','2020-04-15 09:05:36','http://www.amazon.co.jp/gp/product/B00AO6LDN8/ref=as_li_qf_sp_asin_il_tl?ie=UTF8&camp=247&creative=1211&creativeASIN=B00AO6LDN8&linkCode=as2&tag=maehachi-22',6700512,'52063067','2011-06-26','','UCFDL0NuxUBAvvu1PnIwW2ww',NULL,0),('IXyctNFW25o','アイデンティティ／サカナクション（Cover）','アイデンティティ','http://www.youtube.com/watch?v=IXyctNFW25o','http://i.ytimg.com/vi/IXyctNFW25o/0.jpg','2012-11-04 09:27:48','2014-05-09 09:59:21','2020-04-15 08:05:14','http://www.amazon.co.jp/gp/product/B005DWC0FI/ref=as_li_qf_sp_asin_il_tl?ie=UTF8&camp=247&creative=1211&creativeASIN=B005DWC0FI&linkCode=as2&tag=maehachi-22',1168752,'26463350','2010-08-04','','UCFDL0NuxUBAvvu1PnIwW2ww',NULL,0),('iyRqY2775cA','The Beginning／ONE OK ROCK（Cover）','The Beginning','http://www.youtube.com/watch?v=iyRqY2775cA','http://i.ytimg.com/vi/iyRqY2775cA/0.jpg','2012-11-04 09:28:09','2014-05-09 09:59:21','2020-04-15 09:05:15','http://www.amazon.co.jp/gp/product/B00872UIHI/ref=as_li_qf_sp_asin_il_tl?ie=UTF8&camp=247&creative=1211&creativeASIN=B00872UIHI&linkCode=as2&tag=maehachi-22',5466961,'26463350','2012-08-22','','UCFDL0NuxUBAvvu1PnIwW2ww',NULL,0),('IzhKqXo9ZE4','Tomorrow／Annie（Cover）','Tomorrow','https://www.youtube.com/watch?v=IzhKqXo9ZE4','https://i.ytimg.com/vi/IzhKqXo9ZE4/mqdefault.jpg','2017-05-16 10:10:20','2017-05-31 14:18:43','2020-04-15 09:06:07','https://www.amazon.co.jp/gp/product/B0001N1OXI/ref=as_li_qf_sp_asin_il_tl?ie=UTF8&tag=maehachi-22&camp=247&creative=1211&linkCode=as2&creativeASIN=B0001N1OXI&linkId=449dba8f560fc51901a9c6100e963475',377317,'102383704',NULL,'ハロルド・グレイの新聞連載漫画『小さな孤児アニー（Little Orphan Annie）』を原作として製作されたブロードウェイ・ミュージカル','UCFDL0NuxUBAvvu1PnIwW2ww',NULL,0),('j-eoIxIMgeA','サイレントマジョリティー／欅坂46（Cover）','サイレントマジョリティー','https://www.youtube.com/watch?v=j-eoIxIMgeA','https://i.ytimg.com/vi/j-eoIxIMgeA/mqdefault.jpg','2016-06-22 11:09:05','2016-06-22 13:58:21','2020-04-15 09:05:57','http://www.amazon.co.jp/gp/product/B01BHPEC9G/ref=as_li_qf_sp_asin_il_tl?ie=UTF8&camp=247&creative=1211&creativeASIN=B01BHPEC9G&linkCode=as2&tag=maehachi-22',3772788,'87465596','2016-04-06','','UCFDL0NuxUBAvvu1PnIwW2ww',NULL,0),('j2qYG7tIS9k','＜NHK＞2020応援ソング「パプリカ」／Foorin (Cover)','パプリカ','https://www.youtube.com/watch?v=j2qYG7tIS9k','https://i.ytimg.com/vi/j2qYG7tIS9k/mqdefault.jpg','2019-04-30 15:00:10','2019-07-13 14:42:09','2020-04-15 09:04:44',NULL,2091484,NULL,'2018-08-15',NULL,'UCx66obAJ42B0XwHIm_iupkw',NULL,0),('J5CyzT7HUz4','あんた／ティーナ・カリーナ（Cover）','あんた','http://www.youtube.com/watch?v=J5CyzT7HUz4','http://i.ytimg.com/vi/J5CyzT7HUz4/0.jpg','2012-11-25 09:14:03','2014-05-09 09:59:21','2020-04-15 08:05:14','http://www.amazon.co.jp/gp/product/B008CQCCOG/ref=as_li_qf_sp_asin_il_tl?ie=UTF8&camp=247&creative=1211&creativeASIN=B008CQCCOG&linkCode=as2&tag=maehachi-22',727820,'27086759','2012-10-17','','UCFDL0NuxUBAvvu1PnIwW2ww',NULL,0),('J5urSMpUFMc','君をのせて／天空の城ラピュタ（Cover）','君をのせて','http://www.youtube.com/watch?v=J5urSMpUFMc','http://i.ytimg.com/vi/J5urSMpUFMc/0.jpg','2010-11-02 04:22:02','2014-05-09 09:59:23','2020-04-15 09:04:54','http://www.amazon.co.jp/gp/product/B0002IJL9G/ref=as_li_qf_sp_asin_il_tl?ie=UTF8&camp=247&creative=1211&creativeASIN=B0002IJL9G&linkCode=as2&tag=maehachi-22',3483031,'10517678','1986-07-07','','UCFDL0NuxUBAvvu1PnIwW2ww',NULL,0),('J6pSjwp4qxw','アイネクライネ / 米津玄師（Cover）','アイネクライネ','https://www.youtube.com/watch?v=J6pSjwp4qxw','https://i.ytimg.com/vi/J6pSjwp4qxw/mqdefault.jpg','2015-11-21 07:56:41','2015-11-21 08:16:44','2020-04-15 09:05:46','http://www.amazon.co.jp/gp/product/B00IGT6790/ref=as_li_qf_sp_asin_il_tl?ie=UTF8&camp=247&creative=1211&creativeASIN=B00IGT6790&linkCode=as2&tag=maehachi-22',2789389,'76692236','2014-04-23','2014年度東京メトロCMソング','UCFDL0NuxUBAvvu1PnIwW2ww',NULL,0),('J7bOzCjYzbY','RAIN／SEKAI NO OWARI（Cover）','RAIN','https://www.youtube.com/watch?v=J7bOzCjYzbY','https://i.ytimg.com/vi/J7bOzCjYzbY/mqdefault.jpg','2017-08-13 09:05:06','2017-09-14 15:24:55','2020-04-15 09:06:07','https://www.amazon.co.jp/gp/product/B072P2H4PB/ref=as_li_qf_sp_asin_il_tl?ie=UTF8&tag=maehachi-22&camp=247&creative=1211&linkCode=as2&creativeASIN=B072P2H4PB&linkId=5d45a160e2970148d64bac74e8c88e8a',2263709,'106102539','2017-07-05','米林宏昌監督 アニメ映画『メアリと魔女の花』主題歌','UCFDL0NuxUBAvvu1PnIwW2ww',NULL,0),('J7zcelSTNHg','Hero／安室奈美恵（Cover）','Hero','https://www.youtube.com/watch?v=J7zcelSTNHg','https://i.ytimg.com/vi/J7zcelSTNHg/mqdefault.jpg','2016-09-14 10:48:34','2016-09-14 10:17:51','2020-04-15 09:05:57','https://www.amazon.co.jp/gp/product/B01H1QYNGW/ref=as_li_qf_sp_asin_il_tl?ie=UTF8&camp=247&creative=1211&creativeASIN=B01H1QYNGW&linkCode=as2&tag=maehachi-22',2300347,'90644595','2016-07-27','NHKリオデジャネイロオリンピック・パラリンピック放送テーマソング','UCFDL0NuxUBAvvu1PnIwW2ww',NULL,0),('JC5oFWeXIKY','ムーンライト伝説／DALI （Cover）','ムーンライト伝説','http://www.youtube.com/watch?v=JC5oFWeXIKY','http://i.ytimg.com/vi/JC5oFWeXIKY/0.jpg','2013-08-31 11:38:25','2014-05-09 09:59:21','2020-04-15 09:05:26','http://www.amazon.co.jp/gp/product/B00004W9TI/ref=as_li_qf_sp_asin_il_tl?ie=UTF8&camp=247&creative=1211&creativeASIN=B00004W9TI&linkCode=as2&tag=maehachi-22',2565083,'37732285','1992-03-21','','UCFDL0NuxUBAvvu1PnIwW2ww',NULL,0),('jcYNbUP50AA','Rehearsal #04 冬のうた','冬のうた','https://www.youtube.com/watch?v=jcYNbUP50AA','https://i.ytimg.com/vi/jcYNbUP50AA/mqdefault.jpg','2017-10-24 10:11:26','2017-10-28 09:33:31','2020-04-15 09:06:07','https://www.amazon.co.jp/gp/product/B00005GXRS/ref=as_li_qf_sp_asin_il_tl?ie=UTF8&tag=maehachi-22&camp=247&creative=1211&linkCode=as2&creativeASIN=B00005GXRS&linkId=bad16a555a539513631150e4055510a0',153006,'','1998-11-21','「メルティーキッス」「ポルテ」CMソング','UCFDL0NuxUBAvvu1PnIwW2ww',NULL,0),('JdKiJd-tYu4','プレイバックPart2／山口百恵（Cover）','プレイバックPart2','http://www.youtube.com/watch?v=JdKiJd-tYu4','http://i.ytimg.com/vi/JdKiJd-tYu4/0.jpg','2014-09-20 11:48:05','2014-10-29 11:19:58','2020-04-15 09:05:36','http://www.amazon.co.jp/gp/product/B00005G787/ref=as_li_qf_sp_asin_il_tl?ie=UTF8&camp=247&creative=1211&creativeASIN=B00005G787&linkCode=as2&tag=maehachi-22',553107,'52063067','1978-05-01','','UCFDL0NuxUBAvvu1PnIwW2ww',NULL,0),('JFfWmMcOU5Q','Play You. House 08/21 02 メドレー','Play You. House 08/21 02 メドレー','http://www.youtube.com/watch?v=JFfWmMcOU5Q','http://i.ytimg.com/vi/JFfWmMcOU5Q/0.jpg','2010-08-24 09:11:09','2014-05-09 09:59:23','2019-07-14 11:16:58','',203314,'9059475','2010-08-21','Play You. Houseスペシャルメドレー(アップテンポナンバー)','UCFDL0NuxUBAvvu1PnIwW2ww',NULL,0),('jfIeFt4Wou0','Sing／Goosehouse（original）','Sing','http://www.youtube.com/watch?v=jfIeFt4Wou0','http://i.ytimg.com/vi/jfIeFt4Wou0/0.jpg','2011-11-30 12:54:12','2014-05-09 09:59:22','2020-04-15 09:05:05','http://www.amazon.co.jp/gp/product/B00AO6LDN8/ref=as_li_qf_sp_asin_il_tl?ie=UTF8&camp=247&creative=1211&creativeASIN=B00AO6LDN8&linkCode=as2&tag=maehachi-22',544813,'','2011-06-26',NULL,'UCFDL0NuxUBAvvu1PnIwW2ww',NULL,0),('JFr_bzw-WfM','私がオバさんになっても／森高千里（Cover）','私がオバさんになっても','https://www.youtube.com/watch?v=JFr_bzw-WfM','https://i.ytimg.com/vi/JFr_bzw-WfM/mqdefault.jpg','2016-09-14 10:45:53','2016-09-14 10:11:28','2020-04-15 09:05:57','https://www.amazon.co.jp/gp/product/B00000IY16/ref=as_li_qf_sp_asin_il_tl?ie=UTF8&camp=247&creative=1211&creativeASIN=B00000IY16&linkCode=as2&tag=maehachi-22',565802,'90644595','1992-06-25','','UCFDL0NuxUBAvvu1PnIwW2ww',NULL,0),('jFZ67_poJjM','愛が呼ぶほうへ／ポルノグラフィティ（Cover）','愛が呼ぶほうへ','http://www.youtube.com/watch?v=jFZ67_poJjM','http://i.ytimg.com/vi/jFZ67_poJjM/0.jpg','2010-10-14 07:20:44','2014-05-09 09:59:23','2020-04-11 08:04:55','http://www.amazon.co.jp/gp/product/B000ALMV10/ref=as_li_qf_sp_asin_il_tl?ie=UTF8&camp=247&creative=1211&creativeASIN=B000ALMV10&linkCode=as2&tag=maehachi-22',681585,'10090001','2003-11-06','','UCFDL0NuxUBAvvu1PnIwW2ww',NULL,0),('jG_khMzhAGc','ごはんを食べよう／Goose house（オリジナル）','ごはんを食べよう','http://www.youtube.com/watch?v=jG_khMzhAGc','http://i.ytimg.com/vi/jG_khMzhAGc/0.jpg','2013-11-27 12:19:15','2014-05-09 09:59:21','2020-04-15 09:05:25','http://www.amazon.co.jp/gp/product/B00D8BJW5W/ref=as_li_qf_sp_asin_il_tl?ie=UTF8&camp=247&creative=1211&creativeASIN=B00D8BJW5W&linkCode=as2&tag=maehachi-22',558700,'40817131','2013-07-30','','UCFDL0NuxUBAvvu1PnIwW2ww',NULL,0),('Jh5owy0HPGU','真赤／My Hair is Bad（Cover）','真赤','https://www.youtube.com/watch?v=Jh5owy0HPGU','https://i.ytimg.com/vi/Jh5owy0HPGU/mqdefault.jpg','2017-06-04 11:10:05','2017-06-04 14:36:04','2020-04-15 09:06:07','https://www.amazon.co.jp/gp/product/B01KTQNC1I/ref=as_li_qf_sp_asin_il_tl?ie=UTF8&tag=maehachi-22&camp=247&creative=1211&linkCode=as2&creativeASIN=B01KTQNC1I&linkId=bbf1d59a5e246032280e8f4ce79fabb4',948198,'103475403','2016-10-19','','UCFDL0NuxUBAvvu1PnIwW2ww',NULL,0),('JhjQps5WcUc','ハイウェイ賛歌（Original）／齋藤ジョニー＆関取花','ハイウェイ賛歌','http://www.youtube.com/watch?v=JhjQps5WcUc','http://i.ytimg.com/vi/JhjQps5WcUc/0.jpg','2010-08-24 10:45:00','2014-05-09 09:59:23','2020-03-26 07:04:55','',217230,'9061460',NULL,'','UCFDL0NuxUBAvvu1PnIwW2ww',NULL,0),('jJjWWRv1FT4','GO GO サマー！／KARA（Cover）','GO GO サマー！','http://www.youtube.com/watch?v=jJjWWRv1FT4','http://i.ytimg.com/vi/jJjWWRv1FT4/0.jpg','2011-08-10 15:10:13','2014-05-09 09:59:22','2020-04-15 08:05:05','http://www.amazon.co.jp/gp/product/B0051C5CZK/ref=as_li_qf_sp_asin_il_tl?ie=UTF8&camp=247&creative=1211&creativeASIN=B0051C5CZK&linkCode=as2&tag=maehachi-22',1231078,'16469562','2011-06-29','','UCFDL0NuxUBAvvu1PnIwW2ww',NULL,0),('JjWiVb4bbFE','Lovers / sumika（Cover）','Lovers','https://www.youtube.com/watch?v=JjWiVb4bbFE','https://i.ytimg.com/vi/JjWiVb4bbFE/mqdefault.jpg','2018-03-20 11:03:23','2019-03-17 06:30:00','2020-04-15 09:06:16',NULL,1346717,NULL,NULL,NULL,'UCFDL0NuxUBAvvu1PnIwW2ww',NULL,0),('JjwjyOQK9xI','playyouhouse streaming live 2011.2.26 SAT 20:00 Start!!!','playyouhouse streaming live 2011.2.26 SAT 20:00 Start!!!','http://www.youtube.com/watch?v=JjwjyOQK9xI','http://i.ytimg.com/vi/JjwjyOQK9xI/0.jpg','2011-02-18 11:20:20','2014-05-09 09:59:23','2019-07-14 11:16:59','',133813,'',NULL,NULL,'UCFDL0NuxUBAvvu1PnIwW2ww',NULL,0),('JkEttKCNWJI','ラブソング／サンボマスター（Cover）','ラブソング','https://www.youtube.com/watch?v=JkEttKCNWJI','https://i.ytimg.com/vi/JkEttKCNWJI/mqdefault.jpg','2015-07-09 11:02:48','2015-07-10 15:22:13','2020-04-15 09:05:47','http://www.amazon.co.jp/gp/product/B002MHA586/ref=as_li_qf_sp_asin_il_tl?ie=UTF8&camp=247&creative=1211&creativeASIN=B002MHA586&linkCode=as2&tag=maehachi-22',648891,'65130840','2009-11-18',NULL,'UCFDL0NuxUBAvvu1PnIwW2ww',NULL,0),('jKNbfiPczqo','いいんですか？／RADWIMPS（Cover）','いいんですか？','http://www.youtube.com/watch?v=jKNbfiPczqo','http://i.ytimg.com/vi/jKNbfiPczqo/0.jpg','2011-10-17 17:39:23','2014-05-09 09:59:22','2020-04-15 09:05:05','http://www.amazon.co.jp/gp/product/B000JLSV6U/ref=as_li_qf_sp_asin_il_tl?ie=UTF8&camp=247&creative=1211&creativeASIN=B000JLSV6U&linkCode=as2&tag=maehachi-22',6912901,'17889327','2006-12-06','','UCFDL0NuxUBAvvu1PnIwW2ww',NULL,0),('jmBDn9WyRKc','Sing／Goosehouse','Sing','http://www.youtube.com/watch?v=jmBDn9WyRKc','http://i.ytimg.com/vi/jmBDn9WyRKc/0.jpg','2012-06-30 11:36:15','2014-05-09 09:59:22','2020-04-15 09:05:16','http://www.amazon.co.jp/gp/product/B007TGIIVG/ref=as_li_qf_sp_asin_il_tl?ie=UTF8&camp=247&creative=1211&creativeASIN=B007TGIIVG&linkCode=as2&tag=maehachi-22',1290095,'23505881','2011-06-26','','UCFDL0NuxUBAvvu1PnIwW2ww',NULL,0),('JMCKOpQ-pIM','光の糸／Something Else（Cover）','光の糸','http://www.youtube.com/watch?v=JMCKOpQ-pIM','http://i.ytimg.com/vi/JMCKOpQ-pIM/0.jpg','2011-12-11 06:32:20','2014-05-09 09:59:22','2020-04-15 08:05:04','http://www.amazon.co.jp/gp/product/B00005HV8A/ref=as_li_qf_sp_asin_il_tl?ie=UTF8&camp=247&creative=1211&creativeASIN=B00005HV8A&linkCode=as2&tag=maehachi-22',149850,'','2001-03-07',NULL,'UCFDL0NuxUBAvvu1PnIwW2ww',NULL,0),('JmNUI29IKCs','バカとの壁 ／中村瑛彦（Original）','バカとの壁 ','http://www.youtube.com/watch?v=JmNUI29IKCs','http://i.ytimg.com/vi/JmNUI29IKCs/0.jpg','2010-08-03 12:10:34','2014-05-09 09:59:23','2019-07-14 11:16:59','',51336,'8628820',NULL,'','UCFDL0NuxUBAvvu1PnIwW2ww',NULL,0),('jnGrjfh9gHE','初花凛々／Singer Songer（Cover）','初花凛々','http://www.youtube.com/watch?v=jnGrjfh9gHE','http://i.ytimg.com/vi/jnGrjfh9gHE/0.jpg','2010-10-20 07:07:22','2014-05-09 09:59:23','2020-04-15 08:04:55','http://www.amazon.co.jp/gp/product/B0009HMX5O/ref=as_li_qf_sp_asin_il_tl?ie=UTF8&camp=247&creative=1211&creativeASIN=B0009HMX5O&linkCode=as2&tag=maehachi-22',359350,'10235778','2005-05-25','','UCFDL0NuxUBAvvu1PnIwW2ww',NULL,0),('JoaPnfcaM0M','secretbase～君がくれたもの／ZONE（Cover）','secretbase～君がくれたもの','http://www.youtube.com/watch?v=JoaPnfcaM0M','http://i.ytimg.com/vi/JoaPnfcaM0M/0.jpg','2011-07-17 18:01:38','2014-05-09 09:59:22','2020-04-15 09:05:05','http://www.amazon.co.jp/gp/product/B0007X91C8/ref=as_li_qf_sp_asin_il_tl?ie=UTF8&camp=247&creative=1211&creativeASIN=B0007X91C8&linkCode=as2&tag=maehachi-22',3080091,'','2001-08-08',NULL,'UCFDL0NuxUBAvvu1PnIwW2ww',NULL,0),('jPClvL9a03M','セダンガール／Goose house','セダンガール','http://www.youtube.com/watch?v=jPClvL9a03M','http://i.ytimg.com/vi/jPClvL9a03M/0.jpg','2015-05-05 06:54:21','2015-05-06 01:15:37','2019-09-03 12:06:43','http://www.amazon.co.jp/gp/product/B00SLMZMVG/ref=as_li_qf_sp_asin_il_tl?ie=UTF8&camp=247&creative=1211&creativeASIN=B00SLMZMVG&linkCode=as2&tag=maehachi-22',1782357,'61239113','2015-02-25','','UCFDL0NuxUBAvvu1PnIwW2ww',NULL,0),('jPjG5xZEBDI','サケベミライヘ→／Play.Goose','サケベミライヘ→','https://www.youtube.com/watch?v=jPjG5xZEBDI','https://i.ytimg.com/vi/jPjG5xZEBDI/mqdefault.jpg','2019-11-22 09:00:22','2021-05-30 02:54:58','2021-06-06 00:38:14',NULL,127645,NULL,'2019-10-29',NULL,NULL,NULL,0),('JRUrWXO3I8s','ソレデモシタイ／平井堅（Cover）','ソレデモシタイ','http://www.youtube.com/watch?v=JRUrWXO3I8s','http://i.ytimg.com/vi/JRUrWXO3I8s/0.jpg','2015-04-12 06:47:34','2015-04-12 08:04:25','2019-07-14 11:16:59','http://www.amazon.co.jp/gp/product/B00P1J6C34/ref=as_li_qf_sp_asin_il_tl?ie=UTF8&camp=247&creative=1211&creativeASIN=B00P1J6C34&linkCode=as2&tag=maehachi-22',712649,'60451621','2014-12-10','','UCFDL0NuxUBAvvu1PnIwW2ww',NULL,0),('jTJqPBMZXKs','さくら／森山直太朗（Cover）','さくら','http://www.youtube.com/watch?v=jTJqPBMZXKs','http://i.ytimg.com/vi/jTJqPBMZXKs/0.jpg','2011-03-01 02:57:28','2014-05-09 09:59:23','2019-07-14 11:16:59','http://www.amazon.co.jp/gp/product/B000084TDG/ref=as_li_qf_sp_asin_il_tl?ie=UTF8&camp=247&creative=1211&creativeASIN=B000084TDG&linkCode=as2&tag=maehachi-22',1191299,'12951725','2003-03-05','','UCFDL0NuxUBAvvu1PnIwW2ww',NULL,0),('juVGd6ZApWU','I wanna see you／阿部真央（Cover）','I wanna see you','http://www.youtube.com/watch?v=juVGd6ZApWU','http://i.ytimg.com/vi/juVGd6ZApWU/0.jpg','2010-07-28 10:10:49','2014-05-09 09:59:23','2019-07-14 11:16:59','http://www.amazon.co.jp/gp/product/B002YAYKHI/ref=as_li_qf_sp_asin_il_tl?ie=UTF8&camp=247&creative=1211&creativeASIN=B002YAYKHI&linkCode=as2&tag=maehachi-22',1257439,'8478340','2009-05-27','','UCFDL0NuxUBAvvu1PnIwW2ww',NULL,0),('JW0E_SawH2U','前前前世／RADWIMPS(Cover）','前前前世','https://www.youtube.com/watch?v=JW0E_SawH2U','https://i.ytimg.com/vi/JW0E_SawH2U/mqdefault.jpg','2016-10-15 10:06:26','2016-10-15 10:11:52','2020-04-15 09:05:57','https://www.amazon.co.jp/gp/product/B01GJXSQBG/ref=as_li_qf_sp_asin_il_tl?ie=UTF8&camp=247&creative=1211&creativeASIN=B01GJXSQBG&linkCode=as2&tag=maehachi-22',6198284,'91417355','2016-08-24','新海誠監督の長編アニメーション映画『君の名は。』主題歌','UCFDL0NuxUBAvvu1PnIwW2ww',NULL,0),('jxzI9XOfh6w','Best Friend／西野カナ（Cover）','Best Friend','http://www.youtube.com/watch?v=jxzI9XOfh6w','http://i.ytimg.com/vi/jxzI9XOfh6w/0.jpg','2011-02-15 02:54:56','2014-05-09 09:59:23','2019-07-14 11:16:59','http://www.amazon.co.jp/gp/product/B003IGMJHA/ref=as_li_qf_sp_asin_il_tl?ie=UTF8&camp=247&creative=1211&creativeASIN=B003IGMJHA&linkCode=as2&tag=maehachi-22',1602172,'12641553','2010-02-24','','UCFDL0NuxUBAvvu1PnIwW2ww',NULL,0),('jYIDnOifvfA','花の名／Bump Of Chicken（Cover）','花の名','http://www.youtube.com/watch?v=jYIDnOifvfA','http://i.ytimg.com/vi/jYIDnOifvfA/0.jpg','2012-04-03 10:25:40','2014-05-09 09:59:22','2019-07-14 11:16:59','http://www.amazon.co.jp/gp/product/B000ZGSQQE/ref=as_li_qf_sp_asin_il_tl?ie=UTF8&camp=247&creative=1211&creativeASIN=B000ZGSQQE&linkCode=as2&tag=maehachi-22',684538,'21488266','2007-10-24','','UCFDL0NuxUBAvvu1PnIwW2ww',NULL,0),('Jz-mEvSFmGE','長い間／Kiroro（Cover）','長い間','http://www.youtube.com/watch?v=Jz-mEvSFmGE','http://i.ytimg.com/vi/Jz-mEvSFmGE/0.jpg','2015-02-08 07:34:20','2015-02-09 00:09:43','2019-07-14 11:16:59','http://www.amazon.co.jp/gp/product/B005XOK9LS/ref=as_li_qf_sp_asin_il_tl?ie=UTF8&camp=247&creative=1211&creativeASIN=B005XOK9LS&linkCode=as2&tag=maehachi-22',1699684,'58273556','1998-01-21','','UCFDL0NuxUBAvvu1PnIwW2ww',NULL,0),('jZ1GWob9Bxk','Love Story／安室奈美恵（Cover）','Love Story','http://www.youtube.com/watch?v=jZ1GWob9Bxk','http://i.ytimg.com/vi/jZ1GWob9Bxk/0.jpg','2012-01-22 16:23:42','2014-05-09 09:59:22','2019-07-14 11:16:59','http://www.amazon.co.jp/gp/product/B007WQI3DG/ref=as_li_qf_sp_asin_il_tl?ie=UTF8&camp=247&creative=1211&creativeASIN=B007WQI3DG&linkCode=as2&tag=maehachi-22',1188332,'19904672','2011-12-07','','UCFDL0NuxUBAvvu1PnIwW2ww',NULL,0),('jZWnKbBN5Yg','Goose house Streaming Live #80','Goose house Streaming Live #80','https://www.youtube.com/watch?v=jZWnKbBN5Yg','https://i.ytimg.com/vi/jZWnKbBN5Yg/mqdefault.jpg','2018-02-24 13:34:02','2019-03-17 06:30:02','2020-04-15 09:06:16',NULL,353836,NULL,NULL,NULL,'UCFDL0NuxUBAvvu1PnIwW2ww',NULL,1),('K-ZS2MFQy1o','Play You. House 08/07 07','Play You. House 08/07 07','http://www.youtube.com/watch?v=K-ZS2MFQy1o','http://i.ytimg.com/vi/K-ZS2MFQy1o/0.jpg','2010-08-09 05:16:59','2014-05-09 09:59:23','2019-07-14 11:16:59','http://www.amazon.co.jp/gp/product/B00005OCS5/ref=as_li_qf_sp_asin_il_tl?ie=UTF8&camp=247&creative=1211&creativeASIN=B00005OCS5&linkCode=as2&tag=maehachi-22',74893,'8772569','2001-09-16','mongol800／あなたに（Cover）','UCFDL0NuxUBAvvu1PnIwW2ww',NULL,0),('k0Al6_MABsQ','竹渕 慶『KEI\'s 8』3.5リリース 【Goosehouse × Sony Music Records Inc.】','竹渕 慶『KEI\'s 8』3.5リリース ','http://www.youtube.com/watch?v=k0Al6_MABsQ','http://i.ytimg.com/vi/k0Al6_MABsQ/0.jpg','2014-03-01 12:40:31','2014-05-09 09:59:21','2019-07-14 11:16:59','http://www.amazon.co.jp/gp/product/B00HHDWGHS/ref=as_li_qf_sp_asin_il_tl?ie=UTF8&camp=247&creative=1211&creativeASIN=B00HHDWGHS&linkCode=as2&tag=maehachi-22',262236,'','2014-03-05',NULL,'UCFDL0NuxUBAvvu1PnIwW2ww',NULL,0),('K0kog-MfnPE','#記念写真／Goose house','#記念写真','https://www.youtube.com/watch?v=K0kog-MfnPE','https://i.ytimg.com/vi/K0kog-MfnPE/mqdefault.jpg','2018-07-30 11:31:15','2019-03-17 06:30:01','2020-04-15 09:06:15','https://www.amazon.co.jp/gp/product/B079ZSSHWH/ref=as_li_qf_asin_il_tl?ie=UTF8&tag=maehachi-22&creative=1211&linkCode=as2&creativeASIN=B079ZSSHWH&linkId=e0feac4c0ebcd33cf23706a32ae05eb7',305234,NULL,'2018-04-11',NULL,'UCFDL0NuxUBAvvu1PnIwW2ww',NULL,0),('k21LAaRZ-uM','ずっと feat. HAN-KUN & TEE／SPICY CHOCOLATE（Cover）','ずっと feat. HAN-KUN & TEE','http://www.youtube.com/watch?v=k21LAaRZ-uM','http://i.ytimg.com/vi/k21LAaRZ-uM/0.jpg','2014-02-06 10:10:54','2014-05-09 09:59:21','2019-07-14 11:16:59','http://www.amazon.co.jp/gp/product/B008GVGIRY/ref=as_li_qf_sp_asin_il_tl?ie=UTF8&camp=247&creative=1211&creativeASIN=B008GVGIRY&linkCode=as2&tag=maehachi-22',978822,'43068972','2012-09-05','','UCFDL0NuxUBAvvu1PnIwW2ww',NULL,0),('k3CEKGoXkBs','竹澤汀トライアル『身から出た唄』メッセージカード付','竹澤汀トライアル『身から出た唄』メッセージカード付','https://www.youtube.com/watch?v=k3CEKGoXkBs','https://i.ytimg.com/vi/k3CEKGoXkBs/mqdefault.jpg','2016-02-06 09:01:22','2016-02-19 10:59:26','2019-07-14 11:16:59','http://www.amazon.co.jp/gp/product/B01AAFYRBM/ref=as_li_qf_sp_asin_il_tl?ie=UTF8&camp=247&creative=1211&creativeASIN=B01AAFYRBM&linkCode=as2&tag=maehachi-22',163033,'','2016-02-17','','UCFDL0NuxUBAvvu1PnIwW2ww',NULL,0),('K5n4KLOgIjY','Goosehouse unit live #07 サンクスコメント','Goosehouse unit live #07 サンクスコメント','http://www.youtube.com/watch?v=K5n4KLOgIjY','http://i.ytimg.com/vi/K5n4KLOgIjY/0.jpg','2012-06-10 13:58:12','2014-05-09 09:59:22','2020-04-14 18:05:12','',166728,'',NULL,NULL,'UCFDL0NuxUBAvvu1PnIwW2ww',NULL,0),('KD7u5Zacp8g','たばこ／コレサワ（Cover）','たばこ','https://www.youtube.com/watch?v=KD7u5Zacp8g','https://i.ytimg.com/vi/KD7u5Zacp8g/mqdefault.jpg','2018-02-19 10:52:25','2019-03-17 06:30:00','2020-04-15 09:06:16','https://www.amazon.co.jp/gp/product/B071ZMHLWR/ref=as_li_qf_asin_il_tl?ie=UTF8&tag=maehachi-22&creative=1211&linkCode=as2&creativeASIN=B071ZMHLWR&linkId=82febab16c72372887cd662bfac58bc4',1132830,NULL,'2017-03-29',NULL,'UCFDL0NuxUBAvvu1PnIwW2ww',NULL,0),('keA2A8FCo5w','Song for...／HY（Cover）','Song for...','http://www.youtube.com/watch?v=keA2A8FCo5w','http://i.ytimg.com/vi/keA2A8FCo5w/0.jpg','2012-01-22 15:07:27','2014-05-09 09:59:22','2019-07-14 11:16:59','http://www.amazon.co.jp/gp/product/B000EOUKN4/ref=as_li_qf_sp_asin_il_tl?ie=UTF8&camp=247&creative=1211&creativeASIN=B000EOUKN4&linkCode=as2&tag=maehachi-22',1337134,'19904672','2004-07-14','','UCFDL0NuxUBAvvu1PnIwW2ww',NULL,0),('KFivNGXdl34','カタコトのアイラブユー／神田莉緒香（Original）','カタコトのアイラブユー','http://www.youtube.com/watch?v=KFivNGXdl34','http://i.ytimg.com/vi/KFivNGXdl34/0.jpg','2010-08-09 04:24:47','2014-06-20 17:50:34','2019-07-14 11:16:59','',225418,'8772569',NULL,'','UCFDL0NuxUBAvvu1PnIwW2ww',NULL,0),('kgXBg5MHu6g','白日／King Gnu（Cover）','白日','https://www.youtube.com/watch?v=kgXBg5MHu6g','https://i.ytimg.com/vi/kgXBg5MHu6g/mqdefault.jpg','2019-06-15 09:00:19','2019-07-13 14:42:08','2020-04-15 09:04:44',NULL,1434840,NULL,'2019-02-22',NULL,'UCx66obAJ42B0XwHIm_iupkw',NULL,0),('kl-0ABda1aA','奇跡を望むなら／JUJU（Cover）','奇跡を望むなら','http://www.youtube.com/watch?v=kl-0ABda1aA','http://i.ytimg.com/vi/kl-0ABda1aA/0.jpg','2013-10-05 08:45:38','2014-05-09 09:59:21','2020-04-15 09:05:25','http://www.amazon.co.jp/gp/product/B000P28QO0/ref=as_li_qf_sp_asin_il_tl?ie=UTF8&camp=247&creative=1211&creativeASIN=B000P28QO0&linkCode=as2&tag=maehachi-22',1502088,'39315898','2006-11-22','','UCFDL0NuxUBAvvu1PnIwW2ww',NULL,0),('kl4SC2DGud4','真夏の果実／サザンオールスターズ（Cover）','真夏の果実','http://www.youtube.com/watch?v=kl4SC2DGud4','http://i.ytimg.com/vi/kl4SC2DGud4/0.jpg','2012-09-27 12:05:51','2014-05-09 09:59:21','2020-04-15 09:05:15','http://www.amazon.co.jp/gp/product/B000056KU1/ref=as_li_qf_sp_asin_il_tl?ie=UTF8&camp=247&creative=1211&creativeASIN=B000056KU1&linkCode=as2&tag=maehachi-22',5989276,'25604039','1990-07-25','','UCFDL0NuxUBAvvu1PnIwW2ww',NULL,0),('kPfJMaFlmhY','明日がくるなら／JUJU（Cover）','明日がくるなら','http://www.youtube.com/watch?v=kPfJMaFlmhY','http://i.ytimg.com/vi/kPfJMaFlmhY/0.jpg','2014-10-13 08:47:21','2014-10-29 11:19:58','2020-04-15 09:05:36','http://www.amazon.co.jp/gp/product/B001TMEE9G/ref=as_li_qf_sp_asin_il_tl?ie=UTF8&camp=247&creative=1211&creativeASIN=B001TMEE9G&linkCode=as2&tag=maehachi-22',1664273,'53213992','2009-04-29','','UCFDL0NuxUBAvvu1PnIwW2ww',NULL,0),('KpX4Ko-5cEA','ファイト！／中島みゆき（Cover）','ファイト！','https://www.youtube.com/watch?v=KpX4Ko-5cEA','https://i.ytimg.com/vi/KpX4Ko-5cEA/mqdefault.jpg','2020-12-31 15:00:11','2021-05-30 02:54:51','2021-05-30 02:54:51',NULL,358755,NULL,NULL,'1994年: 住友生命「ウィニングライフ」CMソング\n2020年: ユニクロ「ヒートテック」CMソング',NULL,NULL,0),('KqBZIxoe7OI','Pop Up! ／Goose house','Pop Up! ','https://www.youtube.com/watch?v=KqBZIxoe7OI','https://i.ytimg.com/vi/KqBZIxoe7OI/mqdefault.jpg','2015-06-05 11:44:51','2015-06-27 08:53:35','2020-04-15 09:05:47','http://www.amazon.co.jp/gp/product/B00SLMZNUG/ref=as_li_qf_sp_asin_il_tl?ie=UTF8&camp=247&creative=1211&creativeASIN=B00SLMZNUG&linkCode=as2&tag=maehachi-22',2954155,'62588297','2015-02-25','','UCFDL0NuxUBAvvu1PnIwW2ww',NULL,0),('Ks9G4_vTFN4','11/13リリース！Goose house Phrase#02 Sky','11/13リリース','http://www.youtube.com/watch?v=Ks9G4_vTFN4','http://i.ytimg.com/vi/Ks9G4_vTFN4/0.jpg','2011-10-29 11:57:19','2014-05-09 09:59:22','2020-04-14 07:05:03','http://www.amazon.co.jp/gp/product/B005TE156U/ref=as_li_qf_sp_asin_il_tl?ie=UTF8&camp=247&creative=1211&creativeASIN=B005TE156U&linkCode=as2&tag=maehachi-22',224330,'','2011-11-13',NULL,'UCFDL0NuxUBAvvu1PnIwW2ww',NULL,0),('KsSFpuToNh8','Play You. House 2nd 10/09 01','Play You. House 2nd 10/09 01','http://www.youtube.com/watch?v=KsSFpuToNh8','http://i.ytimg.com/vi/KsSFpuToNh8/0.jpg','2010-10-14 06:22:40','2014-05-09 09:59:23','2020-03-26 07:04:55','http://www.amazon.co.jp/gp/product/B000ALMUWU/ref=as_li_qf_sp_asin_il_tl?ie=UTF8&camp=247&creative=1211&creativeASIN=B000ALMUWU&linkCode=as2&tag=maehachi-22',136708,'10090001','1983-08-01','SWEET MEMORIES／松田聖子（Cover）','UCFDL0NuxUBAvvu1PnIwW2ww',NULL,0),('ktfSsX43BFg','12/2リリース 齊藤ジョニー『She is』 trial listening','12/2リリース 齊藤ジョニー『She is』 trial listening','https://www.youtube.com/watch?v=ktfSsX43BFg','https://i.ytimg.com/vi/ktfSsX43BFg/mqdefault.jpg','2015-11-26 12:00:23','2015-11-29 07:48:24','2020-04-15 07:05:45','http://www.amazon.co.jp/gp/product/B017F4MUR4/ref=as_li_qf_sp_asin_il_tl?ie=UTF8&camp=247&creative=1211&creativeASIN=B017F4MUR4&linkCode=as2&tag=maehachi-22',158943,'78662682','2015-12-02','','UCFDL0NuxUBAvvu1PnIwW2ww',NULL,0),('KU1yf-3AJag','青春の影／チューリップ（Cover）','青春の影','https://www.youtube.com/watch?v=KU1yf-3AJag','https://i.ytimg.com/vi/KU1yf-3AJag/mqdefault.jpg','2017-03-17 12:26:53','2017-03-19 14:41:54','2019-07-14 11:16:59','https://www.amazon.co.jp/gp/product/B0048CHFJU/ref=as_li_qf_sp_asin_il_tl?ie=UTF8&tag=maehachi-22&camp=247&creative=1211&linkCode=as2&creativeASIN=B0048CHFJU&linkId=1fdf60064170210816b45c5646d7da71',645971,'100383207','1974-06-05','映画『さよなら、クロ』 の主題歌など数多くの映画・ドラマの主題歌やCMソングに起用','UCFDL0NuxUBAvvu1PnIwW2ww',NULL,0),('kUjpX8ZI6rw','スノーマジックファンタジー／SEKAI NO OWARI（Cover）','スノーマジックファンタジー','https://www.youtube.com/watch?v=kUjpX8ZI6rw','https://i.ytimg.com/vi/kUjpX8ZI6rw/mqdefault.jpg','2015-12-15 11:14:15','2015-12-18 11:55:50','2020-04-15 09:05:46','http://www.amazon.co.jp/gp/product/B00PA2C9OI/ref=as_li_qf_sp_asin_il_tl?ie=UTF8&camp=247&creative=1211&creativeASIN=B00PA2C9OI&linkCode=as2&tag=maehachi-22',772926,'78662682','2014-01-22','JR東日本『JR SKISKI』CMソング','UCFDL0NuxUBAvvu1PnIwW2ww',NULL,0),('kuQO-48SXOg','I Saw Mommy Kissing Santa Claus／Goose house（Cover）','I Saw Mommy Kissing Santa Claus','http://www.youtube.com/watch?v=kuQO-48SXOg','http://i.ytimg.com/vi/kuQO-48SXOg/0.jpg','2014-12-17 10:01:08','2014-12-17 10:42:54','2020-04-15 09:05:36','',715596,'','1952-06-15','','UCFDL0NuxUBAvvu1PnIwW2ww',NULL,0),('KVJpj0Zz1uQ','シルエット／KANA-BOON（Cover）','シルエット','https://www.youtube.com/watch?v=KVJpj0Zz1uQ','https://i.ytimg.com/vi/KVJpj0Zz1uQ/mqdefault.jpg','2016-08-16 10:44:40','2016-08-28 10:38:58','2020-04-15 09:05:57','https://www.amazon.co.jp/gp/product/B00NWU1H8E/ref=as_li_qf_sp_asin_il_tl?ie=UTF8&camp=247&creative=1211&creativeASIN=B00NWU1H8E&linkCode=as2&tag=maehachi-22',1947827,'90113358','2014-11-26','テレビ東京系アニメ『NARUTO -ナルト- 疾風伝』の16代目オープニングテーマ','UCFDL0NuxUBAvvu1PnIwW2ww',NULL,0),('Kx7cvmpLyiE','Snowdome／木村カエラ（Cover）','Snowdome','http://www.youtube.com/watch?v=Kx7cvmpLyiE','http://i.ytimg.com/vi/Kx7cvmpLyiE/0.jpg','2011-01-18 02:08:36','2014-05-09 09:59:23','2019-07-14 11:16:59','http://www.amazon.co.jp/gp/product/B000KP63PG/ref=as_li_qf_sp_asin_il_tl?ie=UTF8&camp=247&creative=1211&creativeASIN=B000KP63PG&linkCode=as2&tag=maehachi-22',174409,'12027283','2007-01-17','','UCFDL0NuxUBAvvu1PnIwW2ww',NULL,0),('KXnZfC7A5FM','オドループ／フレデリック（Cover）','オドループ','https://www.youtube.com/watch?v=KXnZfC7A5FM','https://i.ytimg.com/vi/KXnZfC7A5FM/mqdefault.jpg','2016-08-16 10:43:46','2016-08-28 10:38:58','2020-04-15 09:05:57','https://www.amazon.co.jp/gp/product/B00LU5JIX4/ref=as_li_qf_sp_asin_il_tl?ie=UTF8&camp=247&creative=1211&creativeASIN=B00LU5JIX4&linkCode=as2&tag=maehachi-22',1668503,'90113779','2014-09-24','『 山田くんと七人の魔女』エンディングテーマ','UCFDL0NuxUBAvvu1PnIwW2ww',NULL,0),('kxWHb0pUigg','恋するMerry-Go-Round／Goose house','恋するMerry-Go-Round','https://www.youtube.com/watch?v=kxWHb0pUigg','https://i.ytimg.com/vi/kxWHb0pUigg/mqdefault.jpg','2015-08-18 12:01:02','2015-08-22 10:26:57','2020-04-15 09:05:46','http://www.amazon.co.jp/gp/product/B00SLMZNUG/ref=as_li_qf_sp_asin_il_tl?ie=UTF8&camp=247&creative=1211&creativeASIN=B00SLMZNUG&linkCode=as2&tag=maehachi-22',693558,'67942657','2015-02-25',NULL,'UCFDL0NuxUBAvvu1PnIwW2ww',NULL,0),('KzfvVe2Ph6w','コネクト／ClariS（Cover）','コネクト','http://www.youtube.com/watch?v=KzfvVe2Ph6w','http://i.ytimg.com/vi/KzfvVe2Ph6w/0.jpg','2011-10-17 15:23:33','2014-05-09 09:59:22','2020-04-15 09:05:05','http://www.amazon.co.jp/gp/product/B004DGD4AA/ref=as_li_qf_sp_asin_il_tl?ie=UTF8&camp=247&creative=1211&creativeASIN=B004DGD4AA&linkCode=as2&tag=maehachi-22',907941,'17889327','2011-02-02','','UCFDL0NuxUBAvvu1PnIwW2ww',NULL,0),('l_t88F98snM','Play You. House 2nd 10/23 07','Play You. House 2nd 10/23 07','http://www.youtube.com/watch?v=l_t88F98snM','http://i.ytimg.com/vi/l_t88F98snM/0.jpg','2010-10-26 12:00:38','2014-05-09 09:59:23','2020-04-14 09:04:55','http://www.amazon.co.jp/gp/product/B00AO6LDN8/ref=as_li_qf_sp_asin_il_tl?ie=UTF8&camp=247&creative=1211&creativeASIN=B00AO6LDN8&linkCode=as2&tag=maehachi-22',68933,'10369900','2011-06-26','sing／Play You. House（Original）','UCFDL0NuxUBAvvu1PnIwW2ww',NULL,0),('l4h4R1-FyYA','ずるいよ！／竹澤汀（Goose houseメンバー）','ずるいよ！','https://www.youtube.com/watch?v=l4h4R1-FyYA','https://i.ytimg.com/vi/l4h4R1-FyYA/mqdefault.jpg','2016-07-05 11:07:13','2016-08-03 10:47:35','2020-04-15 09:05:57','https://www.amazon.co.jp/gp/product/B01G70EH3C/ref=as_li_qf_sp_asin_il_tl?ie=UTF8&camp=247&creative=1211&creativeASIN=B01G70EH3C&linkCode=as2&tag=maehachi-22',207892,'','2016-07-06','','UCFDL0NuxUBAvvu1PnIwW2ww',NULL,0),('l9wRjsQ_JII','LIFE／AAA （Cover）','LIFE','https://www.youtube.com/watch?v=l9wRjsQ_JII','https://i.ytimg.com/vi/l9wRjsQ_JII/mqdefault.jpg','2017-11-16 09:56:55','2017-11-17 12:14:54','2020-04-15 09:06:07','https://www.amazon.co.jp/gp/product/B075F4GXXN/ref=as_li_qf_sp_asin_il_tl?ie=UTF8&tag=maehachi-22&camp=247&creative=1211&linkCode=as2&creativeASIN=B075F4GXXN&linkId=e2b72dfbf9c0bf9a90e7dd87d09b6543',826431,'109333557','2017-10-18','フジテレビ系月9ドラマ『民衆の敵〜世の中、おかしくないですか!?〜』主題歌','UCFDL0NuxUBAvvu1PnIwW2ww',NULL,0),('LA-JDnpt2iQ','北風小僧の寒太郎／田中星児（Cover）','北風小僧の寒太郎','http://www.youtube.com/watch?v=LA-JDnpt2iQ','http://i.ytimg.com/vi/LA-JDnpt2iQ/0.jpg','2011-01-18 02:05:50','2014-05-09 09:59:23','2019-07-14 11:16:59','http://www.amazon.co.jp/gp/product/B004OGYLFQ/ref=as_li_qf_sp_asin_il_tl?ie=UTF8&camp=247&creative=1211&creativeASIN=B004OGYLFQ&linkCode=as2&tag=maehachi-22',129253,'12027283','1974-12-01','','UCFDL0NuxUBAvvu1PnIwW2ww',NULL,0),('lb95IJcsg9I','Goose house ニューアルバム『Flight』フラゲ報告会！！！','Goose house ニューアルバム『Flight』フラゲ報告会！！！','https://www.youtube.com/watch?v=lb95IJcsg9I','https://i.ytimg.com/vi/lb95IJcsg9I/mqdefault.jpg','2018-04-10 12:00:25','2021-05-31 16:08:33','2021-05-31 16:08:33',NULL,152023,NULL,NULL,NULL,NULL,NULL,0),('LcWXIbcCxEQ','夏祭り／Whiteberry（Cover）','夏祭り','http://www.youtube.com/watch?v=LcWXIbcCxEQ','http://i.ytimg.com/vi/LcWXIbcCxEQ/0.jpg','2012-07-20 10:59:47','2014-05-09 09:59:22','2020-04-15 09:05:16','http://www.amazon.co.jp/gp/product/B001C18KBW/ref=as_li_qf_sp_asin_il_tl?ie=UTF8&camp=247&creative=1211&creativeASIN=B001C18KBW&linkCode=as2&tag=maehachi-22',4337377,'23982063','2000-08-09','','UCFDL0NuxUBAvvu1PnIwW2ww',NULL,0),('lg57i_222zg','春夏秋冬／ヒルクライム（Cover）','春夏秋冬','http://www.youtube.com/watch?v=lg57i_222zg','http://i.ytimg.com/vi/lg57i_222zg/0.jpg','2013-10-05 08:41:36','2014-05-09 09:59:21','2020-04-15 09:05:25','http://www.amazon.co.jp/gp/product/B002GKRS1G/ref=as_li_qf_sp_asin_il_tl?ie=UTF8&camp=247&creative=1211&creativeASIN=B002GKRS1G&linkCode=as2&tag=maehachi-22',3971144,'39315898','2009-09-30','','UCFDL0NuxUBAvvu1PnIwW2ww',NULL,0),('Lgx0qoLGZzY','ラムのラブソング／松谷祐子（Cover）','ラムのラブソング','http://www.youtube.com/watch?v=Lgx0qoLGZzY','http://i.ytimg.com/vi/Lgx0qoLGZzY/0.jpg','2014-10-13 08:48:05','2014-10-29 11:19:58','2020-04-15 09:05:36','http://www.amazon.co.jp/gp/product/B00005FQZO/ref=as_li_qf_sp_asin_il_tl?ie=UTF8&camp=247&creative=1211&creativeASIN=B00005FQZO&linkCode=as2&tag=maehachi-22',1687625,'53213992','1981-10-21','','UCFDL0NuxUBAvvu1PnIwW2ww',NULL,0),('lHxrb0GeCj4','マルシェ／KICK THE CAN CREW（Cover）','マルシェ','http://www.youtube.com/watch?v=lHxrb0GeCj4','http://i.ytimg.com/vi/lHxrb0GeCj4/0.jpg','2014-10-13 08:46:15','2014-10-29 11:19:58','2020-04-15 09:05:36','http://www.amazon.co.jp/gp/product/B00005UDEG/ref=as_li_qf_sp_asin_il_tl?ie=UTF8&camp=247&creative=1211&creativeASIN=B00005UDEG&linkCode=as2&tag=maehachi-22',535179,'53213992','2002-01-23','','UCFDL0NuxUBAvvu1PnIwW2ww',NULL,0),('LITAGDY95g0','18歳／Goosehouse（original）','18歳','http://www.youtube.com/watch?v=LITAGDY95g0','http://i.ytimg.com/vi/LITAGDY95g0/0.jpg','2011-08-11 01:16:15','2014-05-09 09:59:22','2020-04-15 09:05:05','http://www.amazon.co.jp/gp/product/B00AO6LDN8/ref=as_li_qf_sp_asin_il_tl?ie=UTF8&camp=247&creative=1211&creativeASIN=B00AO6LDN8&linkCode=as2&tag=maehachi-22',541207,'16469562','2011-06-26','','UCFDL0NuxUBAvvu1PnIwW2ww',NULL,0),('lkLro07kYtA','Love／平井堅（Cover）','Love','https://www.youtube.com/watch?v=lkLro07kYtA','https://i.ytimg.com/vi/lkLro07kYtA/mqdefault.jpg','2010-07-01 10:29:07','2015-11-26 10:51:07','2019-07-14 11:16:59','http://www.amazon.co.jp/gp/product/B000056UUH/ref=as_li_qf_sp_asin_il_tl?ie=UTF8&camp=247&creative=1211&creativeASIN=B000056UUH&linkCode=as2&tag=maehachi-22',664106,'7907718','1998-05-29','Love Love Love','UCFDL0NuxUBAvvu1PnIwW2ww',NULL,0),('lKqpRP3c64o','この指とまれ／Goose house（Play.Goose #3.9 ver.）','この指とまれ','https://www.youtube.com/watch?v=lKqpRP3c64o','https://i.ytimg.com/vi/lKqpRP3c64o/mqdefault.jpg','2019-04-03 11:47:34','2019-07-13 14:42:09','2020-04-15 09:04:44',NULL,154797,NULL,'2013-03-20',NULL,'UCx66obAJ42B0XwHIm_iupkw','qiaEUasF6CM',0),('lMB_rK8o6rE','最後の雨／中西保志(Cover）','最後の雨','https://www.youtube.com/watch?v=lMB_rK8o6rE','https://i.ytimg.com/vi/lMB_rK8o6rE/mqdefault.jpg','2015-07-12 09:32:58','2015-07-16 13:02:25','2020-04-15 09:05:47','http://www.amazon.co.jp/gp/product/B00005EQLQ/ref=as_li_qf_sp_asin_il_tl?ie=UTF8&camp=247&creative=1211&creativeASIN=B00005EQLQ&linkCode=as2&tag=maehachi-22',914553,'65130840','1992-08-10',NULL,'UCFDL0NuxUBAvvu1PnIwW2ww',NULL,0),('lotrw32qs38','My First Kiss  はじめてのチュウ（cover）','My First Kiss  はじめてのチュウ','http://www.youtube.com/watch?v=lotrw32qs38','http://i.ytimg.com/vi/lotrw32qs38/0.jpg','2010-07-20 17:08:23','2014-05-09 09:59:24','2019-07-14 11:16:59','http://www.amazon.co.jp/gp/product/B00012T32S/ref=as_li_qf_sp_asin_il_tl?ie=UTF8&camp=247&creative=1211&creativeASIN=B00012T32S&linkCode=as2&tag=maehachi-22',3041901,'8331022','1990-05-01','','UCFDL0NuxUBAvvu1PnIwW2ww',NULL,0),('ls9VW2oJhoE','ひとつの証／K.K.（Original）','ひとつの証','http://www.youtube.com/watch?v=ls9VW2oJhoE','http://i.ytimg.com/vi/ls9VW2oJhoE/0.jpg','2010-08-09 03:46:13','2014-05-09 09:59:23','2019-07-14 11:16:59','',29204,'8772569',NULL,'','UCFDL0NuxUBAvvu1PnIwW2ww',NULL,0),('LswZYhaOagY','Beautiful Life／Goose house','Beautiful Life','https://www.youtube.com/watch?v=LswZYhaOagY','https://i.ytimg.com/vi/LswZYhaOagY/mqdefault.jpg','2017-09-14 10:00:03','2017-09-14 15:24:55','2020-04-15 09:06:07','https://www.amazon.co.jp/gp/product/B00979RKKI/ref=as_li_qf_sp_asin_il_tl?ie=UTF8&tag=maehachi-22&camp=247&creative=1211&linkCode=as2&creativeASIN=B00979RKKI&linkId=03154cc4ed37a4ebd213edf83db97d48',865955,'107048932','2012-10-24','','UCFDL0NuxUBAvvu1PnIwW2ww',NULL,0),('Lvfo3C3rGCI','Goose house Live Tour 2015 東京','Goose house Live Tour 2015 東京','https://www.youtube.com/watch?v=Lvfo3C3rGCI','https://i.ytimg.com/vi/Lvfo3C3rGCI/mqdefault.jpg','2015-12-11 10:14:19','2015-12-11 14:51:26','2020-04-15 07:05:45',NULL,250055,NULL,NULL,NULL,'UCFDL0NuxUBAvvu1PnIwW2ww',NULL,0),('LVPcTo5nGnU','レーザービーム／Perfume（Cover）','レーザービーム','http://www.youtube.com/watch?v=LVPcTo5nGnU','http://i.ytimg.com/vi/LVPcTo5nGnU/0.jpg','2012-02-24 15:55:24','2014-05-09 09:59:22','2019-07-14 11:16:59','http://www.amazon.co.jp/gp/product/B004QEYX5O/ref=as_li_qf_sp_asin_il_tl?ie=UTF8&camp=247&creative=1211&creativeASIN=B004QEYX5O&linkCode=as2&tag=maehachi-22',2368085,'20525627','2011-05-18','','UCFDL0NuxUBAvvu1PnIwW2ww',NULL,0),('LxgMFO0xuEk','君が好き／清水翔太（Cover）','君が好き','http://www.youtube.com/watch?v=LxgMFO0xuEk','http://i.ytimg.com/vi/LxgMFO0xuEk/0.jpg','2015-02-08 07:30:45','2015-02-09 00:09:43','2019-07-14 11:16:59','http://www.amazon.co.jp/gp/product/B002MHA54U/ref=as_li_qf_sp_asin_il_tl?ie=UTF8&camp=247&creative=1211&creativeASIN=B002MHA54U&linkCode=as2&tag=maehachi-22',1300789,'58273556','2009-12-09','','UCFDL0NuxUBAvvu1PnIwW2ww',NULL,0),('lzk4efmFQW4','Sign／Mr Children（Cover）','Sign','http://www.youtube.com/watch?v=lzk4efmFQW4','http://i.ytimg.com/vi/lzk4efmFQW4/0.jpg','2015-05-05 06:51:37','2015-05-06 01:15:38','2019-07-14 11:16:59','http://www.amazon.co.jp/gp/product/B0070Q8YJG/ref=as_li_qf_sp_asin_il_tl?ie=UTF8&camp=247&creative=1211&creativeASIN=B0070Q8YJG&linkCode=as2&tag=maehachi-22',1263436,'61239113','2004-05-26','','UCFDL0NuxUBAvvu1PnIwW2ww',NULL,0),('lZlg7HzSGAY','Sunny Day Sunday／センチメンタル・バス（Cover）','Sunny Day Sunday','https://www.youtube.com/watch?v=lZlg7HzSGAY','https://i.ytimg.com/vi/lZlg7HzSGAY/mqdefault.jpg','2017-09-10 09:55:38','2017-09-14 15:24:55','2020-04-15 09:06:07','https://www.amazon.co.jp/gp/product/B00003Q4AN/ref=as_li_qf_sp_asin_il_tl?ie=UTF8&tag=maehachi-22&camp=247&creative=1211&linkCode=as2&creativeASIN=B00003Q4AN&linkId=11fdaedc58446b81abdfaa78ddb9e0b9',977588,'107046239','1999-08-04','大塚製薬「ポカリスエット」CMソング','UCFDL0NuxUBAvvu1PnIwW2ww',NULL,0),('M_ktlIXJhfc','学園天国 フィンガー５ （Cover）','学園天国','http://www.youtube.com/watch?v=M_ktlIXJhfc','http://i.ytimg.com/vi/M_ktlIXJhfc/0.jpg','2011-02-15 02:45:25','2014-05-09 09:59:23','2019-07-14 11:16:59','http://www.amazon.co.jp/gp/product/B00005FESX/ref=as_li_qf_sp_asin_il_tl?ie=UTF8&camp=247&creative=1211&creativeASIN=B00005FESX&linkCode=as2&tag=maehachi-22',408220,'12641553','1974-03-05','','UCFDL0NuxUBAvvu1PnIwW2ww',NULL,0),('M_Zbs9_u1tc','宿命／Official髭男dism（Cover）','宿命','https://www.youtube.com/watch?v=M_Zbs9_u1tc','https://i.ytimg.com/vi/M_Zbs9_u1tc/mqdefault.jpg','2019-11-30 09:00:02','2021-05-30 02:54:58','2021-06-06 00:41:54',NULL,722720,NULL,'2019-07-09',NULL,NULL,NULL,0),('m2yeCwwcL0I','100万再生ありがとう！！','100万再生ありがとう！！','https://www.youtube.com/watch?v=m2yeCwwcL0I','https://i.ytimg.com/vi/m2yeCwwcL0I/mqdefault.jpg','2019-05-20 09:36:46','2019-07-13 14:42:09','2020-04-15 09:04:44',NULL,42902,NULL,NULL,NULL,'UCx66obAJ42B0XwHIm_iupkw',NULL,0),('m354q21Bxh4','【new album】 KEI\'s 8／竹渕 慶  MV&メッセージ','【new album】 KEI\'s 8','http://www.youtube.com/watch?v=m354q21Bxh4','http://i.ytimg.com/vi/m354q21Bxh4/0.jpg','2014-03-13 08:45:19','2014-05-09 09:59:21','2019-07-14 11:16:59','http://www.amazon.co.jp/gp/product/B00HHDWGHS/ref=as_li_qf_sp_asin_il_tl?ie=UTF8&camp=247&creative=1211&creativeASIN=B00HHDWGHS&linkCode=as2&tag=maehachi-22',1029256,'','2014-03-05',NULL,'UCFDL0NuxUBAvvu1PnIwW2ww',NULL,0),('M7QXjdvEWzI','【Goose house】ワタナベシュウヘイ コメントムービー／収録曲「年上の彼女」','【Goose house】ワタナベシュウヘイ コメントムービー','https://www.youtube.com/watch?v=M7QXjdvEWzI','https://i.ytimg.com/vi/M7QXjdvEWzI/mqdefault.jpg','2016-06-13 10:44:18','2016-06-18 05:30:18','2020-04-15 08:05:56','http://www.amazon.co.jp/gp/product/B01G70EH3C/ref=as_li_qf_sp_asin_il_tl?ie=UTF8&camp=247&creative=1211&creativeASIN=B01G70EH3C&linkCode=as2&tag=maehachi-22',162529,'','2016-07-06','','UCFDL0NuxUBAvvu1PnIwW2ww',NULL,0),('M8nu4gkOlbI','恋におちたら／Crystal kay（Cover）','恋におちたら','http://www.youtube.com/watch?v=M8nu4gkOlbI','http://i.ytimg.com/vi/M8nu4gkOlbI/0.jpg','2012-11-25 09:15:28','2014-05-09 09:59:21','2020-04-15 09:05:15','http://www.amazon.co.jp/gp/product/B00092QTOK/ref=as_li_qf_sp_asin_il_tl?ie=UTF8&camp=247&creative=1211&creativeASIN=B00092QTOK&linkCode=as2&tag=maehachi-22',2576705,'27086759','2005-05-18','','UCFDL0NuxUBAvvu1PnIwW2ww',NULL,0),('maWBI3ORTMA','まちがいさがし／菅田将暉（Cover）','まちがいさがし','https://www.youtube.com/watch?v=maWBI3ORTMA','https://i.ytimg.com/vi/maWBI3ORTMA/mqdefault.jpg','2019-08-09 11:00:20','2021-05-30 02:55:00','2021-06-06 00:12:47',NULL,574891,NULL,'2019-05-14',NULL,NULL,NULL,0),('Mc-pN4rZK84','Altair ～言えずのI LOVE YOU～／Goosehouse（original）','Altair ～言えずのI LOVE YOU～','http://www.youtube.com/watch?v=Mc-pN4rZK84','http://i.ytimg.com/vi/Mc-pN4rZK84/0.jpg','2012-07-20 11:04:31','2014-05-09 09:59:22','2020-04-15 09:05:16','http://www.amazon.co.jp/gp/product/B007TGIIVG/ref=as_li_qf_sp_asin_il_tl?ie=UTF8&camp=247&creative=1211&creativeASIN=B007TGIIVG&linkCode=as2&tag=maehachi-22',578451,'23982063','2012-05-23','','UCFDL0NuxUBAvvu1PnIwW2ww',NULL,0),('MCXSldXbidI','18歳／（Original）','18歳','http://www.youtube.com/watch?v=MCXSldXbidI','http://i.ytimg.com/vi/MCXSldXbidI/0.jpg','2011-03-01 03:08:14','2014-05-09 09:59:23','2019-07-14 11:16:59','http://www.amazon.co.jp/gp/product/B00AO6LDN8/ref=as_li_qf_sp_asin_il_tl?ie=UTF8&camp=247&creative=1211&creativeASIN=B00AO6LDN8&linkCode=as2&tag=maehachi-22',118609,'12951725','2011-06-26','','UCFDL0NuxUBAvvu1PnIwW2ww',NULL,0),('Mdo3uvX-yog','白い恋人達／桑田佳祐（Cover）','白い恋人達','http://www.youtube.com/watch?v=Mdo3uvX-yog','http://i.ytimg.com/vi/Mdo3uvX-yog/0.jpg','2014-11-22 08:40:19','2014-12-11 12:13:11','2020-04-15 09:05:36','http://www.amazon.co.jp/gp/product/B00006YY35/ref=as_li_qf_sp_asin_il_tl?ie=UTF8&camp=247&creative=1211&creativeASIN=B00006YY35&linkCode=as2&tag=maehachi-22',1816082,'55444987','2001-10-24','','UCFDL0NuxUBAvvu1PnIwW2ww',NULL,0),('MEAj4qTAoiM','Streaming Live  Play.Goose #August 2020” Reversi ”（20200829）','Streaming Live  Play.Goose #August 2020” Reversi ”（20200829）','https://www.youtube.com/watch?v=MEAj4qTAoiM','https://i.ytimg.com/vi/MEAj4qTAoiM/mqdefault.jpg','2020-08-29 13:11:34','2021-05-30 02:54:53','2021-06-16 14:00:47',NULL,65653,NULL,NULL,'1. CHANGE!!／Goose house\n2. PGニュースコーナー\n3. 香水／瑛人\n4. お知らせのコーナー\n5. Reversi／Play.Goose\n',NULL,NULL,1),('mfKjDrO2q5w','CHARM／WANIMA（Cover）','CHARM','https://www.youtube.com/watch?v=mfKjDrO2q5w','https://i.ytimg.com/vi/mfKjDrO2q5w/mqdefault.jpg','2017-07-14 11:15:29','2017-07-23 12:24:23','2020-04-15 09:06:07','',1004887,'104856250','2017-05-17','','UCFDL0NuxUBAvvu1PnIwW2ww',NULL,0),('MFNETL-PbeI','3月9日／レミオロメン（Cover）','3月9日','http://www.youtube.com/watch?v=MFNETL-PbeI','http://i.ytimg.com/vi/MFNETL-PbeI/0.jpg','2010-11-16 04:59:20','2014-05-09 09:59:23','2020-04-15 09:04:54','http://www.amazon.co.jp/gp/product/B001PJTJI4/ref=as_li_qf_sp_asin_il_tl?ie=UTF8&camp=247&creative=1211&creativeASIN=B001PJTJI4&linkCode=as2&tag=maehachi-22',3558238,'10827045','2004-03-09','','UCFDL0NuxUBAvvu1PnIwW2ww',NULL,0),('MgqhzoiBaX4','瞬き／back number（Cover）','瞬き','https://www.youtube.com/watch?v=MgqhzoiBaX4','https://i.ytimg.com/vi/MgqhzoiBaX4/mqdefault.jpg','2018-02-21 11:39:14','2019-03-17 06:30:01','2020-04-15 09:06:16',NULL,2970255,NULL,'2017-12-20',NULL,'UCFDL0NuxUBAvvu1PnIwW2ww',NULL,0),('mIq_QPuTWHo','夏の想い出／ケツメイシ（Cover）','夏の想い出','http://www.youtube.com/watch?v=mIq_QPuTWHo','http://i.ytimg.com/vi/mIq_QPuTWHo/0.jpg','2011-08-11 13:55:38','2014-05-09 09:59:22','2020-04-15 09:05:05','http://www.amazon.co.jp/gp/product/B0000C0SY6/ref=as_li_qf_sp_asin_il_tl?ie=UTF8&camp=247&creative=1211&creativeASIN=B0000C0SY6&linkCode=as2&tag=maehachi-22',1290676,'16469562','2003-07-16','','UCFDL0NuxUBAvvu1PnIwW2ww',NULL,0),('MIxeuUIeF3U','Play You. House 08/14 02','Play You. House 08/14 02','http://www.youtube.com/watch?v=MIxeuUIeF3U','http://i.ytimg.com/vi/MIxeuUIeF3U/0.jpg','2010-08-17 04:43:52','2014-05-09 09:59:23','2019-07-14 11:16:59','http://www.amazon.co.jp/gp/product/B006GHC31K/ref=as_li_qf_sp_asin_il_tl?ie=UTF8&camp=247&creative=1211&creativeASIN=B006GHC31K&linkCode=as2&tag=maehachi-22',64176,'8919226','1998-08-12','ビリーヴ／合唱曲（Cover）','UCFDL0NuxUBAvvu1PnIwW2ww',NULL,0),('Mma_aps8Cik','サヨナラバス／ゆず（Cover）','サヨナラバス','http://www.youtube.com/watch?v=Mma_aps8Cik','http://i.ytimg.com/vi/Mma_aps8Cik/0.jpg','2013-07-10 11:23:48','2014-05-09 09:59:21','2020-04-15 09:05:26','http://www.amazon.co.jp/gp/product/B0009AM7C0/ref=as_li_qf_sp_asin_il_tl?ie=UTF8&camp=247&creative=1211&creativeASIN=B0009AM7C0&linkCode=as2&tag=maehachi-22',2529592,'35114691','1999-03-17','','UCFDL0NuxUBAvvu1PnIwW2ww',NULL,0),('mMG-EoDpd2w','笑えれば／ウルフルズ（Cover）','笑えれば','http://www.youtube.com/watch?v=mMG-EoDpd2w','http://i.ytimg.com/vi/mMG-EoDpd2w/0.jpg','2010-10-26 10:23:09','2014-05-09 09:59:23','2020-04-15 08:04:54','http://www.amazon.co.jp/gp/product/B000LR7G90/ref=as_li_qf_sp_asin_il_tl?ie=UTF8&camp=247&creative=1211&creativeASIN=B000LR7G90&linkCode=as2&tag=maehachi-22',782260,'10369900','2002-02-20','','UCFDL0NuxUBAvvu1PnIwW2ww',NULL,0),('Mnrxf2nz-Hk','ray／BUMP OF CHICKEN（Cover）','ray','http://www.youtube.com/watch?v=Mnrxf2nz-Hk','http://i.ytimg.com/vi/Mnrxf2nz-Hk/0.jpg','2014-07-06 07:55:28','2014-07-06 10:43:33','2020-04-15 09:05:36','http://www.amazon.co.jp/gp/product/B00HFL7UW8/ref=as_li_qf_sp_asin_il_tl?ie=UTF8&camp=247&creative=1211&creativeASIN=B00HFL7UW8&linkCode=as2&tag=maehachi-22',1991689,'','2014-03-12',NULL,'UCFDL0NuxUBAvvu1PnIwW2ww',NULL,0),('mNu85yWnSPk','エイリアンズ／キリンジ（Cover）','エイリアンズ','https://www.youtube.com/watch?v=mNu85yWnSPk','https://i.ytimg.com/vi/mNu85yWnSPk/mqdefault.jpg','2016-07-25 10:13:30','2016-08-03 10:47:35','2020-04-15 09:05:57','https://www.amazon.co.jp/gp/product/B001FVXUCI/ref=as_li_qf_sp_asin_il_tl?ie=UTF8&camp=247&creative=1211&creativeASIN=B001FVXUCI&linkCode=as2&tag=maehachi-22',700287,'88888564','2000-10-12','','UCFDL0NuxUBAvvu1PnIwW2ww',NULL,0),('mq9PU2XY3bQ','タカラモノ～この声がなくなるまで～ ／ナオト・インティライミ（Cover）','タカラモノ～この声がなくなるまで～ ','http://www.youtube.com/watch?v=mq9PU2XY3bQ','http://i.ytimg.com/vi/mq9PU2XY3bQ/0.jpg','2012-08-19 10:20:15','2014-05-09 09:59:22','2020-04-15 09:05:15','http://www.amazon.co.jp/gp/product/B003APNPQ8/ref=as_li_qf_sp_asin_il_tl?ie=UTF8&camp=247&creative=1211&creativeASIN=B003APNPQ8&linkCode=as2&tag=maehachi-22',2339422,'24624356','2010-05-19','','UCFDL0NuxUBAvvu1PnIwW2ww',NULL,0),('msxEDL1yaak','ノスタルジア ／いきものがかり（Cover）','ノスタルジア ','https://www.youtube.com/watch?v=msxEDL1yaak','https://i.ytimg.com/vi/msxEDL1yaak/mqdefault.jpg','2015-09-07 11:24:45','2015-09-12 07:25:19','2020-04-15 07:05:45','http://www.amazon.co.jp/gp/product/B0031B67P2/ref=as_li_qf_sp_asin_il_tl?ie=UTF8&camp=247&creative=1211&creativeASIN=B0031B67P2&linkCode=as2&tag=maehachi-22',338099,'71919857','2010-03-10',NULL,'UCFDL0NuxUBAvvu1PnIwW2ww',NULL,0),('mt9rXp4SfWM','二人セゾン／欅坂46（Cover）','二人セゾン','https://www.youtube.com/watch?v=mt9rXp4SfWM','https://i.ytimg.com/vi/mt9rXp4SfWM/mqdefault.jpg','2017-02-20 10:35:01','2017-03-04 06:40:47','2019-07-14 11:16:59','https://www.amazon.co.jp/gp/product/B01LX0Z4H6/ref=as_li_qf_sp_asin_il_tl?ie=UTF8&tag=maehachi-22&camp=247&creative=1211&linkCode=as2&creativeASIN=B01LX0Z4H6&linkId=6229d43ca070981f5b959b37518c8527',558350,'99433441','2016-11-30','','UCFDL0NuxUBAvvu1PnIwW2ww',NULL,0),('MuJHpjhFRAE','Wherever you are／ONE OK ROCK（Cover）','Wherever you are','https://www.youtube.com/watch?v=MuJHpjhFRAE','https://i.ytimg.com/vi/MuJHpjhFRAE/mqdefault.jpg','2015-07-10 11:01:43','2015-07-10 15:22:12','2020-04-15 09:05:47','http://www.amazon.co.jp/gp/product/B003CVC5TS/ref=as_li_qf_sp_asin_il_tl?ie=UTF8&camp=247&creative=1211&creativeASIN=B003CVC5TS&linkCode=as2&tag=maehachi-22',4603963,'65130840','2010-06-09',NULL,'UCFDL0NuxUBAvvu1PnIwW2ww',NULL,0),('MUvXJu4i0a0','AM11:00／HY（Cover）','AM11:00','http://www.youtube.com/watch?v=MUvXJu4i0a0','http://i.ytimg.com/vi/MUvXJu4i0a0/0.jpg','2011-05-29 06:55:22','2014-05-09 09:59:22','2020-03-31 09:06:44','http://www.amazon.co.jp/gp/product/B00008DMFB/ref=as_li_qf_sp_asin_il_tl?ie=UTF8&camp=247&creative=1211&creativeASIN=B00008DMFB&linkCode=as2&tag=maehachi-22',7922489,'','2003-04-16',NULL,'UCFDL0NuxUBAvvu1PnIwW2ww',NULL,0),('mv6GMGf8L5Y','ハイウェイ／くるり（Cover）','ハイウェイ','http://www.youtube.com/watch?v=mv6GMGf8L5Y','http://i.ytimg.com/vi/mv6GMGf8L5Y/0.jpg','2010-11-02 04:07:03','2014-05-09 09:59:23','2020-04-15 09:04:54','http://www.amazon.co.jp/gp/product/B0000DG466/ref=as_li_qf_sp_asin_il_tl?ie=UTF8&camp=247&creative=1211&creativeASIN=B0000DG466&linkCode=as2&tag=maehachi-22',192705,'10517678','2003-11-05','','UCFDL0NuxUBAvvu1PnIwW2ww',NULL,0),('mw-_h5WZdzU','STAY TUNE／Suchmos （Cover）','STAY TUNE','https://www.youtube.com/watch?v=mw-_h5WZdzU','https://i.ytimg.com/vi/mw-_h5WZdzU/mqdefault.jpg','2016-10-15 10:05:49','2016-10-15 10:11:51','2020-04-15 09:05:57','https://www.amazon.co.jp/gp/product/B019A0062C/ref=as_li_qf_sp_asin_il_tl?ie=UTF8&camp=247&creative=1211&creativeASIN=B019A0062C&linkCode=as2&tag=maehachi-22',1565932,'91417355','2016-01-26','本田技研工業のコンパクトSUV「VEZEL HYBRID」のCMソングに起用','UCFDL0NuxUBAvvu1PnIwW2ww',NULL,0),('MXgTZqGHDhw','コモリウタ(Original）／閃光花火＋PYHouse','コモリウタ','https://www.youtube.com/watch?v=MXgTZqGHDhw','https://i.ytimg.com/vi/MXgTZqGHDhw/mqdefault.jpg','2010-08-03 13:14:05','2015-11-26 10:51:07','2019-07-14 11:16:59','',57906,'8628820',NULL,'','UCFDL0NuxUBAvvu1PnIwW2ww',NULL,0),('mxi8SmFys2U','いつでも誰かが／上々颱風（Cover）','いつでも誰かが','http://www.youtube.com/watch?v=mxi8SmFys2U','http://i.ytimg.com/vi/mxi8SmFys2U/0.jpg','2015-04-12 06:49:08','2015-04-12 08:04:25','2019-07-14 11:16:59','http://www.amazon.co.jp/gp/product/B002206V2C/ref=as_li_qf_sp_asin_il_tl?ie=UTF8&camp=247&creative=1211&creativeASIN=B002206V2C&linkCode=as2&tag=maehachi-22',1212961,'60451621','1993-04-21','','UCFDL0NuxUBAvvu1PnIwW2ww',NULL,0),('n_je2-DsMVE','2018 First YouTube Live！','2018 First YouTube Live！','https://www.youtube.com/watch?v=n_je2-DsMVE','https://i.ytimg.com/vi/n_je2-DsMVE/mqdefault.jpg','2018-01-18 10:40:54','2019-03-17 06:30:02','2020-04-15 08:06:14',NULL,123913,NULL,NULL,NULL,'UCFDL0NuxUBAvvu1PnIwW2ww',NULL,1),('N30PVsHHc4U','アンマー／かりゆし58（Cover）','アンマー','http://www.youtube.com/watch?v=N30PVsHHc4U','http://i.ytimg.com/vi/N30PVsHHc4U/0.jpg','2012-11-25 09:14:46','2014-05-09 09:59:21','2020-04-15 09:05:15','http://www.amazon.co.jp/gp/product/B004YY5ACQ/ref=as_li_qf_sp_asin_il_tl?ie=UTF8&camp=247&creative=1211&creativeASIN=B004YY5ACQ&linkCode=as2&tag=maehachi-22',2130356,'27086759','2006-07-05','','UCFDL0NuxUBAvvu1PnIwW2ww',NULL,0),('N5Vk_9K7C9g','僕と花／サカナクション（Cover）','僕と花','http://www.youtube.com/watch?v=N5Vk_9K7C9g','http://i.ytimg.com/vi/N5Vk_9K7C9g/0.jpg','2012-07-20 11:03:16','2014-05-09 09:59:22','2020-04-15 09:05:16','http://www.amazon.co.jp/gp/product/B007NZR1M0/ref=as_li_qf_sp_asin_il_tl?ie=UTF8&camp=247&creative=1211&creativeASIN=B007NZR1M0&linkCode=as2&tag=maehachi-22',1306299,'23982063','2012-05-30','','UCFDL0NuxUBAvvu1PnIwW2ww',NULL,0),('NCfK7xoP3x4','愛は花、君はその種子／ Rose  (Cover) Play.Goose #3 本名陽子、竹澤汀、木村正英','愛は花、君はその種子','https://www.youtube.com/watch?v=NCfK7xoP3x4','https://i.ytimg.com/vi/NCfK7xoP3x4/mqdefault.jpg','2019-04-05 09:06:24','2019-07-13 14:42:09','2020-04-15 09:04:44',NULL,70403,NULL,'2006-11-06',NULL,'UCx66obAJ42B0XwHIm_iupkw','19kj9kOncgQ',0),('nCOoxRs9IOQ','サクラへ／Goose house（Original）','サクラへ','http://www.youtube.com/watch?v=nCOoxRs9IOQ','http://i.ytimg.com/vi/nCOoxRs9IOQ/0.jpg','2013-04-29 11:17:51','2014-05-09 09:59:21','2019-07-14 11:16:59','',972982,'31709859','2013-03-20','','UCFDL0NuxUBAvvu1PnIwW2ww',NULL,0),('nh1w1-QVRT4','18歳／Original','18歳','http://www.youtube.com/watch?v=nh1w1-QVRT4','http://i.ytimg.com/vi/nh1w1-QVRT4/0.jpg','2011-05-29 03:59:26','2014-05-09 09:59:22','2019-08-28 12:04:56','http://www.amazon.co.jp/gp/product/B00AO6LDN8/ref=as_li_qf_sp_asin_il_tl?ie=UTF8&camp=247&creative=1211&creativeASIN=B00AO6LDN8&linkCode=as2&tag=maehachi-22',212115,'','2011-06-26',NULL,'UCFDL0NuxUBAvvu1PnIwW2ww',NULL,0),('nHelkaQVoSA','Fall／槇原敬之（Cover）','Fall','https://www.youtube.com/watch?v=nHelkaQVoSA','https://i.ytimg.com/vi/nHelkaQVoSA/mqdefault.jpg','2016-05-22 09:58:05','2016-05-23 13:25:33','2019-07-14 11:16:59','http://www.amazon.co.jp/gp/product/B00ONAFJRC/ref=as_li_qf_sp_asin_il_tl?ie=UTF8&camp=247&creative=1211&creativeASIN=B00ONAFJRC&linkCode=as2&tag=maehachi-22',729825,'85967694','2014-11-19','日本テレビ系列連続ドラマ『きょうは会社休みます。』主題歌','UCFDL0NuxUBAvvu1PnIwW2ww',NULL,0),('nHQS2Oi9Pjw','Goose house『 はじまり、はじまりツアー』札幌終演後','Goose house『 はじまり、はじまりツアー』札幌終演後','https://www.youtube.com/watch?v=nHQS2Oi9Pjw','https://i.ytimg.com/vi/nHQS2Oi9Pjw/mqdefault.jpg','2017-01-24 10:38:09','2017-01-30 11:08:30','2019-07-14 11:16:59',NULL,144820,NULL,NULL,NULL,'UCFDL0NuxUBAvvu1PnIwW2ww',NULL,0),('NkIxOZKtOQo','夢を味方に／絢香（Cover）','夢を味方に','http://www.youtube.com/watch?v=NkIxOZKtOQo','http://i.ytimg.com/vi/NkIxOZKtOQo/0.jpg','2010-12-14 04:55:27','2014-05-09 09:59:23','2020-04-15 07:04:54','http://www.amazon.co.jp/gp/product/B002J95190/ref=as_li_qf_sp_asin_il_tl?ie=UTF8&camp=247&creative=1211&creativeASIN=B002J95190&linkCode=as2&tag=maehachi-22',252325,'11373188','2009-04-22','','UCFDL0NuxUBAvvu1PnIwW2ww',NULL,0),('Nn1_KZZdUMk','好きだよ。100回の後悔／ソナーポケット（Cover）','好きだよ。100回の後悔','http://www.youtube.com/watch?v=Nn1_KZZdUMk','http://i.ytimg.com/vi/Nn1_KZZdUMk/0.jpg','2011-11-30 15:17:51','2014-05-09 09:59:22','2020-04-15 09:05:05','http://www.amazon.co.jp/gp/product/B0049DG1ZW/ref=as_li_qf_sp_asin_il_tl?ie=UTF8&camp=247&creative=1211&creativeASIN=B0049DG1ZW&linkCode=as2&tag=maehachi-22',3115308,'18753965','2010-12-08','','UCFDL0NuxUBAvvu1PnIwW2ww',NULL,0),('nOmppjvG7ks','Mine／Taylor Swift（Cover）','Mine','http://www.youtube.com/watch?v=nOmppjvG7ks','http://i.ytimg.com/vi/nOmppjvG7ks/0.jpg','2013-12-07 03:03:02','2014-05-09 09:59:21','2020-04-15 09:05:25','http://www.amazon.co.jp/gp/product/B00446AGUA/ref=as_li_qf_sp_asin_il_tl?ie=UTF8&camp=247&creative=1211&creativeASIN=B00446AGUA&linkCode=as2&tag=maehachi-22',1719190,'40817131','2010-08-04','','UCFDL0NuxUBAvvu1PnIwW2ww',NULL,0),('NPJ5I_plhp0','Goose house of the Year 2017 (A.K.A. HOY!)','Goose house of the Year 2017 (A.K.A. HOY!)','https://www.youtube.com/watch?v=NPJ5I_plhp0','https://i.ytimg.com/vi/NPJ5I_plhp0/mqdefault.jpg','2017-12-23 14:55:14','2019-03-17 06:30:02','2020-04-15 09:06:07',NULL,469915,NULL,NULL,NULL,'UCFDL0NuxUBAvvu1PnIwW2ww',NULL,1),('npNEdDxCNrk','螢／RADWIMPS（Cover）','螢','http://www.youtube.com/watch?v=npNEdDxCNrk','http://i.ytimg.com/vi/npNEdDxCNrk/0.jpg','2012-06-30 11:38:26','2014-05-09 09:59:22','2020-04-15 08:05:15','http://www.amazon.co.jp/gp/product/B000CSUYRE/ref=as_li_qf_sp_asin_il_tl?ie=UTF8&camp=247&creative=1211&creativeASIN=B000CSUYRE&linkCode=as2&tag=maehachi-22',1296868,'23505881','2006-02-15','','UCFDL0NuxUBAvvu1PnIwW2ww',NULL,0),('npSkmTvIjO4','THE OVER／UVERworld（Cover)','THE OVER','http://www.youtube.com/watch?v=npSkmTvIjO4','http://i.ytimg.com/vi/npSkmTvIjO4/0.jpg','2012-11-25 09:12:50','2014-05-09 09:59:21','2020-04-15 09:05:15','http://www.amazon.co.jp/gp/product/B008CQCBS8/ref=as_li_qf_sp_asin_il_tl?ie=UTF8&camp=247&creative=1211&creativeASIN=B008CQCBS8&linkCode=as2&tag=maehachi-22',1898459,'27086759','2012-08-29','','UCFDL0NuxUBAvvu1PnIwW2ww',NULL,0),('NukkrzLgRjY','猫のプシュケ／Goosehouse（original）','猫のプシュケ','http://www.youtube.com/watch?v=NukkrzLgRjY','http://i.ytimg.com/vi/NukkrzLgRjY/0.jpg','2012-08-19 10:22:06','2014-05-09 09:59:22','2020-04-15 08:05:15','http://www.amazon.co.jp/gp/product/B007TGIIVG/ref=as_li_qf_sp_asin_il_tl?ie=UTF8&camp=247&creative=1211&creativeASIN=B007TGIIVG&linkCode=as2&tag=maehachi-22',604243,'24624356','2012-05-23','','UCFDL0NuxUBAvvu1PnIwW2ww',NULL,0),('nUxmX76ghUs','Play You. House 2nd 12/11 08','Play You. House 2nd 12/11 08','http://www.youtube.com/watch?v=nUxmX76ghUs','http://i.ytimg.com/vi/nUxmX76ghUs/0.jpg','2010-12-14 05:00:59','2014-05-09 09:59:23','2020-04-14 07:04:53','http://www.amazon.co.jp/gp/product/B00AO6LDN8/ref=as_li_qf_sp_asin_il_tl?ie=UTF8&camp=247&creative=1211&creativeASIN=B00AO6LDN8&linkCode=as2&tag=maehachi-22',75039,'11373188','2011-06-26','sing／Play You. House（Original）','UCFDL0NuxUBAvvu1PnIwW2ww',NULL,0),('NV0YUJ3DBIU','君って／西野カナ（Cover）','君って','http://www.youtube.com/watch?v=NV0YUJ3DBIU','http://i.ytimg.com/vi/NV0YUJ3DBIU/0.jpg','2011-09-13 14:35:38','2014-05-09 09:59:22','2020-04-15 09:05:05','http://www.amazon.co.jp/gp/product/B004X86ON2/ref=as_li_qf_sp_asin_il_tl?ie=UTF8&camp=247&creative=1211&creativeASIN=B004X86ON2&linkCode=as2&tag=maehachi-22',910491,'17180971','2010-11-03','','UCFDL0NuxUBAvvu1PnIwW2ww',NULL,0),('nvbnFpzuj2w','HOY前夜！一年早いなぁ。','HOY前夜！一年早いなぁ。','https://www.youtube.com/watch?v=nvbnFpzuj2w','https://i.ytimg.com/vi/nvbnFpzuj2w/mqdefault.jpg','2017-12-22 13:27:42','2019-03-17 06:30:02','2020-04-15 09:06:07',NULL,175867,NULL,NULL,NULL,'UCFDL0NuxUBAvvu1PnIwW2ww',NULL,1),('Nyh3SwGeT-8','Play.Goose全国ツアー！全7公演SOLD OUTありがとう！！','Play.Goose全国ツアー！全7公演SOLD OUTありがとう！！','https://www.youtube.com/watch?v=Nyh3SwGeT-8','https://i.ytimg.com/vi/Nyh3SwGeT-8/mqdefault.jpg','2019-06-07 12:04:31','2019-07-13 14:42:08','2020-04-15 07:04:44',NULL,24463,NULL,NULL,NULL,'UCx66obAJ42B0XwHIm_iupkw',NULL,0),('nZuKRhQMeSI','糸／中島みゆき（Cover）','糸','https://www.youtube.com/watch?v=nZuKRhQMeSI','https://i.ytimg.com/vi/nZuKRhQMeSI/mqdefault.jpg','2015-06-05 11:41:51','2015-06-27 08:53:36','2020-04-15 09:05:47','http://www.amazon.co.jp/gp/product/B000062VQA/ref=as_li_qf_sp_asin_il_tl?ie=UTF8&camp=247&creative=1211&creativeASIN=B000062VQA&linkCode=as2&tag=maehachi-22',3511808,'62588297','1998-02-04','','UCFDL0NuxUBAvvu1PnIwW2ww',NULL,0),('O629MDyEiDU','Goose house New Single『僕らだけの等身大』2017.1.6 release！','僕らだけの等身大','https://www.youtube.com/watch?v=O629MDyEiDU','https://i.ytimg.com/vi/O629MDyEiDU/mqdefault.jpg','2016-12-20 10:34:16','2017-01-30 11:08:30','2020-04-15 07:05:55','https://www.amazon.co.jp/gp/product/B01M4OVM23/ref=as_li_qf_sp_asin_il_tl?ie=UTF8&camp=247&creative=1211&creativeASIN=B01M4OVM23&linkCode=as2&tag=maehachi-22',300172,'','2017-01-06','','UCFDL0NuxUBAvvu1PnIwW2ww',NULL,0),('O6mJvhdm5MQ','小さな恋のうた／mongol800（Cover）','小さな恋のうた','http://www.youtube.com/watch?v=O6mJvhdm5MQ','http://i.ytimg.com/vi/O6mJvhdm5MQ/0.jpg','2010-07-03 08:51:19','2014-05-09 09:59:24','2019-07-14 11:17:00','http://www.amazon.co.jp/gp/product/B00005OCS5/ref=as_li_qf_sp_asin_il_tl?ie=UTF8&camp=247&creative=1211&creativeASIN=B00005OCS5&linkCode=as2&tag=maehachi-22',2236918,'7907718','2001-09-16','','UCFDL0NuxUBAvvu1PnIwW2ww',NULL,0),('o7V9T5YuUO4','Play You. House 08/14 04','Play You. House 08/14 04','http://www.youtube.com/watch?v=o7V9T5YuUO4','http://i.ytimg.com/vi/o7V9T5YuUO4/0.jpg','2010-08-17 04:49:45','2014-05-09 09:59:23','2019-07-14 11:17:00','http://www.amazon.co.jp/gp/product/B0009H8038/ref=as_li_qf_sp_asin_il_tl?ie=UTF8&camp=247&creative=1211&creativeASIN=B0009H8038&linkCode=as2&tag=maehachi-22',84013,'8919226','2003-08-20','夏の終わり／森山直太朗（Cover）','UCFDL0NuxUBAvvu1PnIwW2ww',NULL,0),('oC66717nuRY','ウィーアー！／きただにひろし(Cover）','ウィーアー！','https://www.youtube.com/watch?v=oC66717nuRY','https://i.ytimg.com/vi/oC66717nuRY/mqdefault.jpg','2015-08-18 11:57:23','2015-08-22 10:26:57','2020-04-15 09:05:47','http://www.amazon.co.jp/gp/product/B005KWCUWY/ref=as_li_qf_sp_asin_il_tl?ie=UTF8&camp=247&creative=1211&creativeASIN=B005KWCUWY&linkCode=as2&tag=maehachi-22',1932659,'67942657','1999-11-20',NULL,'UCFDL0NuxUBAvvu1PnIwW2ww',NULL,0),('Ocy2RqL8Ac0','ソラニン／ASIAN KUNG-FU GENERATION（Cover）','ソラニン','http://www.youtube.com/watch?v=Ocy2RqL8Ac0','http://i.ytimg.com/vi/Ocy2RqL8Ac0/0.jpg','2011-10-04 02:45:18','2014-05-09 09:59:22','2020-04-15 09:05:05','http://www.amazon.co.jp/gp/product/B003IGMJLQ/ref=as_li_qf_sp_asin_il_tl?ie=UTF8&camp=247&creative=1211&creativeASIN=B003IGMJLQ&linkCode=as2&tag=maehachi-22',1695827,'17613040','2010-03-31','','UCFDL0NuxUBAvvu1PnIwW2ww',NULL,0),('ODEb7JY4WDo','空も飛べるはず／スピッツ（Cover）','空も飛べるはず','https://www.youtube.com/watch?v=ODEb7JY4WDo','https://i.ytimg.com/vi/ODEb7JY4WDo/mqdefault.jpg','2017-03-17 12:27:32','2017-03-19 14:41:54','2019-07-14 11:17:00','https://www.amazon.co.jp/gp/product/B000E6FT38/ref=as_li_qf_sp_asin_il_tl?ie=UTF8&camp=247&creative=1211&creativeASIN=B000E6FT38&linkCode=as2&tag=maehachi-22',1283264,'100383207','1994-04-25','','UCFDL0NuxUBAvvu1PnIwW2ww',NULL,0),('OEDN7EPznoY','Faith／miwa（Cover）','Faith','http://www.youtube.com/watch?v=OEDN7EPznoY','http://i.ytimg.com/vi/OEDN7EPznoY/0.jpg','2014-05-03 11:35:47','2014-05-09 09:59:20','2019-09-15 10:06:43','http://www.amazon.co.jp/gp/product/B00HQ2UBCM/ref=as_li_qf_sp_asin_il_tl?ie=UTF8&camp=247&creative=1211&creativeASIN=B00HQ2UBCM&linkCode=as2&tag=maehachi-22',1175389,'46054780','2014-02-12','','UCFDL0NuxUBAvvu1PnIwW2ww',NULL,0),('ofL1q11CoxE','PYHouseメンバーからGoosehouseへ','PYHouseメンバーからGoosehouseへ','http://www.youtube.com/watch?v=ofL1q11CoxE','http://i.ytimg.com/vi/ofL1q11CoxE/0.jpg','2011-03-23 17:01:02','2014-05-09 09:59:23','2019-07-14 11:17:00','',309454,'',NULL,NULL,'UCFDL0NuxUBAvvu1PnIwW2ww',NULL,0),('og5bXjur6rc','僕の名前を／back number（Cover）','僕の名前を','https://www.youtube.com/watch?v=og5bXjur6rc','https://i.ytimg.com/vi/og5bXjur6rc/mqdefault.jpg','2016-08-16 10:42:48','2016-08-28 10:38:58','2020-04-15 09:05:57','https://www.amazon.co.jp/gp/product/B01DVCX67M/ref=as_li_qf_sp_asin_il_tl?ie=UTF8&camp=247&creative=1211&creativeASIN=B01DVCX67M&linkCode=as2&tag=maehachi-22',3416701,'90113779','2016-05-25','映画『オオカミ少女と黒王子』主題歌','UCFDL0NuxUBAvvu1PnIwW2ww',NULL,0),('ogD3hP8e6TU','One Night Carnival ／氣志團（Cover）','One Night Carnival ','http://www.youtube.com/watch?v=ogD3hP8e6TU','http://i.ytimg.com/vi/ogD3hP8e6TU/0.jpg','2013-11-04 09:02:51','2014-05-09 09:59:21','2020-04-15 09:05:25','http://www.amazon.co.jp/gp/product/B00005L9HV/ref=as_li_qf_sp_asin_il_tl?ie=UTF8&camp=247&creative=1211&creativeASIN=B00005L9HV&linkCode=as2&tag=maehachi-22',8145186,'39978673','2002-05-29','','UCFDL0NuxUBAvvu1PnIwW2ww',NULL,0),('oI76VzHC_Go','suitability ／森良太（Original）','suitability ','http://www.youtube.com/watch?v=oI76VzHC_Go','http://i.ytimg.com/vi/oI76VzHC_Go/0.jpg','2010-08-03 12:17:54','2014-05-09 09:59:23','2019-07-14 11:17:00','',132596,'8628820',NULL,'','UCFDL0NuxUBAvvu1PnIwW2ww',NULL,0),('ojFz98v3BHM','Play You. House 08/21 07','Play You. House 08/21 07','http://www.youtube.com/watch?v=ojFz98v3BHM','http://i.ytimg.com/vi/ojFz98v3BHM/0.jpg','2010-08-24 10:11:19','2014-05-09 09:59:23','2019-07-14 11:17:00','http://www.amazon.co.jp/gp/product/B00MUCO6Z6/ref=as_li_qf_sp_asin_il_tl?ie=UTF8&camp=247&creative=1211&creativeASIN=B00MUCO6Z6&linkCode=as2&tag=maehachi-22',59536,'9059475','2012-10-24','think of you／d-iZe（Original）','UCFDL0NuxUBAvvu1PnIwW2ww',NULL,0),('OkPoqIcWxEI','今夜はブギーバック／スチャダラパー feat 小沢健二（Cover） LIVE','今夜はブギーバック','http://www.youtube.com/watch?v=OkPoqIcWxEI','http://i.ytimg.com/vi/OkPoqIcWxEI/0.jpg','2013-01-04 10:23:24','2014-05-09 09:59:21','2019-07-14 11:17:00','http://www.amazon.co.jp/gp/product/B00005G61U/ref=as_li_qf_sp_asin_il_tl?ie=UTF8&camp=247&creative=1211&creativeASIN=B00005G61U&linkCode=as2&tag=maehachi-22',623000,'','1994-03-09','','UCFDL0NuxUBAvvu1PnIwW2ww',NULL,0),('ONNFHTOueXo','オトノナルホウへ→／Goose house','オトノナルホウへ→','http://www.youtube.com/watch?v=ONNFHTOueXo','http://i.ytimg.com/vi/ONNFHTOueXo/0.jpg','2014-06-19 13:09:55','2014-06-20 17:50:33','2020-04-15 09:05:36','http://www.amazon.co.jp/gp/product/B00GXEY256/ref=as_li_qf_sp_asin_il_tl?ie=UTF8&camp=247&creative=1211&creativeASIN=B00GXEY256&linkCode=as2&tag=maehachi-22',21653463,'48244278','2014-02-19','','UCFDL0NuxUBAvvu1PnIwW2ww',NULL,0),('opMTyD7DWHs','Make you happy／NiziU (Cover)','Make you happy','https://www.youtube.com/watch?v=opMTyD7DWHs','https://i.ytimg.com/vi/opMTyD7DWHs/mqdefault.jpg','2020-07-19 11:00:14','2021-05-30 02:54:54','2021-05-30 02:54:54',NULL,535377,NULL,NULL,NULL,NULL,NULL,0),('oQyeP6bf8ME','Route 246／乃木坂46（Cover）','Route 246','https://www.youtube.com/watch?v=oQyeP6bf8ME','https://i.ytimg.com/vi/oQyeP6bf8ME/mqdefault.jpg','2020-08-15 11:00:13','2021-05-30 02:54:54','2021-06-16 14:29:19',NULL,647232,NULL,'2020-07-24',NULL,NULL,NULL,0),('OS15080xVmY','ちっぽけな勇気／FUNKY MONKEY BABYS（Cover）','ちっぽけな勇気','http://www.youtube.com/watch?v=OS15080xVmY','http://i.ytimg.com/vi/OS15080xVmY/0.jpg','2014-03-09 09:55:40','2014-05-09 09:59:21','2019-07-14 11:17:00','http://www.amazon.co.jp/gp/product/B000P1KPEK/ref=as_li_qf_sp_asin_il_tl?ie=UTF8&camp=247&creative=1211&creativeASIN=B000P1KPEK&linkCode=as2&tag=maehachi-22',2803081,'44107451','2007-05-23','','UCFDL0NuxUBAvvu1PnIwW2ww',NULL,0),('oSL2nCSD17g','Sing／Original','Sing','http://www.youtube.com/watch?v=oSL2nCSD17g','http://i.ytimg.com/vi/oSL2nCSD17g/0.jpg','2011-02-15 02:57:28','2014-05-09 09:59:23','2019-07-14 11:17:00','http://www.amazon.co.jp/gp/product/B00AO6LDN8/ref=as_li_qf_sp_asin_il_tl?ie=UTF8&camp=247&creative=1211&creativeASIN=B00AO6LDN8&linkCode=as2&tag=maehachi-22',114187,'12320949','2011-06-26','','UCFDL0NuxUBAvvu1PnIwW2ww',NULL,0),('oVaeZVYgEfs','すばらしい日々／ユニコーン（Cover）','すばらしい日々','http://www.youtube.com/watch?v=oVaeZVYgEfs','http://i.ytimg.com/vi/oVaeZVYgEfs/0.jpg','2011-10-04 17:02:14','2014-05-09 09:59:22','2020-04-15 09:05:05','http://www.amazon.co.jp/gp/product/B000EOTFSU/ref=as_li_qf_sp_asin_il_tl?ie=UTF8&camp=247&creative=1211&creativeASIN=B000EOTFSU&linkCode=as2&tag=maehachi-22',576789,'17613040','1993-04-21','','UCFDL0NuxUBAvvu1PnIwW2ww',NULL,0),('oVfyt4BWJNQ','Goosehouseリアルライブ決定!!!!!','Goosehouseリアルライブ決定!!!!!','http://www.youtube.com/watch?v=oVfyt4BWJNQ','http://i.ytimg.com/vi/oVfyt4BWJNQ/0.jpg','2011-04-23 07:29:58','2014-05-09 09:59:22','2019-07-14 11:17:00','',166212,'',NULL,NULL,'UCFDL0NuxUBAvvu1PnIwW2ww',NULL,0),('OVI5G2ImNqU','Goose house Streaming Live #81','Goose house Streaming Live #81','https://www.youtube.com/watch?v=OVI5G2ImNqU','https://i.ytimg.com/vi/OVI5G2ImNqU/mqdefault.jpg','2018-03-24 14:38:03','2021-05-31 16:08:33','2021-05-31 16:08:33',NULL,290141,NULL,NULL,NULL,NULL,NULL,0),('OYLcflSsOf4','明日への手紙／手嶌葵（Cover）','明日への手紙','https://www.youtube.com/watch?v=OYLcflSsOf4','https://i.ytimg.com/vi/OYLcflSsOf4/mqdefault.jpg','2016-04-17 10:40:52','2016-04-18 11:41:02','2019-07-14 11:17:00','http://www.amazon.co.jp/gp/product/B019BSA58I/ref=as_li_qf_sp_asin_il_tl?ie=UTF8&camp=247&creative=1211&creativeASIN=B019BSA58I&linkCode=as2&tag=maehachi-22',1229550,'84909661','2016-02-10','フジテレビ系ドラマ『いつかこの恋を思い出してきっと泣いてしまう』主題歌','UCFDL0NuxUBAvvu1PnIwW2ww',NULL,0),('OziIP5rbuE4','スーパースター／東京事変（Cover）','スーパースター','http://www.youtube.com/watch?v=OziIP5rbuE4','http://i.ytimg.com/vi/OziIP5rbuE4/0.jpg','2014-03-09 09:00:00','2014-05-09 09:59:21','2019-07-14 11:17:00','http://www.amazon.co.jp/gp/product/B006GS80YI/ref=as_li_qf_sp_asin_il_tl?ie=UTF8&camp=247&creative=1211&creativeASIN=B006GS80YI&linkCode=as2&tag=maehachi-22',639312,'44107451','2006-01-25','','UCFDL0NuxUBAvvu1PnIwW2ww',NULL,0),('P-qnbWFJtkU','Goose house New album『HEPTAGON』全曲ちょい聴きトレーラー','Goose house New album『HEPTAGON』全曲ちょい聴きトレーラー','https://www.youtube.com/watch?v=P-qnbWFJtkU','https://i.ytimg.com/vi/P-qnbWFJtkU/mqdefault.jpg','2017-02-22 12:01:32','2017-03-04 06:40:47','2019-07-14 11:17:00','https://www.amazon.co.jp/gp/product/B01N1S5ITF/ref=as_li_qf_sp_asin_il_tl?ie=UTF8&tag=maehachi-22&camp=247&creative=1211&linkCode=as2&creativeASIN=B01N1S5ITF&linkId=463a88db3f88c9e187ef04860c116178',447032,'','2017-02-22','','UCFDL0NuxUBAvvu1PnIwW2ww',NULL,0),('p0pf6B59HUI','Play You. House 2nd 10/23 01','Play You. House 2nd 10/23 01','http://www.youtube.com/watch?v=p0pf6B59HUI','http://i.ytimg.com/vi/p0pf6B59HUI/0.jpg','2010-10-26 10:08:03','2014-05-09 09:59:23','2020-04-14 07:04:54','http://www.amazon.co.jp/gp/product/B0009NZLWA/ref=as_li_qf_sp_asin_il_tl?ie=UTF8&camp=247&creative=1211&creativeASIN=B0009NZLWA&linkCode=as2&tag=maehachi-22',59440,'10369900','2005-01-26','風味堂／ナキムシのうた（Cover）','UCFDL0NuxUBAvvu1PnIwW2ww',NULL,0),('p5mFAYUxjnw','come again／m-flo（Cover）','come again','http://www.youtube.com/watch?v=p5mFAYUxjnw','http://i.ytimg.com/vi/p5mFAYUxjnw/0.jpg','2013-04-29 11:18:52','2014-05-09 09:59:21','2019-07-14 11:17:00','http://www.amazon.co.jp/gp/product/B00005HRVH/ref=as_li_qf_sp_asin_il_tl?ie=UTF8&camp=247&creative=1211&creativeASIN=B00005HRVH&linkCode=as2&tag=maehachi-22',3520006,'31709859','2001-01-17','','UCFDL0NuxUBAvvu1PnIwW2ww',NULL,0),('p7LcjQcAWtg','家族の風景／ハナレグミ（Cover）','家族の風景','http://www.youtube.com/watch?v=p7LcjQcAWtg','http://i.ytimg.com/vi/p7LcjQcAWtg/0.jpg','2013-08-04 12:03:15','2014-05-09 09:59:21','2020-04-15 08:05:25','http://www.amazon.co.jp/gp/product/B000071X23/ref=as_li_qf_sp_asin_il_tl?ie=UTF8&camp=247&creative=1211&creativeASIN=B000071X23&linkCode=as2&tag=maehachi-22',520290,'','2002-10-02',NULL,'UCFDL0NuxUBAvvu1PnIwW2ww',NULL,0),('P8dZLHQorjQ','Swallowtail Butterfly 〜あいのうた〜／YEN TOWN BAND（Cover）','Swallowtail Butterfly 〜あいのうた〜','http://www.youtube.com/watch?v=P8dZLHQorjQ','http://i.ytimg.com/vi/P8dZLHQorjQ/0.jpg','2014-06-19 13:07:49','2014-06-20 17:50:33','2020-04-15 09:05:36','http://www.amazon.co.jp/gp/product/B00000I5VT/ref=as_li_qf_sp_asin_il_tl?ie=UTF8&camp=247&creative=1211&creativeASIN=B00000I5VT&linkCode=as2&tag=maehachi-22',1734546,'48244278','1996-07-22','','UCFDL0NuxUBAvvu1PnIwW2ww',NULL,0),('paE6EgFaAQs','Goose house 年に1回のお祭り！HOY！2017（With English translation）','Goose house 年に1回のお祭り！HOY！2017（With English translation）','https://www.youtube.com/watch?v=paE6EgFaAQs','https://i.ytimg.com/vi/paE6EgFaAQs/mqdefault.jpg','2017-12-02 09:02:07','2019-03-17 06:30:01','2020-04-15 07:06:05',NULL,187636,NULL,NULL,NULL,'UCFDL0NuxUBAvvu1PnIwW2ww',NULL,1),('PaToFup-LD0','HOT LIMIT／T.M.Revolution(Cover）','HOT LIMIT','https://www.youtube.com/watch?v=PaToFup-LD0','https://i.ytimg.com/vi/PaToFup-LD0/mqdefault.jpg','2015-08-18 11:59:21','2015-08-22 10:26:57','2020-04-15 09:05:46','http://www.amazon.co.jp/gp/product/B00006AFYM/ref=as_li_qf_sp_asin_il_tl?ie=UTF8&camp=247&creative=1211&creativeASIN=B00006AFYM&linkCode=as2&tag=maehachi-22',2603118,'67942657','1998-06-24','','UCFDL0NuxUBAvvu1PnIwW2ww',NULL,0),('PieJYJjUNtY','【期間限定】小さな恋のうた／MONGOL800（Cover）','小さな恋のうた','https://www.youtube.com/watch?v=PieJYJjUNtY','https://i.ytimg.com/vi/PieJYJjUNtY/mqdefault.jpg','2019-03-22 09:07:26','2019-07-13 14:42:09','2020-04-15 09:04:44',NULL,806542,NULL,'2001-09-16',NULL,'UCx66obAJ42B0XwHIm_iupkw','qiaEUasF6CM',0),('pj-TgIco_ug','Goose house Phrase #03 \"Wandering\" トーク①','Goose house Phrase #03 \"Wandering\" トーク①','http://www.youtube.com/watch?v=pj-TgIco_ug','http://i.ytimg.com/vi/pj-TgIco_ug/0.jpg','2012-05-03 04:26:17','2014-05-09 09:59:22','2019-07-14 11:17:00','http://www.amazon.co.jp/gp/product/B007TGIIVG/ref=as_li_qf_sp_asin_il_tl?ie=UTF8&camp=247&creative=1211&creativeASIN=B007TGIIVG&linkCode=as2&tag=maehachi-22',282493,'','2012-05-23',NULL,'UCFDL0NuxUBAvvu1PnIwW2ww',NULL,0),('Pj6oFoJktLM','Replay -君は僕のeverything-／SHINee（Cover）','Replay -君は僕のeverything-','http://www.youtube.com/watch?v=Pj6oFoJktLM','http://i.ytimg.com/vi/Pj6oFoJktLM/0.jpg','2011-07-17 17:25:09','2014-05-09 09:59:22','2020-04-15 07:05:05','http://www.amazon.co.jp/gp/product/B004Y23BQA/ref=as_li_qf_sp_asin_il_tl?ie=UTF8&camp=247&creative=1211&creativeASIN=B004Y23BQA&linkCode=as2&tag=maehachi-22',261430,'','2011-06-22',NULL,'UCFDL0NuxUBAvvu1PnIwW2ww',NULL,0),('PJ7xVKz8I6w','Sing／Goosehouse（original）','Sing','http://www.youtube.com/watch?v=PJ7xVKz8I6w','http://i.ytimg.com/vi/PJ7xVKz8I6w/0.jpg','2011-10-04 18:08:20','2014-05-09 09:59:22','2020-04-15 09:05:05','http://www.amazon.co.jp/gp/product/B00AO6LDN8/ref=as_li_qf_sp_asin_il_tl?ie=UTF8&camp=247&creative=1211&creativeASIN=B00AO6LDN8&linkCode=as2&tag=maehachi-22',1544634,'17613040','2011-06-26','','UCFDL0NuxUBAvvu1PnIwW2ww',NULL,0),('PKvwQ4f_XpE','Million Films／コブクロ（Cover）','Million Films','http://www.youtube.com/watch?v=PKvwQ4f_XpE','http://i.ytimg.com/vi/PKvwQ4f_XpE/0.jpg','2010-11-16 04:54:02','2014-05-09 09:59:23','2020-04-15 09:04:54','http://www.amazon.co.jp/gp/product/B00B9DBM4U/ref=as_li_qf_sp_asin_il_tl?ie=UTF8&camp=247&creative=1211&creativeASIN=B00B9DBM4U&linkCode=as2&tag=maehachi-22',1059484,'10827045','2004-10-14','','UCFDL0NuxUBAvvu1PnIwW2ww',NULL,0),('pMAan8vdHjs','別の人の彼女になったよ／wacci （Cover）','別の人の彼女になったよ','https://www.youtube.com/watch?v=pMAan8vdHjs','https://i.ytimg.com/vi/pMAan8vdHjs/mqdefault.jpg','2019-10-11 10:32:02','2021-05-30 02:55:00','2021-06-06 00:24:19',NULL,575226,NULL,'2018-08-22',NULL,NULL,NULL,0),('pOby4b4O8gE','Darling／西野カナ（Cover）','Darling','http://www.youtube.com/watch?v=pOby4b4O8gE','http://i.ytimg.com/vi/pOby4b4O8gE/0.jpg','2014-11-22 08:38:57','2014-12-11 12:13:11','2020-04-15 09:05:36','http://www.amazon.co.jp/gp/product/B00M0VA0TI/ref=as_li_qf_sp_asin_il_tl?ie=UTF8&camp=247&creative=1211&creativeASIN=B00M0VA0TI&linkCode=as2&tag=maehachi-22',3861756,'55444987','2014-08-13','','UCFDL0NuxUBAvvu1PnIwW2ww',NULL,0),('pp7ZiCKN3IQ','日曜日よりの使者／THE HIGH-LOWS（Cover）','日曜日よりの使者','http://www.youtube.com/watch?v=pp7ZiCKN3IQ','http://i.ytimg.com/vi/pp7ZiCKN3IQ/0.jpg','2010-07-14 16:13:10','2014-05-09 09:59:24','2019-07-14 11:17:00','http://www.amazon.co.jp/gp/product/B00005FDNH/ref=as_li_qf_sp_asin_il_tl?ie=UTF8&camp=247&creative=1211&creativeASIN=B00005FDNH&linkCode=as2&tag=maehachi-22',1867803,'9998537','2004-02-11','','UCFDL0NuxUBAvvu1PnIwW2ww',NULL,0),('ppFAscSbFGk','映画「アラジン」より「A Whole New World／ホール・ニュー・ワールド」（Cover by Play.Goose）','映画「アラジン」より「A Whole New World','https://www.youtube.com/watch?v=ppFAscSbFGk','https://i.ytimg.com/vi/ppFAscSbFGk/mqdefault.jpg','2020-09-30 11:00:13','2021-05-30 02:54:52','2021-06-11 19:29:50',NULL,164190,NULL,NULL,'ディズニー映画「アラジン」　より',NULL,NULL,0),('pPscQ92DM8M','ギンガムチェック／AKB48（Cover）','ギンガムチェック','http://www.youtube.com/watch?v=pPscQ92DM8M','http://i.ytimg.com/vi/pPscQ92DM8M/0.jpg','2012-09-27 12:06:40','2014-05-09 09:59:21','2020-04-15 09:05:15','http://www.amazon.co.jp/gp/product/B00GVMSUN0/ref=as_li_qf_sp_asin_il_tl?ie=UTF8&camp=247&creative=1211&creativeASIN=B00GVMSUN0&linkCode=as2&tag=maehachi-22',2121061,'25604039','2012-08-29','','UCFDL0NuxUBAvvu1PnIwW2ww',NULL,0),('pPZIVXDy53E','未来へ／kiroro（Cover）','未来へ','http://www.youtube.com/watch?v=pPZIVXDy53E','http://i.ytimg.com/vi/pPZIVXDy53E/0.jpg','2011-03-19 17:25:52','2014-05-09 09:59:23','2019-07-14 11:17:00','http://www.amazon.co.jp/gp/product/B00005V2TA/ref=as_li_qf_sp_asin_il_tl?ie=UTF8&camp=247&creative=1211&creativeASIN=B00005V2TA&linkCode=as2&tag=maehachi-22',1412527,'','1998-06-24',NULL,'UCFDL0NuxUBAvvu1PnIwW2ww',NULL,0),('pqrQ25psl6E','気分上々↑↑／mihimaru GT（Cover）','気分上々↑↑','http://www.youtube.com/watch?v=pqrQ25psl6E','http://i.ytimg.com/vi/pqrQ25psl6E/0.jpg','2013-06-03 10:29:06','2014-05-09 09:59:21','2020-04-15 09:05:26','http://www.amazon.co.jp/gp/product/B00BK8IENQ/ref=as_li_qf_sp_asin_il_tl?ie=UTF8&camp=247&creative=1211&creativeASIN=B00BK8IENQ&linkCode=as2&tag=maehachi-22',6405245,'','2006-05-03',NULL,'UCFDL0NuxUBAvvu1PnIwW2ww',NULL,0),('PRebgmIeVb0','福笑い／高橋優（Cover）','福笑い','http://www.youtube.com/watch?v=PRebgmIeVb0','http://i.ytimg.com/vi/PRebgmIeVb0/0.jpg','2011-08-10 17:57:12','2014-05-09 09:59:22','2020-04-15 09:05:05','http://www.amazon.co.jp/gp/product/B004HETQWI/ref=as_li_qf_sp_asin_il_tl?ie=UTF8&camp=247&creative=1211&creativeASIN=B004HETQWI&linkCode=as2&tag=maehachi-22',920491,'16469562','2011-02-23','','UCFDL0NuxUBAvvu1PnIwW2ww',NULL,0),('PRgOqCZID58','繋いだ手から／back number（Cover）','繋いだ手から','http://www.youtube.com/watch?v=PRgOqCZID58','http://i.ytimg.com/vi/PRgOqCZID58/0.jpg','2014-05-03 11:35:11','2014-05-09 09:59:20','2020-04-15 09:05:36','http://www.amazon.co.jp/gp/product/B00IC5J11E/ref=as_li_qf_sp_asin_il_tl?ie=UTF8&camp=247&creative=1211&creativeASIN=B00IC5J11E&linkCode=as2&tag=maehachi-22',4309386,'46054780','2014-03-19','','UCFDL0NuxUBAvvu1PnIwW2ww',NULL,0),('PSKqDaWYa9I','FINAL DISTANCE／宇多田ヒカル（Cover）','FINAL DISTANCE','http://www.youtube.com/watch?v=PSKqDaWYa9I','http://i.ytimg.com/vi/PSKqDaWYa9I/0.jpg','2015-03-09 11:42:21','2015-03-09 14:43:13','2019-07-14 11:17:00','http://www.amazon.co.jp/gp/product/B00005LA1R/ref=as_li_qf_sp_asin_il_tl?ie=UTF8&camp=247&creative=1211&creativeASIN=B00005LA1R&linkCode=as2&tag=maehachi-22',613602,'59355651','2001-07-25','','UCFDL0NuxUBAvvu1PnIwW2ww',NULL,0),('PSYRdI-13dI','染まるよ／チャットモンチー（Cover）','染まるよ','http://www.youtube.com/watch?v=PSYRdI-13dI','http://i.ytimg.com/vi/PSYRdI-13dI/0.jpg','2011-06-12 11:20:29','2014-05-09 09:59:22','2020-04-15 09:05:05','http://www.amazon.co.jp/gp/product/B001F6QI4K/ref=as_li_qf_sp_asin_il_tl?ie=UTF8&camp=247&creative=1211&creativeASIN=B001F6QI4K&linkCode=as2&tag=maehachi-22',702712,'15309614','2008-11-05','','UCFDL0NuxUBAvvu1PnIwW2ww',NULL,0),('PUHgezDPiT0','PRIDE／今井美樹（Cover）','PRIDE','https://www.youtube.com/watch?v=PUHgezDPiT0','https://i.ytimg.com/vi/PUHgezDPiT0/mqdefault.jpg','2017-11-15 10:22:19','2017-11-17 12:14:54','2020-04-15 09:06:07','https://www.amazon.co.jp/gp/product/B00005G5EM/ref=as_li_qf_sp_asin_il_tl?ie=UTF8&tag=maehachi-22&camp=247&creative=1211&linkCode=as2&creativeASIN=B00005G5EM&linkId=dfe807d95792edd046ba04f34dc52917',320880,'109333557','1996-11-04','フジテレビ系ドラマ『ドク』主題歌','UCFDL0NuxUBAvvu1PnIwW2ww',NULL,0),('puWYFqtR8ig','マリーゴールド／あいみょん（Cover）','マリーゴールド','https://www.youtube.com/watch?v=puWYFqtR8ig','https://i.ytimg.com/vi/puWYFqtR8ig/mqdefault.jpg','2019-03-16 07:55:34','2019-07-13 14:42:09','2020-04-15 09:04:44',NULL,2199597,NULL,'2018-08-08',NULL,'UCx66obAJ42B0XwHIm_iupkw',NULL,0),('pwMHH4fTLxE','創聖のアクエリオン（Cover）','創聖のアクエリオン','http://www.youtube.com/watch?v=pwMHH4fTLxE','http://i.ytimg.com/vi/pwMHH4fTLxE/0.jpg','2010-07-20 16:40:47','2014-05-09 09:59:24','2019-07-14 11:17:00','http://www.amazon.co.jp/gp/product/B0058L4O0S/ref=as_li_qf_sp_asin_il_tl?ie=UTF8&camp=247&creative=1211&creativeASIN=B0058L4O0S&linkCode=as2&tag=maehachi-22',8826520,'8331022','2005-04-27','','UCFDL0NuxUBAvvu1PnIwW2ww',NULL,0),('PY9qT5FtqHY','A・C・T・I On／Goosehouse（original）','A・C・T・I On','http://www.youtube.com/watch?v=PY9qT5FtqHY','http://i.ytimg.com/vi/PY9qT5FtqHY/0.jpg','2012-06-01 13:41:06','2014-05-09 09:59:22','2019-07-14 11:17:00','http://www.amazon.co.jp/gp/product/B007TGIIVG/ref=as_li_qf_sp_asin_il_tl?ie=UTF8&camp=247&creative=1211&creativeASIN=B007TGIIVG&linkCode=as2&tag=maehachi-22',691256,'22861693','2012-05-23','','UCFDL0NuxUBAvvu1PnIwW2ww',NULL,0),('PyGXSzVnPdw','Play.Goose 1st answer album「∞ Answers」メイキングドキュメント','Play.Goose 1st answer album「∞ Answers」メイキングドキュメント','https://www.youtube.com/watch?v=PyGXSzVnPdw','https://i.ytimg.com/vi/PyGXSzVnPdw/mqdefault.jpg','2019-10-28 15:00:12','2021-05-30 02:54:59','2021-06-06 00:37:35',NULL,33355,NULL,'2019-10-29',NULL,NULL,NULL,0),('pYqtIjRhAoc','Streaming Live Play.Goose  #November + 2019 &quot;サケベミライへ→&quot;（20191116）','Streaming Live Play.Goose  #November + 2019 &quot;サケベミライへ→&quot;（20191116）','https://www.youtube.com/watch?v=pYqtIjRhAoc','https://i.ytimg.com/vi/pYqtIjRhAoc/mqdefault.jpg','2019-11-23 09:31:09','2021-05-30 02:54:58','2021-06-06 00:40:35',NULL,46701,NULL,NULL,NULL,NULL,NULL,1),('PYTLakk8lNo','つけまつける／きゃりーぱみゅぱみゅ（Cover）','つけまつける','http://www.youtube.com/watch?v=PYTLakk8lNo','http://i.ytimg.com/vi/PYTLakk8lNo/0.jpg','2013-08-31 11:34:57','2014-05-09 09:59:21','2020-04-15 07:05:25','http://www.amazon.co.jp/gp/product/B0060GQ278/ref=as_li_qf_sp_asin_il_tl?ie=UTF8&camp=247&creative=1211&creativeASIN=B0060GQ278&linkCode=as2&tag=maehachi-22',606133,'37732285','2012-01-11','','UCFDL0NuxUBAvvu1PnIwW2ww',NULL,0),('pZN0nHB0qRQ','You Raise Me Up（Cover）','You Raise Me Up','http://www.youtube.com/watch?v=pZN0nHB0qRQ','http://i.ytimg.com/vi/pZN0nHB0qRQ/0.jpg','2011-03-20 06:15:52','2014-05-09 09:59:23','2019-07-14 11:17:00','http://www.amazon.co.jp/gp/product/B000060O30/ref=as_li_qf_sp_asin_il_tl?ie=UTF8&camp=247&creative=1211&creativeASIN=B000060O30&linkCode=as2&tag=maehachi-22',1030084,'','2002-03-26',NULL,'UCFDL0NuxUBAvvu1PnIwW2ww',NULL,0),('q2TqOAir_Ow','ひこうき雲／荒井由実（Cover）','ひこうき雲','http://www.youtube.com/watch?v=q2TqOAir_Ow','http://i.ytimg.com/vi/q2TqOAir_Ow/0.jpg','2013-10-05 09:31:03','2014-05-09 09:59:21','2020-04-15 09:05:25','http://www.amazon.co.jp/gp/product/B00CHDM89E/ref=as_li_qf_sp_asin_il_tl?ie=UTF8&camp=247&creative=1211&creativeASIN=B00CHDM89E&linkCode=as2&tag=maehachi-22',3331531,'39315898','1973-11-05','','UCFDL0NuxUBAvvu1PnIwW2ww',NULL,0),('Q3sTM6AIf-A','WOW WAR TONIGHT ／H Jungle with t（Cover）','WOW WAR TONIGHT ','http://www.youtube.com/watch?v=Q3sTM6AIf-A','http://i.ytimg.com/vi/Q3sTM6AIf-A/0.jpg','2014-11-02 10:03:15','2014-12-11 12:13:11','2020-04-15 09:05:36','http://www.amazon.co.jp/gp/product/B00005ECQU/ref=as_li_qf_sp_asin_il_tl?ie=UTF8&camp=247&creative=1211&creativeASIN=B00005ECQU&linkCode=as2&tag=maehachi-22',1063851,'54137147','1995-03-15','','UCFDL0NuxUBAvvu1PnIwW2ww',NULL,0),('Q54jE2K_OQ0','恋するフォーチュンクッキー／AKB48（Cover）','恋するフォーチュンクッキー','http://www.youtube.com/watch?v=Q54jE2K_OQ0','http://i.ytimg.com/vi/Q54jE2K_OQ0/0.jpg','2013-10-05 08:43:24','2014-05-09 09:59:21','2020-04-15 09:05:26','http://www.amazon.co.jp/gp/product/B00EORP5H8/ref=as_li_qf_sp_asin_il_tl?ie=UTF8&camp=247&creative=1211&creativeASIN=B00EORP5H8&linkCode=as2&tag=maehachi-22',17248071,'39315898','2013-08-21','','UCFDL0NuxUBAvvu1PnIwW2ww',NULL,0),('q6FUuehuIdc','2枚同時リリース！Goose house ニューアルバム「Milk」 &「 Bitter」','2枚同時リリース','http://www.youtube.com/watch?v=q6FUuehuIdc','http://i.ytimg.com/vi/q6FUuehuIdc/0.jpg','2015-02-17 11:57:45','2015-02-18 10:43:15','2019-07-14 11:17:00','http://www.amazon.co.jp/gp/product/B00SLMZNUG/ref=as_li_qf_sp_asin_il_tl?ie=UTF8&camp=247&creative=1211&creativeASIN=B00SLMZNUG&linkCode=as2&tag=maehachi-22',707003,'','2015-02-25','','UCFDL0NuxUBAvvu1PnIwW2ww',NULL,0),('Qa9XAmLO8l4','oh my little girl／尾崎豊（Cover）','oh my little girl','http://www.youtube.com/watch?v=Qa9XAmLO8l4','http://i.ytimg.com/vi/Qa9XAmLO8l4/0.jpg','2010-07-03 08:22:05','2014-06-20 17:50:34','2019-07-14 11:17:00','http://www.amazon.co.jp/gp/product/B00005G6GE/ref=as_li_qf_sp_asin_il_tl?ie=UTF8&camp=247&creative=1211&creativeASIN=B00005G6GE&linkCode=as2&tag=maehachi-22',1037242,'7907718','1994-01-21','','UCFDL0NuxUBAvvu1PnIwW2ww',NULL,0),('qbg-ULcVQGk','道／宇多田ヒカル（Cover）','道','https://www.youtube.com/watch?v=qbg-ULcVQGk','https://i.ytimg.com/vi/qbg-ULcVQGk/mqdefault.jpg','2017-02-20 10:34:15','2017-03-04 06:40:47','2019-07-14 11:17:00','https://www.amazon.co.jp/gp/product/B01I4GDLZW/ref=as_li_qf_sp_asin_il_tl?ie=UTF8&tag=maehachi-22&camp=247&creative=1211&linkCode=as2&creativeASIN=B01I4GDLZW&linkId=a888a54ab5a869cadff305bf61a807c0',347859,'99433441','2016-09-13','サントリー食品インターナショナル・サントリー天然水「水の山行ってきた南アルプス」篇CMソング','UCFDL0NuxUBAvvu1PnIwW2ww',NULL,0),('qccq1cc9xZE','1/3の純情な感情／SIAM SHADE（Cover）','1/3の純情な感情','http://www.youtube.com/watch?v=qccq1cc9xZE','http://i.ytimg.com/vi/qccq1cc9xZE/0.jpg','2013-06-03 10:27:35','2014-05-09 09:59:21','2020-02-21 08:05:29','http://www.amazon.co.jp/gp/product/B000VOOMIQ/ref=as_li_qf_sp_asin_il_tl?ie=UTF8&camp=247&creative=1211&creativeASIN=B000VOOMIQ&linkCode=as2&tag=maehachi-22',3090583,'','1997-11-27',NULL,'UCFDL0NuxUBAvvu1PnIwW2ww',NULL,0),('qcprnxnkBcs','明日への扉／I WiSH（Cover）','明日への扉','http://www.youtube.com/watch?v=qcprnxnkBcs','http://i.ytimg.com/vi/qcprnxnkBcs/0.jpg','2013-02-26 11:01:31','2014-05-09 09:59:21','2019-07-14 11:17:00','http://www.amazon.co.jp/gp/product/B000CPGWEQ/ref=as_li_qf_sp_asin_il_tl?ie=UTF8&camp=247&creative=1211&creativeASIN=B000CPGWEQ&linkCode=as2&tag=maehachi-22',8540086,'29325660','2003-02-14','','UCFDL0NuxUBAvvu1PnIwW2ww',NULL,0),('QdQdp6kirlA','Goose house ニューシングル『笑顔の花』本日フラゲ日‼︎','Goose house ニューシングル『笑顔の花』本日フラゲ日‼︎','https://www.youtube.com/watch?v=QdQdp6kirlA','https://i.ytimg.com/vi/QdQdp6kirlA/mqdefault.jpg','2017-11-24 10:59:57','2021-05-31 16:08:33','2021-05-31 16:08:33',NULL,182071,NULL,NULL,NULL,NULL,NULL,0),('QfJ-WFXRO-0','鯨の唄／Mrs.GREEN APPLE（Cover）','鯨の唄','https://www.youtube.com/watch?v=QfJ-WFXRO-0','https://i.ytimg.com/vi/QfJ-WFXRO-0/mqdefault.jpg','2017-02-20 10:32:56','2017-03-04 06:40:47','2019-07-14 11:17:00','https://www.amazon.co.jp/gp/product/B01MSOVE4H/ref=as_li_qf_sp_asin_il_tl?ie=UTF8&tag=maehachi-22&camp=247&creative=1211&linkCode=as2&creativeASIN=B01MSOVE4H&linkId=4fcf35f99881d2d8a71e324e98d9f846',442927,'99433441','2017-01-11','','UCFDL0NuxUBAvvu1PnIwW2ww',NULL,0),('qFK3Pu6YJQ8','d-iZe 卒業メッセージ 2014.4.30','d-iZe 卒業メッセージ 2014.4.30','http://www.youtube.com/watch?v=qFK3Pu6YJQ8','http://i.ytimg.com/vi/qFK3Pu6YJQ8/0.jpg','2014-04-30 09:06:24','2014-05-09 09:59:21','2019-07-14 11:17:00','',405954,'',NULL,NULL,'UCFDL0NuxUBAvvu1PnIwW2ww',NULL,0),('qHmo8Bx3fSg','Goosehouse 懇親会','Goosehouse 懇親会','http://www.youtube.com/watch?v=qHmo8Bx3fSg','http://i.ytimg.com/vi/qHmo8Bx3fSg/0.jpg','2012-05-14 15:29:21','2014-05-09 09:59:22','2019-07-14 11:17:00','',410056,'',NULL,NULL,'UCFDL0NuxUBAvvu1PnIwW2ww',NULL,0),('qiaEUasF6CM','（期間限定）Streaming Live Play.Goose #3.9 (20190228)','（期間限定）Streaming Live Play.Goose #3.9 (20190228)','https://www.youtube.com/watch?v=qiaEUasF6CM','https://i.ytimg.com/vi/qiaEUasF6CM/mqdefault.jpg','2019-04-04 10:05:17','2019-07-13 14:42:09','2020-04-15 09:04:44',NULL,125576,NULL,NULL,NULL,'UCx66obAJ42B0XwHIm_iupkw',NULL,1),('qiMn053s_ZY','Goose house スペシャルライブイベント at YouTube Space Tokyo','Goose house スペシャルライブイベント at YouTube Space Tokyo','http://www.youtube.com/watch?v=qiMn053s_ZY','http://i.ytimg.com/vi/qiMn053s_ZY/0.jpg','2015-02-05 03:40:34','2015-02-07 11:29:49','2019-07-14 11:17:00','',3662,'',NULL,NULL,'UCFDL0NuxUBAvvu1PnIwW2ww',NULL,0),('qkgJ85oCodU','ルージュの伝言／荒井由実（Cover）','ルージュの伝言','http://www.youtube.com/watch?v=qkgJ85oCodU','http://i.ytimg.com/vi/qkgJ85oCodU/0.jpg','2012-11-04 09:26:24','2014-05-09 09:59:21','2020-04-15 09:05:15','http://www.amazon.co.jp/gp/product/B00005GMFO/ref=as_li_qf_sp_asin_il_tl?ie=UTF8&camp=247&creative=1211&creativeASIN=B00005GMFO&linkCode=as2&tag=maehachi-22',4005963,'26463350','1975-02-20','','UCFDL0NuxUBAvvu1PnIwW2ww',NULL,0),('qKJhvyAv2fY','teens／Original','teens','http://www.youtube.com/watch?v=qKJhvyAv2fY','http://i.ytimg.com/vi/qKJhvyAv2fY/0.jpg','2011-05-29 03:25:46','2014-05-09 09:59:22','2019-07-14 11:17:00','http://www.amazon.co.jp/gp/product/B00AO6LDN8/ref=as_li_qf_sp_asin_il_tl?ie=UTF8&camp=247&creative=1211&creativeASIN=B00AO6LDN8&linkCode=as2&tag=maehachi-22',518558,'','2011-06-26',NULL,'UCFDL0NuxUBAvvu1PnIwW2ww',NULL,0),('qNfPov8hI4U','【Goose house】竹澤汀  コメントムービー／収録曲「ずるいよ！」','【Goose house】竹澤汀  コメントムービー','https://www.youtube.com/watch?v=qNfPov8hI4U','https://i.ytimg.com/vi/qNfPov8hI4U/mqdefault.jpg','2016-06-13 10:41:48','2016-06-18 05:30:18','2020-04-15 09:05:57','http://www.amazon.co.jp/gp/product/B01G70EH3C/ref=as_li_qf_sp_asin_il_tl?ie=UTF8&camp=247&creative=1211&creativeASIN=B01G70EH3C&linkCode=as2&tag=maehachi-22',137995,'','2016-07-06','','UCFDL0NuxUBAvvu1PnIwW2ww',NULL,0),('qngpExBNLCE','When I Was Your Man／Bruno Mars（Cover）','When I Was Your Man','http://www.youtube.com/watch?v=qngpExBNLCE','http://i.ytimg.com/vi/qngpExBNLCE/0.jpg','2013-06-03 10:30:14','2014-05-09 09:59:21','2020-04-15 09:05:26','http://www.amazon.co.jp/gp/product/B00BUDAMZY/ref=as_li_qf_sp_asin_il_tl?ie=UTF8&camp=247&creative=1211&creativeASIN=B00BUDAMZY&linkCode=as2&tag=maehachi-22',914962,'','2013-01-15',NULL,'UCFDL0NuxUBAvvu1PnIwW2ww',NULL,0),('qq1Jwfa6mgo','WanteD! WanteD!／Mrs. GREEN APPLE（Cover）','WanteD! WanteD!','https://www.youtube.com/watch?v=qq1Jwfa6mgo','https://i.ytimg.com/vi/qq1Jwfa6mgo/mqdefault.jpg','2017-10-27 11:00:40','2017-10-28 09:33:31','2020-04-15 09:06:07','https://www.amazon.co.jp/gp/product/B072NHJSS8/ref=as_li_qf_sp_asin_il_tl?ie=UTF8&tag=maehachi-22&camp=247&creative=1211&linkCode=as2&creativeASIN=B072NHJSS8&linkId=8b28457b877214669a650102567cb893',716814,'107969495','2017-08-30','フジテレビ系ドラマ「僕たちがやりました」オープニングテーマ','UCFDL0NuxUBAvvu1PnIwW2ww',NULL,0),('QR2baEPUUgI','僕は君の事が好きだけど君は僕を別に好きじゃないみたい ／back number','僕は君の事が好きだけど君は僕を別に好きじゃないみたい ','https://www.youtube.com/watch?v=QR2baEPUUgI','https://i.ytimg.com/vi/QR2baEPUUgI/mqdefault.jpg','2017-08-13 09:03:16','2017-09-14 15:24:55','2020-04-15 09:06:07','https://www.amazon.co.jp/gp/product/B017H2SLEK/ref=as_li_qf_sp_asin_il_tl?ie=UTF8&tag=maehachi-22&camp=247&creative=1211&linkCode=as2&creativeASIN=B017H2SLEK&linkId=63aa5efa555300bcd4966ea728e48596',797828,'106102539','2015-12-09','','UCFDL0NuxUBAvvu1PnIwW2ww',NULL,0),('qt4Z1Uh_Mpg','カントリー・ロード/本名陽子（Play.Goose #3 ver.）','カントリー・ロード','https://www.youtube.com/watch?v=qt4Z1Uh_Mpg','https://i.ytimg.com/vi/qt4Z1Uh_Mpg/mqdefault.jpg','2019-02-14 13:57:10','2019-07-13 14:42:09','2020-04-15 09:04:44',NULL,287003,NULL,'1995-06-25',NULL,'UCx66obAJ42B0XwHIm_iupkw','19kj9kOncgQ',0),('qtU_pHArtCo','2019年秋！Play.Goose 全国ツアーのスケジュール大発表！','2019年秋！Play.Goose 全国ツアーのスケジュール大発表！','https://www.youtube.com/watch?v=qtU_pHArtCo','https://i.ytimg.com/vi/qtU_pHArtCo/mqdefault.jpg','2019-05-15 12:05:45','2019-07-13 14:42:09','2019-12-22 11:04:44',NULL,37713,NULL,NULL,NULL,'UCx66obAJ42B0XwHIm_iupkw',NULL,0),('Qv46dvfWa8Q','Play You. House 2nd 10/02 07','Play You. House 2nd 10/02 07','http://www.youtube.com/watch?v=Qv46dvfWa8Q','http://i.ytimg.com/vi/Qv46dvfWa8Q/0.jpg','2010-10-05 13:18:56','2014-05-09 09:59:23','2019-07-14 11:17:00','http://www.amazon.co.jp/gp/product/B00AO6LDN8/ref=as_li_qf_sp_asin_il_tl?ie=UTF8&camp=247&creative=1211&creativeASIN=B00AO6LDN8&linkCode=as2&tag=maehachi-22',96003,'9950624','2011-06-26','sing／Play You. House（Original）','UCFDL0NuxUBAvvu1PnIwW2ww',NULL,0),('qx15nHyMuVg','Streaming Live Play.Goose # July2019 (20190726)','Streaming Live Play.Goose # July2019 (20190726)','https://www.youtube.com/watch?v=qx15nHyMuVg','https://i.ytimg.com/vi/qx15nHyMuVg/mqdefault.jpg','2019-10-12 07:48:01','2021-05-30 02:54:59','2021-06-06 00:32:58',NULL,56147,NULL,NULL,NULL,NULL,NULL,1),('QzfC0_A73Hg','地獄でなぜ悪い／星野源（Cover）','地獄でなぜ悪い','http://www.youtube.com/watch?v=QzfC0_A73Hg','http://i.ytimg.com/vi/QzfC0_A73Hg/0.jpg','2013-11-04 09:00:48','2014-05-09 09:59:21','2020-04-15 09:05:25','http://www.amazon.co.jp/gp/product/B00E8Y5SPQ/ref=as_li_qf_sp_asin_il_tl?ie=UTF8&camp=247&creative=1211&creativeASIN=B00E8Y5SPQ&linkCode=as2&tag=maehachi-22',1574521,'39978673','2013-10-02','','UCFDL0NuxUBAvvu1PnIwW2ww',NULL,0),('qzXJ1lDE_as','Play.Goose 大阪・東京のツアーが決定！','Play.Goose 大阪・東京のツアーが決定！','https://www.youtube.com/watch?v=qzXJ1lDE_as','https://i.ytimg.com/vi/qzXJ1lDE_as/mqdefault.jpg','2019-01-14 11:00:01','2019-07-13 14:42:09','2019-12-21 12:04:44',NULL,35245,NULL,NULL,NULL,'UCx66obAJ42B0XwHIm_iupkw',NULL,0),('r2BeDQvarJc','Goose house LIVE TOUR 2014','Goose house LIVE TOUR 2014','http://www.youtube.com/watch?v=r2BeDQvarJc','http://i.ytimg.com/vi/r2BeDQvarJc/0.jpg','2014-06-29 03:45:53','2014-07-04 17:08:26','2020-04-15 09:05:36','',578734,'',NULL,NULL,'UCFDL0NuxUBAvvu1PnIwW2ww',NULL,0),('R7CahEG5nf8','ラブ・ストーリーは突然に／小田和正（Cover）','ラブ・ストーリーは突然に','http://www.youtube.com/watch?v=R7CahEG5nf8','http://i.ytimg.com/vi/R7CahEG5nf8/0.jpg','2014-10-13 08:45:28','2014-10-29 11:19:58','2020-04-15 09:05:36','http://www.amazon.co.jp/gp/product/B00005EKDF/ref=as_li_qf_sp_asin_il_tl?ie=UTF8&camp=247&creative=1211&creativeASIN=B00005EKDF&linkCode=as2&tag=maehachi-22',2196616,'53213992','1991-02-06','','UCFDL0NuxUBAvvu1PnIwW2ww',NULL,0),('rF2y3Akpj-8','キラキラ feat.カンナ／AI （Cover）','キラキラ feat.カンナ','https://www.youtube.com/watch?v=rF2y3Akpj-8','https://i.ytimg.com/vi/rF2y3Akpj-8/mqdefault.jpg','2017-09-12 10:15:22','2017-09-14 15:24:55','2020-04-15 09:06:07','https://www.amazon.co.jp/gp/product/B07474WY16/ref=as_li_qf_sp_asin_il_tl?ie=UTF8&tag=maehachi-22&camp=247&creative=1211&linkCode=as2&creativeASIN=B07474WY16&linkId=8f8d6e2308545757341a0da607dcf592',446696,'107046239','2017-08-01','TBS系列 火曜ドラマ『カンナさーん!』主題歌','UCFDL0NuxUBAvvu1PnIwW2ww',NULL,0),('rGXLXImN7nI','ハロー・ハロー／superfly（Cover）','ハロー・ハロー','http://www.youtube.com/watch?v=rGXLXImN7nI','http://i.ytimg.com/vi/rGXLXImN7nI/0.jpg','2010-07-03 08:03:54','2014-05-09 09:59:24','2019-07-14 11:17:00','http://www.amazon.co.jp/gp/product/B00E88OY9S/ref=as_li_qf_sp_asin_il_tl?ie=UTF8&camp=247&creative=1211&creativeASIN=B00E88OY9S&linkCode=as2&tag=maehachi-22',622041,'7761148','2007-04-04','','UCFDL0NuxUBAvvu1PnIwW2ww',NULL,0),('RH7_wXQTdQk','Play.Goose【梨泰院クラス World Cover Project】trailer','Play.Goose【梨泰院クラス WorldProject】trailer','https://www.youtube.com/watch?v=RH7_wXQTdQk','https://i.ytimg.com/vi/RH7_wXQTdQk/mqdefault.jpg','2021-01-31 11:00:00','2021-05-30 02:54:51','2021-05-30 02:54:51',NULL,28225,NULL,'2021-02-04','韓国テレビドラマ『梨泰院クラス』主題歌\n\nワールドカバープロジェクト（KpopRemakeRelay）にPlay.Gooseが日本代表として参加',NULL,NULL,0),('ri35YKhV-ME','年下の男の子／キャンディーズ（Cover）','年下の男の子','http://www.youtube.com/watch?v=ri35YKhV-ME','http://i.ytimg.com/vi/ri35YKhV-ME/0.jpg','2014-07-06 07:57:23','2014-07-06 10:43:33','2020-04-15 09:05:36','http://www.amazon.co.jp/gp/product/B00005G6EB/ref=as_li_qf_sp_asin_il_tl?ie=UTF8&camp=247&creative=1211&creativeASIN=B00005G6EB&linkCode=as2&tag=maehachi-22',12847515,'','1975-02-21',NULL,'UCFDL0NuxUBAvvu1PnIwW2ww',NULL,0),('rIH4hSA2kLc','センチメンタル／ゆず（Cover）','センチメンタル','http://www.youtube.com/watch?v=rIH4hSA2kLc','http://i.ytimg.com/vi/rIH4hSA2kLc/0.jpg','2011-08-10 16:48:53','2014-05-09 09:59:22','2020-04-15 08:05:05','http://www.amazon.co.jp/gp/product/B00005H00F/ref=as_li_qf_sp_asin_il_tl?ie=UTF8&camp=247&creative=1211&creativeASIN=B00005H00F&linkCode=as2&tag=maehachi-22',537133,'16469562','1999-08-18','','UCFDL0NuxUBAvvu1PnIwW2ww',NULL,0),('RIYejS2ujjo','告白／FUNKY MONKEY BABYS （Cover）','告白','http://www.youtube.com/watch?v=RIYejS2ujjo','http://i.ytimg.com/vi/RIYejS2ujjo/0.jpg','2014-08-04 10:07:28','2014-08-05 15:30:05','2020-04-15 09:05:36','http://www.amazon.co.jp/gp/product/B00B4G1YCM/ref=as_li_qf_sp_asin_il_tl?ie=UTF8&camp=247&creative=1211&creativeASIN=B00B4G1YCM&linkCode=as2&tag=maehachi-22',3293661,'50262668','2008-07-23','','UCFDL0NuxUBAvvu1PnIwW2ww',NULL,0),('rjxmDJLAkaM','You／Goose house（Original）','You','https://www.youtube.com/watch?v=rjxmDJLAkaM','https://i.ytimg.com/vi/rjxmDJLAkaM/mqdefault.jpg','2017-05-16 10:09:43','2017-05-31 14:18:43','2020-04-15 09:06:07','https://www.amazon.co.jp/gp/product/B01N1S5ITF/ref=as_li_qf_sp_asin_il_tl?ie=UTF8&tag=maehachi-22&camp=247&creative=1211&linkCode=as2&creativeASIN=B01N1S5ITF&linkId=adac0c73284f4a5a9ff47dd0f0689cd7',425729,'102383704','2017-02-22','','UCFDL0NuxUBAvvu1PnIwW2ww',NULL,0),('RKfLFJ--kmc','【アフタートーク】映画「トイ・ストーリー」より「You&#39;ve Got a Friend in Me / 君はともだち」(Cover)','【アフタートーク】映画「トイ・ストーリー」より「You&#39;ve Got a Friend in Me','https://www.youtube.com/watch?v=RKfLFJ--kmc','https://i.ytimg.com/vi/RKfLFJ--kmc/mqdefault.jpg','2020-09-27 10:00:14','2021-05-30 02:54:52','2021-05-30 02:54:52',NULL,24125,NULL,NULL,NULL,NULL,NULL,0),('rl0lbJESshw','だから僕は音楽を辞めた／ヨルシカ（Cover）','だから僕は音楽を辞めた','https://www.youtube.com/watch?v=rl0lbJESshw','https://i.ytimg.com/vi/rl0lbJESshw/mqdefault.jpg','2020-02-20 15:33:37','2021-05-30 02:54:56','2021-05-30 02:54:56',NULL,355522,NULL,'2019-04-10',NULL,NULL,'ch-hn0rMkWc',0),('rlma_TP8lr4','Rising Sun／EXILE（Cover）','Rising Sun','http://www.youtube.com/watch?v=rlma_TP8lr4','http://i.ytimg.com/vi/rlma_TP8lr4/0.jpg','2012-07-20 11:01:02','2014-05-09 09:59:22','2020-04-15 08:05:15','http://www.amazon.co.jp/gp/product/B005F65ENW/ref=as_li_qf_sp_asin_il_tl?ie=UTF8&camp=247&creative=1211&creativeASIN=B005F65ENW&linkCode=as2&tag=maehachi-22',642590,'23982063','2011-09-14','','UCFDL0NuxUBAvvu1PnIwW2ww',NULL,0),('rOpwGa6vRYI','Stand by U／東方神起 （Cover）','Stand by U','http://www.youtube.com/watch?v=rOpwGa6vRYI','http://i.ytimg.com/vi/rOpwGa6vRYI/0.jpg','2014-08-04 10:09:58','2014-08-05 15:30:05','2020-04-15 09:05:36','http://www.amazon.co.jp/gp/product/B00313JFUO/ref=as_li_qf_sp_asin_il_tl?ie=UTF8&camp=247&creative=1211&creativeASIN=B00313JFUO&linkCode=as2&tag=maehachi-22',1021344,'50262668','2009-07-01','','UCFDL0NuxUBAvvu1PnIwW2ww',NULL,0),('roqFL0oEZYw','Goosehouse リハーサル','Goosehouse リハーサル','http://www.youtube.com/watch?v=roqFL0oEZYw','http://i.ytimg.com/vi/roqFL0oEZYw/0.jpg','2012-07-08 08:37:25','2014-05-09 09:59:22','2020-04-15 09:05:16','',456515,'',NULL,NULL,'UCFDL0NuxUBAvvu1PnIwW2ww',NULL,0),('RoWuNTc7djY','また君に恋してる／坂本冬美（Cover）','また君に恋してる','http://www.youtube.com/watch?v=RoWuNTc7djY','http://i.ytimg.com/vi/RoWuNTc7djY/0.jpg','2011-02-01 07:04:32','2014-05-09 09:59:23','2019-07-14 11:17:00','http://www.amazon.co.jp/gp/product/B002L9QGLU/ref=as_li_qf_sp_asin_il_tl?ie=UTF8&camp=247&creative=1211&creativeASIN=B002L9QGLU&linkCode=as2&tag=maehachi-22',123698,'12320949','2009-01-07','','UCFDL0NuxUBAvvu1PnIwW2ww',NULL,0),('Rp64vMj9GHc','Get Wild／TM NETWORK  (Cover)','Get Wild','https://www.youtube.com/watch?v=Rp64vMj9GHc','https://i.ytimg.com/vi/Rp64vMj9GHc/mqdefault.jpg','2020-07-25 11:00:14','2021-05-30 02:54:54','2021-06-18 09:57:51',NULL,549920,NULL,'1987-04-08','テレビアニメ『シティーハンター』エンディングテーマ',NULL,NULL,0),('RqHZUWLxMdo','午後のパレード／スガシカオ（Cover）','午後のパレード','http://www.youtube.com/watch?v=RqHZUWLxMdo','http://i.ytimg.com/vi/RqHZUWLxMdo/0.jpg','2011-07-17 16:17:14','2014-05-09 09:59:22','2020-04-15 08:05:05','http://www.amazon.co.jp/gp/product/B000GIWACC/ref=as_li_qf_sp_asin_il_tl?ie=UTF8&camp=247&creative=1211&creativeASIN=B000GIWACC&linkCode=as2&tag=maehachi-22',374308,'','2006-09-06',NULL,'UCFDL0NuxUBAvvu1PnIwW2ww',NULL,0),('RRzUJ0oL9cc','EXCITE／三浦大知(Cover）','EXCITE','https://www.youtube.com/watch?v=RRzUJ0oL9cc','https://i.ytimg.com/vi/RRzUJ0oL9cc/mqdefault.jpg','2018-02-22 11:00:17','2019-03-17 06:30:01','2020-04-15 09:06:16',NULL,940123,NULL,'2017-01-18',NULL,'UCFDL0NuxUBAvvu1PnIwW2ww',NULL,0),('rS87DCftyao','今、咲き誇る花たちよ／コブクロ（Cover）','今、咲き誇る花たちよ','http://www.youtube.com/watch?v=rS87DCftyao','http://i.ytimg.com/vi/rS87DCftyao/0.jpg','2014-04-06 12:16:42','2014-05-09 09:59:21','2019-07-14 11:17:00','http://www.amazon.co.jp/gp/product/B00HM7JSWA/ref=as_li_qf_sp_asin_il_tl?ie=UTF8&camp=247&creative=1211&creativeASIN=B00HM7JSWA&linkCode=as2&tag=maehachi-22',2878547,'45506914','2014-02-19','','UCFDL0NuxUBAvvu1PnIwW2ww',NULL,0),('rWHbK8dq1gU','ひみつのアッコちゃん（Cover）','ひみつのアッコちゃん','http://www.youtube.com/watch?v=rWHbK8dq1gU','http://i.ytimg.com/vi/rWHbK8dq1gU/0.jpg','2010-07-20 16:29:04','2014-05-09 09:59:24','2019-07-14 11:17:00','http://www.amazon.co.jp/gp/product/B001OHOUWM/ref=as_li_qf_sp_asin_il_tl?ie=UTF8&camp=247&creative=1211&creativeASIN=B001OHOUWM&linkCode=as2&tag=maehachi-22',352419,'8331022',NULL,'','UCFDL0NuxUBAvvu1PnIwW2ww',NULL,0),('Rx2Pk1AE4Fg','流れ星／神田莉緒香（Original）','流れ星','http://www.youtube.com/watch?v=Rx2Pk1AE4Fg','http://i.ytimg.com/vi/Rx2Pk1AE4Fg/0.jpg','2010-07-28 09:06:44','2014-05-09 09:59:24','2019-07-14 11:17:00','',282871,'8478340',NULL,'','UCFDL0NuxUBAvvu1PnIwW2ww',NULL,0),('Rx7YsP6Re2s','SLY／RIP SLYME（Cover）','SLY','http://www.youtube.com/watch?v=Rx7YsP6Re2s','http://i.ytimg.com/vi/Rx7YsP6Re2s/0.jpg','2014-08-04 10:08:38','2014-08-05 15:30:05','2020-04-15 08:05:35','http://www.amazon.co.jp/gp/product/B00FJWBW2Y/ref=as_li_qf_sp_asin_il_tl?ie=UTF8&camp=247&creative=1211&creativeASIN=B00FJWBW2Y&linkCode=as2&tag=maehachi-22',599202,'50262668','2013-11-13','','UCFDL0NuxUBAvvu1PnIwW2ww',NULL,0),('rxbDuc0zhx4','ロマンスの神様／広瀬香美(Cover)','ロマンスの神様','http://www.youtube.com/watch?v=rxbDuc0zhx4','http://i.ytimg.com/vi/rxbDuc0zhx4/0.jpg','2011-01-18 01:47:20','2014-05-09 09:59:23','2019-07-14 11:17:00','http://www.amazon.co.jp/gp/product/B005OMBN8M/ref=as_li_qf_sp_asin_il_tl?ie=UTF8&camp=247&creative=1211&creativeASIN=B005OMBN8M&linkCode=as2&tag=maehachi-22',2463781,'12027283','1993-12-01','','UCFDL0NuxUBAvvu1PnIwW2ww',NULL,0),('RXTCaIroztk','胸騒ぎナビゲーション／Goose house (Play.Goose # May 2019 ver.)','胸騒ぎナビゲーション','https://www.youtube.com/watch?v=RXTCaIroztk','https://i.ytimg.com/vi/RXTCaIroztk/mqdefault.jpg','2019-06-21 09:00:01','2019-07-13 14:42:08','2020-04-15 09:04:44',NULL,155267,NULL,'2012-05-23',NULL,'UCx66obAJ42B0XwHIm_iupkw',NULL,0),('s_8NZ8rn_Us','Play You. House 2nd 10/16 01','Play You. House 2nd 10/16 01','http://www.youtube.com/watch?v=s_8NZ8rn_Us','http://i.ytimg.com/vi/s_8NZ8rn_Us/0.jpg','2010-10-20 06:42:17','2014-05-09 09:59:23','2020-04-14 18:04:53','http://www.amazon.co.jp/gp/product/B000K2UDKA/ref=as_li_qf_sp_asin_il_tl?ie=UTF8&camp=247&creative=1211&creativeASIN=B000K2UDKA&linkCode=as2&tag=maehachi-22',78441,'10235778','1996-06-21','イージュー★ライダー／奥田民生（Cover）','UCFDL0NuxUBAvvu1PnIwW2ww',NULL,0),('s_u0o3uczEc','眠り姫／SEKAI NO OWARI（Cover）','眠り姫','http://www.youtube.com/watch?v=s_u0o3uczEc','http://i.ytimg.com/vi/s_u0o3uczEc/0.jpg','2014-11-02 10:02:34','2014-12-11 12:13:11','2020-04-15 09:05:36','http://www.amazon.co.jp/gp/product/B0086ROM4E/ref=as_li_qf_sp_asin_il_tl?ie=UTF8&camp=247&creative=1211&creativeASIN=B0086ROM4E&linkCode=as2&tag=maehachi-22',3552952,'54137147','2012-05-30','','UCFDL0NuxUBAvvu1PnIwW2ww',NULL,0),('S-KlAPV-LXM','紅蓮華／LiSA（Cover）','紅蓮華','https://www.youtube.com/watch?v=S-KlAPV-LXM','https://i.ytimg.com/vi/S-KlAPV-LXM/mqdefault.jpg','2019-12-26 13:41:41','2021-05-30 02:54:58','2021-06-06 00:51:49',NULL,1275521,NULL,'2019-07-03','テレビアニメ『鬼滅の刃』オープニングテーマ',NULL,'w2VIMvIPMtk',0),('S1aBMas4Jnw','魔法って言っていいかな？／平井堅（Cover）','魔法って言っていいかな？','https://www.youtube.com/watch?v=S1aBMas4Jnw','https://i.ytimg.com/vi/S1aBMas4Jnw/mqdefault.jpg','2016-07-25 10:16:46','2016-08-03 10:47:35','2020-04-15 09:05:57','https://www.amazon.co.jp/gp/product/B01FCDQWLU/ref=as_li_qf_sp_asin_il_tl?ie=UTF8&camp=247&creative=1211&creativeASIN=B01FCDQWLU&linkCode=as2&tag=maehachi-22',1001482,'88888564','2016-06-22','パナソニック「LUMIX TZ85」CMソング','UCFDL0NuxUBAvvu1PnIwW2ww',NULL,0),('s5WnkWu-_HE','Play You. House 2nd 10/16 05','Play You. House 2nd 10/16 05','http://www.youtube.com/watch?v=s5WnkWu-_HE','http://i.ytimg.com/vi/s5WnkWu-_HE/0.jpg','2010-10-20 06:58:18','2014-05-09 09:59:23','2020-04-14 18:04:53','http://www.amazon.co.jp/gp/product/B00005FJWK/ref=as_li_qf_sp_asin_il_tl?ie=UTF8&camp=247&creative=1211&creativeASIN=B00005FJWK&linkCode=as2&tag=maehachi-22',48747,'10235778','1998-11-11','僕はここにいる／山崎まさよし（Cover）','UCFDL0NuxUBAvvu1PnIwW2ww',NULL,0),('s6CLngcj6Z8','Dear my friend／Goose house（Original）','Dear my friend','http://www.youtube.com/watch?v=s6CLngcj6Z8','http://i.ytimg.com/vi/s6CLngcj6Z8/0.jpg','2012-11-04 09:26:53','2014-05-09 09:59:21','2020-04-15 09:05:15','http://www.amazon.co.jp/gp/product/B00979RKKI/ref=as_li_qf_sp_asin_il_tl?ie=UTF8&camp=247&creative=1211&creativeASIN=B00979RKKI&linkCode=as2&tag=maehachi-22',1044716,'26463350','2012-10-24','','UCFDL0NuxUBAvvu1PnIwW2ww',NULL,0),('s8j5R4i3kq0','Goosehouse open!','Goosehouse open!','http://www.youtube.com/watch?v=s8j5R4i3kq0','http://i.ytimg.com/vi/s8j5R4i3kq0/0.jpg','2011-04-01 14:31:54','2014-05-09 09:59:22','2019-07-14 11:17:00','',237085,'',NULL,NULL,'UCFDL0NuxUBAvvu1PnIwW2ww',NULL,0),('S9olG0marBg','Progress／スガ シカオ（Cover）','Progress','https://www.youtube.com/watch?v=S9olG0marBg','https://i.ytimg.com/vi/S9olG0marBg/mqdefault.jpg','2016-04-17 10:45:34','2016-04-18 11:41:02','2019-07-14 11:17:00','http://www.amazon.co.jp/gp/product/B000GEIQN8/ref=as_li_qf_sp_asin_il_tl?ie=UTF8&camp=247&creative=1211&creativeASIN=B000GEIQN8&linkCode=as2&tag=maehachi-22',936495,'84909661','2006-08-02','『プロフェッショナル 仕事の流儀』のために結成されたバンド、kōkuaの唯一のシングル作品','UCFDL0NuxUBAvvu1PnIwW2ww',NULL,0),('sbGzz8BfBu4','あなたと私にできる事／安藤裕子（Cover）','あなたと私にできる事','http://www.youtube.com/watch?v=sbGzz8BfBu4','http://i.ytimg.com/vi/sbGzz8BfBu4/0.jpg','2010-10-20 06:48:00','2014-05-09 09:59:23','2020-04-14 19:04:53','http://www.amazon.co.jp/gp/product/B000BW80JA/ref=as_li_qf_sp_asin_il_tl?ie=UTF8&camp=247&creative=1211&creativeASIN=B000BW80JA&linkCode=as2&tag=maehachi-22',144812,'10235778','2005-04-27','','UCFDL0NuxUBAvvu1PnIwW2ww',NULL,0),('se36IdE1_Nw','にんげんっていいな（Cover）','にんげんっていいな','http://www.youtube.com/watch?v=se36IdE1_Nw','http://i.ytimg.com/vi/se36IdE1_Nw/0.jpg','2010-08-17 05:03:01','2014-05-09 09:59:23','2019-07-14 11:17:00','http://www.amazon.co.jp/gp/product/B00005EMZA/ref=as_li_qf_sp_asin_il_tl?ie=UTF8&camp=247&creative=1211&creativeASIN=B00005EMZA&linkCode=as2&tag=maehachi-22',1191114,'8919226','1995-02-21','リリース日は『日本コロムビア：まんが日本昔ばなしのお話CD（6話入り×5巻）』','UCFDL0NuxUBAvvu1PnIwW2ww',NULL,0),('SH-93gq7Q00','Rehearsal #01 Destiny','Rehearsal #01 Destiny','https://www.youtube.com/watch?v=SH-93gq7Q00','https://i.ytimg.com/vi/SH-93gq7Q00/mqdefault.jpg','2017-07-17 07:38:34','2017-07-23 12:24:23','2020-04-15 09:06:07','https://www.amazon.co.jp/gp/product/B071NV3MCN/ref=as_li_qf_sp_asin_il_tl?ie=UTF8&tag=maehachi-22&camp=247&creative=1211&linkCode=as2&creativeASIN=B071NV3MCN&linkId=b83a6a85b94f363b28a06a32240d3b23',221107,'106102539','2017-05-10','TBS系金曜ドラマ『リバース』主題歌','UCFDL0NuxUBAvvu1PnIwW2ww',NULL,0),('sh7GDuFVqfo','Sing Out！／乃木坂46（Cover）','Sing Out！','https://www.youtube.com/watch?v=sh7GDuFVqfo','https://i.ytimg.com/vi/sh7GDuFVqfo/mqdefault.jpg','2019-12-31 09:00:18','2021-05-30 02:54:57','2021-06-06 01:06:35',NULL,406626,NULL,'2019-05-29',NULL,NULL,'gH7jI3g7obA',0),('sMCXMH8VAE4','部屋とYシャツと私／平松愛理（Cover）','部屋とYシャツと私','http://www.youtube.com/watch?v=sMCXMH8VAE4','http://i.ytimg.com/vi/sMCXMH8VAE4/0.jpg','2012-01-22 12:00:08','2014-05-09 09:59:22','2019-07-14 11:17:00','http://www.amazon.co.jp/gp/product/B007QYDNRU/ref=as_li_qf_sp_asin_il_tl?ie=UTF8&camp=247&creative=1211&creativeASIN=B007QYDNRU&linkCode=as2&tag=maehachi-22',1050021,'19904672','1992-03-21','','UCFDL0NuxUBAvvu1PnIwW2ww',NULL,0),('smDIBN_8KY8','海の声／浦島太郎（桐谷健太）(Cover）','海の声','https://www.youtube.com/watch?v=smDIBN_8KY8','https://i.ytimg.com/vi/smDIBN_8KY8/mqdefault.jpg','2016-05-22 09:57:01','2016-05-23 13:25:33','2019-07-14 11:17:00','',962799,'85967694','2015-07-31','auのテレビCM「三太郎シリーズ」オリジナルソング','UCFDL0NuxUBAvvu1PnIwW2ww',NULL,0),('SMVY1cm3eV8','3090～愛のうた～／LGMonkees（Cover）','3090～愛のうた～','http://www.youtube.com/watch?v=SMVY1cm3eV8','http://i.ytimg.com/vi/SMVY1cm3eV8/0.jpg','2012-02-24 16:28:55','2014-05-09 09:59:22','2019-07-14 11:17:00','http://www.amazon.co.jp/gp/product/B005J7CU8E/ref=as_li_qf_sp_asin_il_tl?ie=UTF8&camp=247&creative=1211&creativeASIN=B005J7CU8E&linkCode=as2&tag=maehachi-22',985932,'20525627','2011-10-26','','UCFDL0NuxUBAvvu1PnIwW2ww',NULL,0),('Sn-Bj7wwAak','痛いよ／清 竜人（Cover）','痛いよ','http://www.youtube.com/watch?v=Sn-Bj7wwAak','http://i.ytimg.com/vi/Sn-Bj7wwAak/0.jpg','2013-07-10 11:22:13','2014-05-09 09:59:21','2020-04-15 09:05:26','http://www.amazon.co.jp/gp/product/B002WL1ZK4/ref=as_li_qf_sp_asin_il_tl?ie=UTF8&camp=247&creative=1211&creativeASIN=B002WL1ZK4&linkCode=as2&tag=maehachi-22',855047,'35114691','2010-01-20','','UCFDL0NuxUBAvvu1PnIwW2ww',NULL,0),('SnXkhkEvNIM','光るなら／Goose house','光るなら','http://www.youtube.com/watch?v=SnXkhkEvNIM','http://i.ytimg.com/vi/SnXkhkEvNIM/0.jpg','2014-11-02 10:04:41','2014-12-11 12:13:11','2020-04-15 09:05:36','http://www.amazon.co.jp/gp/product/B00NLLNGT2/ref=as_li_qf_sp_asin_il_tl?ie=UTF8&camp=247&creative=1211&creativeASIN=B00NLLNGT2&linkCode=as2&tag=maehachi-22',42490795,'54137147','2014-11-19','','UCFDL0NuxUBAvvu1PnIwW2ww',NULL,0),('SO3JcsLYqAE','10.24リリース Goosehouse #04 Beautiful Life  『Beautiful Life』','10.24リリース','http://www.youtube.com/watch?v=SO3JcsLYqAE','http://i.ytimg.com/vi/SO3JcsLYqAE/0.jpg','2012-09-22 12:54:57','2014-05-09 09:59:22','2020-04-15 09:05:15','http://www.amazon.co.jp/gp/product/B00979RKKI/ref=as_li_qf_sp_asin_il_tl?ie=UTF8&camp=247&creative=1211&creativeASIN=B00979RKKI&linkCode=as2&tag=maehachi-22',105248,'','2012-10-24',NULL,'UCFDL0NuxUBAvvu1PnIwW2ww',NULL,0),('sOzMZUux6Hw','Rehearsal #02 TT -Japanese ver.','Rehearsal #02 TT -Japanese ver.','https://www.youtube.com/watch?v=sOzMZUux6Hw','https://i.ytimg.com/vi/sOzMZUux6Hw/mqdefault.jpg','2017-08-12 10:56:28','2017-09-14 15:24:55','2020-04-15 08:06:05','https://www.amazon.co.jp/gp/product/B06WRTZJNL/ref=as_li_qf_sp_asin_il_tl?ie=UTF8&tag=maehachi-22&camp=247&creative=1211&linkCode=as2&creativeASIN=B06WRTZJNL&linkId=beb8bf63e22243cf8044b02eb8d00ffa',264599,'107046239','2017-06-28','','UCFDL0NuxUBAvvu1PnIwW2ww',NULL,0),('Sr0lC5rWz9U','サヨナラじゃない／FUNKY MONKEY BABYS（Cover）','サヨナラじゃない','http://www.youtube.com/watch?v=Sr0lC5rWz9U','http://i.ytimg.com/vi/Sr0lC5rWz9U/0.jpg','2013-02-26 11:01:41','2014-05-09 09:59:21','2019-07-14 11:17:00','http://www.amazon.co.jp/gp/product/B0090S4AC2/ref=as_li_qf_sp_asin_il_tl?ie=UTF8&camp=247&creative=1211&creativeASIN=B0090S4AC2&linkCode=as2&tag=maehachi-22',618861,'29325660','2012-11-21','','UCFDL0NuxUBAvvu1PnIwW2ww',NULL,0),('sTiE3jNzXYs','ノンフィクション／平井堅（Cover）','ノンフィクション','https://www.youtube.com/watch?v=sTiE3jNzXYs','https://i.ytimg.com/vi/sTiE3jNzXYs/mqdefault.jpg','2017-07-14 11:13:48','2017-07-23 12:24:23','2020-04-15 09:06:07','',3410871,'104856250','2017-06-07','TBS系日曜劇場 『小さな巨人』主題歌','UCFDL0NuxUBAvvu1PnIwW2ww',NULL,0),('StMYs21OhCE','絵本「猫のプシュケ」Goosehouse','絵本「猫のプシュケ」Goosehouse','http://www.youtube.com/watch?v=StMYs21OhCE','http://i.ytimg.com/vi/StMYs21OhCE/0.jpg','2013-05-08 10:22:27','2014-05-09 09:59:21','2019-10-29 13:05:23','http://www.amazon.co.jp/gp/product/4864721491/ref=as_li_qf_sp_asin_il_tl?ie=UTF8&camp=247&creative=1211&creativeASIN=4864721491&linkCode=as2&tag=maehachi-22',269232,'','2012-05-23',NULL,'UCFDL0NuxUBAvvu1PnIwW2ww',NULL,0),('suIwWlyeEC4','いとしすぎてduet with Tiara／KG（Cover）','いとしすぎてduet with Tiara','http://www.youtube.com/watch?v=suIwWlyeEC4','http://i.ytimg.com/vi/suIwWlyeEC4/0.jpg','2012-08-19 10:21:00','2014-05-09 09:59:22','2020-04-15 09:05:15','http://www.amazon.co.jp/gp/product/B0030AHC44/ref=as_li_qf_sp_asin_il_tl?ie=UTF8&camp=247&creative=1211&creativeASIN=B0030AHC44&linkCode=as2&tag=maehachi-22',3900483,'24624356','2010-02-03','','UCFDL0NuxUBAvvu1PnIwW2ww',NULL,0),('suTEAtURsag','一休さん／水曜日のカンパネラ（Cover）','一休さん','https://www.youtube.com/watch?v=suTEAtURsag','https://i.ytimg.com/vi/suTEAtURsag/mqdefault.jpg','2017-03-17 12:24:22','2017-03-19 14:41:54','2019-07-14 11:17:00','https://www.amazon.co.jp/gp/product/B01N6E3F4K/ref=as_li_qf_sp_asin_il_tl?ie=UTF8&tag=maehachi-22&camp=247&creative=1211&linkCode=as2&creativeASIN=B01N6E3F4K&linkId=bc8a3a9ee17f3a356983f800c70c2e14',311075,'100383207','2017-02-08','','UCFDL0NuxUBAvvu1PnIwW2ww',NULL,0),('svEYFvGOF3U','スターラブレイション／ケラケラ（Cover）','スターラブレイション','http://www.youtube.com/watch?v=svEYFvGOF3U','http://i.ytimg.com/vi/svEYFvGOF3U/0.jpg','2013-08-02 10:31:16','2014-05-09 09:59:21','2020-04-15 09:05:26','http://www.amazon.co.jp/gp/product/B00EL9X35A/ref=as_li_qf_sp_asin_il_tl?ie=UTF8&camp=247&creative=1211&creativeASIN=B00EL9X35A&linkCode=as2&tag=maehachi-22',10300899,'36103009','2013-05-15','','UCFDL0NuxUBAvvu1PnIwW2ww',NULL,0),('sVMj0sMfA2c','shine／家入レオ（Cover）','shine','http://www.youtube.com/watch?v=sVMj0sMfA2c','http://i.ytimg.com/vi/sVMj0sMfA2c/0.jpg','2012-08-19 10:21:30','2014-05-09 09:59:22','2020-04-15 09:05:15','http://www.amazon.co.jp/gp/product/B00915EM8Q/ref=as_li_qf_sp_asin_il_tl?ie=UTF8&camp=247&creative=1211&creativeASIN=B00915EM8Q&linkCode=as2&tag=maehachi-22',736434,'24624356','2012-05-16','','UCFDL0NuxUBAvvu1PnIwW2ww',NULL,0),('sWvuAO_LHiw','タイム・トラベル／スピッツ（Cover）','タイム・トラベル','http://www.youtube.com/watch?v=sWvuAO_LHiw','http://i.ytimg.com/vi/sWvuAO_LHiw/0.jpg','2012-11-25 09:13:28','2014-05-09 09:59:21','2020-04-15 09:05:15','http://www.amazon.co.jp/gp/product/B006O2AH4M/ref=as_li_qf_sp_asin_il_tl?ie=UTF8&camp=247&creative=1211&creativeASIN=B006O2AH4M&linkCode=as2&tag=maehachi-22',352576,'27086759','2012-02-01','','UCFDL0NuxUBAvvu1PnIwW2ww',NULL,0),('sXVAN3thxME','ヒカリへ／miwa（Cover）','ヒカリへ','http://www.youtube.com/watch?v=sXVAN3thxME','http://i.ytimg.com/vi/sXVAN3thxME/0.jpg','2012-09-27 12:07:17','2014-05-09 09:59:21','2020-04-15 09:05:15','http://www.amazon.co.jp/gp/product/B00C6E3JA6/ref=as_li_qf_sp_asin_il_tl?ie=UTF8&camp=247&creative=1211&creativeASIN=B00C6E3JA6&linkCode=as2&tag=maehachi-22',3715279,'25604039','2012-08-15','','UCFDL0NuxUBAvvu1PnIwW2ww',NULL,0),('SYXmdZ60LQY','ともに／WANIMA（Cover）','ともに','https://www.youtube.com/watch?v=SYXmdZ60LQY','https://i.ytimg.com/vi/SYXmdZ60LQY/mqdefault.jpg','2016-11-20 11:28:04','2016-11-24 10:26:16','2020-04-15 09:05:56','https://www.amazon.co.jp/gp/product/B01H2DUEEE/ref=as_li_qf_sp_asin_il_tl?ie=UTF8&camp=247&creative=1211&creativeASIN=B01H2DUEEE&linkCode=as2&tag=maehachi-22',2547865,'92517041','2016-08-03','','UCFDL0NuxUBAvvu1PnIwW2ww',NULL,0),('T_N8CR6PSrI','Play.Goose #2 (20181222)','Play.Goose #2 (20181222)','https://www.youtube.com/watch?v=T_N8CR6PSrI','https://i.ytimg.com/vi/T_N8CR6PSrI/mqdefault.jpg','2019-01-03 08:10:50','2019-07-13 14:42:09','2020-04-15 09:04:44',NULL,201184,NULL,NULL,NULL,'UCx66obAJ42B0XwHIm_iupkw',NULL,1),('T0nV-8iSAw0','Joy To The World – Play.Goose','Joy To The World – Play.Goose','https://www.youtube.com/watch?v=T0nV-8iSAw0','https://i.ytimg.com/vi/T0nV-8iSAw0/mqdefault.jpg','2020-12-25 13:26:11','2021-05-30 02:54:51','2021-05-30 02:54:51',NULL,21873,NULL,NULL,NULL,NULL,NULL,0),('t1QnsduCdI0','スミレ／秦基博（ Cover）','スミレ','https://www.youtube.com/watch?v=t1QnsduCdI0','https://i.ytimg.com/vi/t1QnsduCdI0/mqdefault.jpg','2016-04-17 11:45:11','2016-04-18 11:41:02','2019-07-14 11:17:00','http://www.amazon.co.jp/gp/product/B01AWPJHY2/ref=as_li_qf_sp_asin_il_tl?ie=UTF8&camp=247&creative=1211&creativeASIN=B01AWPJHY2&linkCode=as2&tag=maehachi-22',580421,'84909661','2016-02-24','テレビ朝日系金曜ナイトドラマ『スミカスミレ 45歳若返った女』主題歌','UCFDL0NuxUBAvvu1PnIwW2ww',NULL,0),('t5m--7k60lE','Everything／MISIA（Cover）','Everything','http://www.youtube.com/watch?v=t5m--7k60lE','http://i.ytimg.com/vi/t5m--7k60lE/0.jpg','2011-01-18 01:59:39','2014-05-09 09:59:23','2019-07-14 11:17:00','http://www.amazon.co.jp/gp/product/B00005HXEY/ref=as_li_qf_sp_asin_il_tl?ie=UTF8&camp=247&creative=1211&creativeASIN=B00005HXEY&linkCode=as2&tag=maehachi-22',829097,'12027283','2000-10-25','','UCFDL0NuxUBAvvu1PnIwW2ww',NULL,0),('taLrAdk1rKM','遠く遠く ／槇原敬之（Cover)','遠く遠く ','http://www.youtube.com/watch?v=taLrAdk1rKM','http://i.ytimg.com/vi/taLrAdk1rKM/0.jpg','2014-04-06 12:20:06','2014-05-09 09:59:21','2019-07-14 11:17:00','http://www.amazon.co.jp/gp/product/B00B9DAH7S/ref=as_li_qf_sp_asin_il_tl?ie=UTF8&camp=247&creative=1211&creativeASIN=B00B9DAH7S&linkCode=as2&tag=maehachi-22',5127236,'45506914','1992-06-25','','UCFDL0NuxUBAvvu1PnIwW2ww',NULL,0),('TD-fhGL0Bzk','if／フレンチ・キス（Cover）','if','http://www.youtube.com/watch?v=TD-fhGL0Bzk','http://i.ytimg.com/vi/TD-fhGL0Bzk/0.jpg','2011-03-25 12:58:54','2014-05-09 09:59:23','2019-07-14 11:17:00','http://www.amazon.co.jp/gp/product/B004D9GCKQ/ref=as_li_qf_sp_asin_il_tl?ie=UTF8&camp=247&creative=1211&creativeASIN=B004D9GCKQ&linkCode=as2&tag=maehachi-22',358913,'','2011-01-19',NULL,'UCFDL0NuxUBAvvu1PnIwW2ww',NULL,0),('TDu7CcYxA9g','Play You. House 4時間スペシャル!!!','Play You. House 4時間スペシャル!!!','https://www.youtube.com/watch?v=TDu7CcYxA9g','https://i.ytimg.com/vi/TDu7CcYxA9g/mqdefault.jpg','2010-08-06 03:29:28','2015-11-26 10:51:07','2019-07-14 11:17:00','',191201,'','2010-08-06','4時間スペシャルの告知','UCFDL0NuxUBAvvu1PnIwW2ww',NULL,0),('tF4s6l_3o7M','Butterfly／木村カエラ（Cover）','Butterfly','http://www.youtube.com/watch?v=tF4s6l_3o7M','http://i.ytimg.com/vi/tF4s6l_3o7M/0.jpg','2010-11-16 04:38:19','2014-05-09 09:59:23','2020-04-15 09:04:54','http://www.amazon.co.jp/gp/product/B00267CI64/ref=as_li_qf_sp_asin_il_tl?ie=UTF8&camp=247&creative=1211&creativeASIN=B00267CI64&linkCode=as2&tag=maehachi-22',1397535,'10826515','2009-06-01','','UCFDL0NuxUBAvvu1PnIwW2ww',NULL,0),('tfIHfI4Pgec','不協和音／欅坂46（Cover）','不協和音','https://www.youtube.com/watch?v=tfIHfI4Pgec','https://i.ytimg.com/vi/tfIHfI4Pgec/mqdefault.jpg','2020-08-21 11:00:10','2021-05-30 02:54:54','2021-06-18 10:41:49',NULL,148915,NULL,'2017-04-05',NULL,NULL,'ch-hn0rMkWc',0),('TfShgYAT8W8','Goosehouseからのお誘いLIVE','Goosehouseからのお誘いLIVE','http://www.youtube.com/watch?v=TfShgYAT8W8','http://i.ytimg.com/vi/TfShgYAT8W8/0.jpg','2014-04-07 14:27:11','2014-05-09 09:59:21','2019-07-14 11:17:00','',827273,'',NULL,NULL,'UCFDL0NuxUBAvvu1PnIwW2ww',NULL,0),('tGwtNyEbvVs','楓／スピッツ（Cover）','楓','http://www.youtube.com/watch?v=tGwtNyEbvVs','http://i.ytimg.com/vi/tGwtNyEbvVs/0.jpg','2010-07-01 11:03:38','2014-05-09 09:59:24','2019-07-14 11:17:00','http://www.amazon.co.jp/gp/product/B00006HBF5/ref=as_li_qf_sp_asin_il_tl?ie=UTF8&camp=247&creative=1211&creativeASIN=B00006HBF5&linkCode=as2&tag=maehachi-22',1397040,'7907718','1998-07-07','','UCFDL0NuxUBAvvu1PnIwW2ww',NULL,0),('tJEBPb3EfUQ','TT -Japanese ver.-／TWICE（Cover）','TT -Japanese ver.-','https://www.youtube.com/watch?v=tJEBPb3EfUQ','https://i.ytimg.com/vi/tJEBPb3EfUQ/mqdefault.jpg','2017-09-11 10:09:26','2017-09-14 15:24:55','2020-04-15 09:06:07','https://www.amazon.co.jp/gp/product/B06WRTZJNL/ref=as_li_qf_sp_asin_il_tl?ie=UTF8&tag=maehachi-22&camp=247&creative=1211&linkCode=as2&creativeASIN=B06WRTZJNL&linkId=beb8bf63e22243cf8044b02eb8d00ffa',3035091,'107046239','2017-06-28','','UCFDL0NuxUBAvvu1PnIwW2ww',NULL,0),('tjSS4XIJg_M','トリセツ／西野カナ（Cover）','トリセツ','https://www.youtube.com/watch?v=tjSS4XIJg_M','https://i.ytimg.com/vi/tjSS4XIJg_M/mqdefault.jpg','2015-11-21 07:54:42','2015-11-21 08:16:44','2020-04-15 09:05:46','http://www.amazon.co.jp/gp/product/B0141FUAXG/ref=as_li_qf_sp_asin_il_tl?ie=UTF8&camp=247&creative=1211&creativeASIN=B0141FUAXG&linkCode=as2&tag=maehachi-22',2109735,'76692236','2015-09-09','','UCFDL0NuxUBAvvu1PnIwW2ww',NULL,0),('tk5VR35WEeU','おかえり／絢香（Cover）','おかえり','http://www.youtube.com/watch?v=tk5VR35WEeU','http://i.ytimg.com/vi/tk5VR35WEeU/0.jpg','2014-11-22 08:41:50','2014-12-11 12:13:11','2020-04-15 08:05:35','http://www.amazon.co.jp/gp/product/B002J95190/ref=as_li_qf_sp_asin_il_tl?ie=UTF8&camp=247&creative=1211&creativeASIN=B002J95190&linkCode=as2&tag=maehachi-22',909111,'55444987','2008-05-14','','UCFDL0NuxUBAvvu1PnIwW2ww',NULL,0),('TkgrbHVUkpc','炎 / LiSA (Cover) 【劇場版 「鬼滅の刃」 無限列車編 主題歌】','炎','https://www.youtube.com/watch?v=TkgrbHVUkpc','https://i.ytimg.com/vi/TkgrbHVUkpc/mqdefault.jpg','2020-12-05 11:30:14','2021-05-30 02:54:51','2021-06-10 14:35:09',NULL,832476,NULL,'2020-10-14','映画『劇場版 鬼滅の刃 無限列車編』主題歌',NULL,NULL,0),('tMqCj2pDOEY','この涙を知らない／片平里菜feat. 齊藤ジョニー','この涙を知らない','https://www.youtube.com/watch?v=tMqCj2pDOEY','https://i.ytimg.com/vi/tMqCj2pDOEY/mqdefault.jpg','2016-01-31 09:29:46','2016-02-01 14:30:59','2019-07-14 11:17:00','http://www.amazon.co.jp/gp/product/B0191ECJZE/ref=as_li_qf_sp_asin_il_tl?ie=UTF8&camp=247&creative=1211&creativeASIN=B0191ECJZE&linkCode=as2&tag=maehachi-22',265304,'','2016-01-13','','UCFDL0NuxUBAvvu1PnIwW2ww',NULL,0),('TohhjiAkmZ8','女々しくて／ゴールデンボンバー（Cover）','女々しくて','http://www.youtube.com/watch?v=TohhjiAkmZ8','http://i.ytimg.com/vi/TohhjiAkmZ8/0.jpg','2014-02-06 10:11:30','2014-05-09 09:59:21','2019-07-14 11:17:00','http://www.amazon.co.jp/gp/product/B002PL9MWY/ref=as_li_qf_sp_asin_il_tl?ie=UTF8&camp=247&creative=1211&creativeASIN=B002PL9MWY&linkCode=as2&tag=maehachi-22',1890333,'43068972','2009-10-21','','UCFDL0NuxUBAvvu1PnIwW2ww',NULL,0),('tOQ7a7HiHCY','ごめんなさいのKissing You／ E-girls （Cover）','ごめんなさいのKissing You','http://www.youtube.com/watch?v=tOQ7a7HiHCY','http://i.ytimg.com/vi/tOQ7a7HiHCY/0.jpg','2014-04-06 12:18:15','2014-05-09 09:59:21','2019-07-14 11:17:00','http://www.amazon.co.jp/gp/product/B00EDI8BNI/ref=as_li_qf_sp_asin_il_tl?ie=UTF8&camp=247&creative=1211&creativeASIN=B00EDI8BNI&linkCode=as2&tag=maehachi-22',2057485,'45506914','2013-10-02','','UCFDL0NuxUBAvvu1PnIwW2ww',NULL,0),('tpO0ATpYRw8','Sky／Goosehouse（original）','Sky','http://www.youtube.com/watch?v=tpO0ATpYRw8','http://i.ytimg.com/vi/tpO0ATpYRw8/0.jpg','2012-02-25 14:41:03','2014-05-09 09:59:22','2019-07-14 11:17:00','http://www.amazon.co.jp/gp/product/B005TE156U/ref=as_li_qf_sp_asin_il_tl?ie=UTF8&camp=247&creative=1211&creativeASIN=B005TE156U&linkCode=as2&tag=maehachi-22',368295,'20525627','2011-11-13','','UCFDL0NuxUBAvvu1PnIwW2ww',NULL,0),('TrFJCmopAEk','香水／瑛人（Cover）','香水','https://www.youtube.com/watch?v=TrFJCmopAEk','https://i.ytimg.com/vi/TrFJCmopAEk/mqdefault.jpg','2020-08-01 11:00:13','2021-05-30 02:54:54','2021-06-16 14:58:54',NULL,859523,NULL,'2019-04-21',NULL,NULL,'MEAj4qTAoiM',0),('ts_otOMkKkI','願い／sumika （Cover）','願い','https://www.youtube.com/watch?v=ts_otOMkKkI','https://i.ytimg.com/vi/ts_otOMkKkI/mqdefault.jpg','2020-01-31 09:00:12','2021-05-30 02:54:57','2021-06-19 00:41:38',NULL,131721,NULL,'2019-12-11','テレビ朝日系土曜ナイトドラマ『おっさんずラブ-in the sky-』主題歌',NULL,'w2VIMvIPMtk',0),('TsKs0oGhTWo','紅蓮の弓矢／Linked Horizon（Cover）','紅蓮の弓矢','http://www.youtube.com/watch?v=TsKs0oGhTWo','http://i.ytimg.com/vi/TsKs0oGhTWo/0.jpg','2013-11-04 09:02:04','2014-05-09 09:59:21','2020-04-15 09:05:25','http://www.amazon.co.jp/gp/product/B00C96W1D2/ref=as_li_qf_sp_asin_il_tl?ie=UTF8&camp=247&creative=1211&creativeASIN=B00C96W1D2&linkCode=as2&tag=maehachi-22',7576628,'39978673','2013-07-10','','UCFDL0NuxUBAvvu1PnIwW2ww',NULL,0),('TtA6kpvVqOU','Goosehouse #04 Beautiful Life 告知','Goosehouse #04 Beautiful Life 告知','http://www.youtube.com/watch?v=TtA6kpvVqOU','http://i.ytimg.com/vi/TtA6kpvVqOU/0.jpg','2012-09-10 10:18:47','2014-05-09 09:59:22','2020-04-15 07:05:15','http://www.amazon.co.jp/gp/product/B00979RKKI/ref=as_li_qf_sp_asin_il_tl?ie=UTF8&camp=247&creative=1211&creativeASIN=B00979RKKI&linkCode=as2&tag=maehachi-22',512002,'','2012-10-24',NULL,'UCFDL0NuxUBAvvu1PnIwW2ww',NULL,0),('ttWlPvrIQZk','LOVEマシーン／モーニング娘。（Cover）','LOVEマシーン','http://www.youtube.com/watch?v=ttWlPvrIQZk','http://i.ytimg.com/vi/ttWlPvrIQZk/0.jpg','2013-11-27 12:20:02','2014-05-09 09:59:21','2020-04-15 09:05:25','http://www.amazon.co.jp/gp/product/B00005G3R9/ref=as_li_qf_sp_asin_il_tl?ie=UTF8&camp=247&creative=1211&creativeASIN=B00005G3R9&linkCode=as2&tag=maehachi-22',2925370,'40817131','1999-09-09','','UCFDL0NuxUBAvvu1PnIwW2ww',NULL,0),('Tv5WMoPDUwo','世界はそれを愛と呼ぶんだぜ／サンボマスター（Cover）','世界はそれを愛と呼ぶんだぜ','http://www.youtube.com/watch?v=Tv5WMoPDUwo','http://i.ytimg.com/vi/Tv5WMoPDUwo/0.jpg','2010-08-09 02:44:12','2014-06-20 17:50:34','2019-07-14 11:17:00','http://www.amazon.co.jp/gp/product/B004KBHBNY/ref=as_li_qf_sp_asin_il_tl?ie=UTF8&camp=247&creative=1211&creativeASIN=B004KBHBNY&linkCode=as2&tag=maehachi-22',1198331,'8772569','2005-08-03','','UCFDL0NuxUBAvvu1PnIwW2ww',NULL,0),('twb8cB9dRHU','Spring of Life／Perfume（Cover）','Spring of Life','http://www.youtube.com/watch?v=twb8cB9dRHU','http://i.ytimg.com/vi/twb8cB9dRHU/0.jpg','2012-06-01 13:49:16','2014-05-09 09:59:22','2020-03-03 11:05:16','http://www.amazon.co.jp/gp/product/B007IE7310/ref=as_li_qf_sp_asin_il_tl?ie=UTF8&camp=247&creative=1211&creativeASIN=B007IE7310&linkCode=as2&tag=maehachi-22',1396121,'22862395','2012-04-11','','UCFDL0NuxUBAvvu1PnIwW2ww',NULL,0),('TWht6nrQuJw','Hello,my friend／松任谷由実（Cover）','Hello,my friend','https://www.youtube.com/watch?v=TWht6nrQuJw','https://i.ytimg.com/vi/TWht6nrQuJw/mqdefault.jpg','2017-09-13 10:27:19','2017-09-14 15:24:55','2020-04-15 09:06:07','https://www.amazon.co.jp/gp/product/B00005GMX7/ref=as_li_qf_sp_asin_il_tl?ie=UTF8&tag=maehachi-22&camp=247&creative=1211&linkCode=as2&creativeASIN=B00005GMX7&linkId=4ce44477ec096e5661ac6083d78ce1fc',463286,'107048315','1994-07-27','フジテレビ系月9ドラマ『君といた夏』主題歌','UCFDL0NuxUBAvvu1PnIwW2ww',NULL,0),('Txpv33zgC7Q','I Like／竹澤汀 feat.沙夜香','I Like','https://www.youtube.com/watch?v=Txpv33zgC7Q','https://i.ytimg.com/vi/Txpv33zgC7Q/mqdefault.jpg','2016-03-20 08:55:08','2016-03-20 16:35:25','2019-07-14 11:17:01','http://www.amazon.co.jp/gp/product/B01AAFYRBM/ref=as_li_qf_sp_asin_il_tl?ie=UTF8&camp=247&creative=1211&creativeASIN=B01AAFYRBM&linkCode=as2&tag=maehachi-22',244282,'83809890','2016-02-17','','UCFDL0NuxUBAvvu1PnIwW2ww',NULL,0),('TY_N-Z4XCl8','何度目の青空か？／乃木坂46（Cover）','何度目の青空か？','http://www.youtube.com/watch?v=TY_N-Z4XCl8','http://i.ytimg.com/vi/TY_N-Z4XCl8/0.jpg','2015-02-08 07:33:26','2015-02-09 00:09:43','2019-07-14 11:17:01','http://www.amazon.co.jp/gp/product/B00MH2OA0U/ref=as_li_qf_sp_asin_il_tl?ie=UTF8&camp=247&creative=1211&creativeASIN=B00MH2OA0U&linkCode=as2&tag=maehachi-22',1584004,'58273556','2014-10-08','','UCFDL0NuxUBAvvu1PnIwW2ww',NULL,0),('u-IBAElG6n0','ロビンソン／スピッツ（Cover）','ロビンソン','https://www.youtube.com/watch?v=u-IBAElG6n0','https://i.ytimg.com/vi/u-IBAElG6n0/mqdefault.jpg','2015-06-05 11:44:08','2015-06-27 08:53:36','2020-04-15 09:05:47','http://www.amazon.co.jp/gp/product/B000E6FT38/ref=as_li_qf_sp_asin_il_tl?ie=UTF8&camp=247&creative=1211&creativeASIN=B000E6FT38&linkCode=as2&tag=maehachi-22',3171932,'62588297','1995-04-05','','UCFDL0NuxUBAvvu1PnIwW2ww',NULL,0),('u1kvlgf-tTM','友達の唄／BUMP OF CHICKEN（Cover）','友達の唄','http://www.youtube.com/watch?v=u1kvlgf-tTM','http://i.ytimg.com/vi/u1kvlgf-tTM/0.jpg','2011-04-07 17:21:39','2014-05-09 09:59:22','2019-07-14 11:17:01','http://www.amazon.co.jp/gp/product/B004H4Y38K/ref=as_li_qf_sp_asin_il_tl?ie=UTF8&camp=247&creative=1211&creativeASIN=B004H4Y38K&linkCode=as2&tag=maehachi-22',681661,'','2011-02-23',NULL,'UCFDL0NuxUBAvvu1PnIwW2ww',NULL,0),('U2Sc19rRAl0','perfect sky／bonnie pink （Cover）','perfect sky','http://www.youtube.com/watch?v=U2Sc19rRAl0','http://i.ytimg.com/vi/U2Sc19rRAl0/0.jpg','2010-07-07 07:07:20','2014-05-09 09:59:24','2019-07-14 11:17:01','http://www.amazon.co.jp/gp/product/B000FPX14W/ref=as_li_qf_sp_asin_il_tl?ie=UTF8&camp=247&creative=1211&creativeASIN=B000FPX14W&linkCode=as2&tag=maehachi-22',804264,'8146089','2006-06-28','','UCFDL0NuxUBAvvu1PnIwW2ww',NULL,0),('u3gPNKinadw','貴方の恋人になりたいのです／阿部真央（Cover）','貴方の恋人になりたいのです','http://www.youtube.com/watch?v=u3gPNKinadw','http://i.ytimg.com/vi/u3gPNKinadw/0.jpg','2014-03-09 09:55:09','2014-05-09 09:59:21','2019-07-14 11:17:01','http://www.amazon.co.jp/gp/product/B002AD9W9K/ref=as_li_qf_sp_asin_il_tl?ie=UTF8&camp=247&creative=1211&creativeASIN=B002AD9W9K&linkCode=as2&tag=maehachi-22',1030313,'44107451','2009-08-05','','UCFDL0NuxUBAvvu1PnIwW2ww',NULL,0),('U6YDyXEpktM','Streaming live Play.Goose Fes 史上最長の予告編！生放送','Streaming live Play.Goose Fes 史上最長の予告編！生放送','https://www.youtube.com/watch?v=U6YDyXEpktM','https://i.ytimg.com/vi/U6YDyXEpktM/mqdefault.jpg','2020-03-22 12:13:05','2021-05-30 02:54:55','2021-05-30 02:54:55',NULL,53827,NULL,NULL,NULL,NULL,NULL,0),('UB1oZZ6aaAU','彩り／Mr.Children（Cover）','彩り','http://www.youtube.com/watch?v=UB1oZZ6aaAU','http://i.ytimg.com/vi/UB1oZZ6aaAU/0.jpg','2012-11-04 09:28:28','2014-05-09 09:59:21','2020-04-15 09:05:15','http://www.amazon.co.jp/gp/product/B000FQ5FF4/ref=as_li_qf_sp_asin_il_tl?ie=UTF8&camp=247&creative=1211&creativeASIN=B000FQ5FF4&linkCode=as2&tag=maehachi-22',2827935,'26463350','2007-03-14','','UCFDL0NuxUBAvvu1PnIwW2ww',NULL,0),('UBc4d0xMRDo','LOVE & LIFE／Goose house（ORIGINAL）','LOVE & LIFE','https://www.youtube.com/watch?v=UBc4d0xMRDo','https://i.ytimg.com/vi/UBc4d0xMRDo/mqdefault.jpg','2016-11-20 11:29:27','2016-11-24 10:26:16','2020-04-15 08:05:55','https://www.amazon.co.jp/gp/product/B017F4MUUG/ref=as_li_qf_sp_asin_il_tl?ie=UTF8&camp=247&creative=1211&creativeASIN=B017F4MUUG&linkCode=as2&tag=maehachi-22',428233,'92517041','2015-12-09','','UCFDL0NuxUBAvvu1PnIwW2ww',NULL,0),('UCaBIYTPy3M','最高の仕打ち／片平里菜 feat.ワタナベシュウヘイ','最高の仕打ち','https://www.youtube.com/watch?v=UCaBIYTPy3M','https://i.ytimg.com/vi/UCaBIYTPy3M/mqdefault.jpg','2015-06-05 11:43:26','2015-06-27 08:53:36','2020-04-15 09:05:47','',482552,'62588297','2015-10-28','','UCFDL0NuxUBAvvu1PnIwW2ww',NULL,0),('UDK0GQmN8aI','初恋／村下孝蔵 （Cover）','初恋','http://www.youtube.com/watch?v=UDK0GQmN8aI','http://i.ytimg.com/vi/UDK0GQmN8aI/0.jpg','2010-10-20 06:54:16','2014-05-09 09:59:23','2020-04-15 09:04:54','http://www.amazon.co.jp/gp/product/B00AQ3EPB6/ref=as_li_qf_sp_asin_il_tl?ie=UTF8&camp=247&creative=1211&creativeASIN=B00AQ3EPB6&linkCode=as2&tag=maehachi-22',928233,'10235778','1983-02-25','','UCFDL0NuxUBAvvu1PnIwW2ww',NULL,0),('uH7xgGKEnz0','卒業／ZONE（Cover）','卒業','http://www.youtube.com/watch?v=uH7xgGKEnz0','http://i.ytimg.com/vi/uH7xgGKEnz0/0.jpg','2011-03-01 03:02:51','2014-05-09 09:59:23','2019-07-14 11:17:01','http://www.amazon.co.jp/gp/product/B0007X91C8/ref=as_li_qf_sp_asin_il_tl?ie=UTF8&camp=247&creative=1211&creativeASIN=B0007X91C8&linkCode=as2&tag=maehachi-22',529498,'12951725','2004-02-04','','UCFDL0NuxUBAvvu1PnIwW2ww',NULL,0),('UhCqdxsgc-M','じょいふる／いきものがかり（Cover）','じょいふる','http://www.youtube.com/watch?v=UhCqdxsgc-M','http://i.ytimg.com/vi/UhCqdxsgc-M/0.jpg','2011-02-15 02:36:09','2014-05-09 09:59:23','2019-07-14 11:17:01','http://www.amazon.co.jp/gp/product/B002IUBH0C/ref=as_li_qf_sp_asin_il_tl?ie=UTF8&camp=247&creative=1211&creativeASIN=B002IUBH0C&linkCode=as2&tag=maehachi-22',3090326,'12641553','2009-09-23','','UCFDL0NuxUBAvvu1PnIwW2ww',NULL,0),('uhEM8oALyII','Precious／伊藤由奈（Cover）','Precious','http://www.youtube.com/watch?v=uhEM8oALyII','http://i.ytimg.com/vi/uhEM8oALyII/0.jpg','2010-07-14 16:13:46','2014-05-09 09:59:24','2019-07-14 11:17:01','http://www.amazon.co.jp/gp/product/B000L22X1G/ref=as_li_qf_sp_asin_il_tl?ie=UTF8&camp=247&creative=1211&creativeASIN=B000L22X1G&linkCode=as2&tag=maehachi-22',1410417,'9998537','2006-06-30','','UCFDL0NuxUBAvvu1PnIwW2ww',NULL,0),('UIqH9bZlqlo','僕が一番欲しかったもの／槇原敬之（Cover）','僕が一番欲しかったもの','http://www.youtube.com/watch?v=UIqH9bZlqlo','http://i.ytimg.com/vi/UIqH9bZlqlo/0.jpg','2010-10-14 08:02:51','2014-05-09 09:59:23','2020-04-15 09:04:54','http://www.amazon.co.jp/gp/product/B0002HB5SM/ref=as_li_qf_sp_asin_il_tl?ie=UTF8&camp=247&creative=1211&creativeASIN=B0002HB5SM&linkCode=as2&tag=maehachi-22',2101173,'10090001','2004-07-28','','UCFDL0NuxUBAvvu1PnIwW2ww',NULL,0),('UJHeo4HI8zQ','タマシイレボリューション／Superfly（Cover）','タマシイレボリューション','https://www.youtube.com/watch?v=UJHeo4HI8zQ','https://i.ytimg.com/vi/UJHeo4HI8zQ/mqdefault.jpg','2015-06-05 11:39:00','2015-06-27 08:53:36','2020-04-15 09:05:47','http://www.amazon.co.jp/gp/product/B00E88OY9S/ref=as_li_qf_sp_asin_il_tl?ie=UTF8&camp=247&creative=1211&creativeASIN=B00E88OY9S&linkCode=as2&tag=maehachi-22',992374,'62588297','2010-06-18','','UCFDL0NuxUBAvvu1PnIwW2ww',NULL,0),('uKqydUNfi80','白い雲のように／猿岩石 （Cover）','白い雲のように','http://www.youtube.com/watch?v=uKqydUNfi80','http://i.ytimg.com/vi/uKqydUNfi80/0.jpg','2010-11-02 04:01:44','2014-05-09 09:59:23','2020-04-15 09:04:54','http://www.amazon.co.jp/gp/product/B001B4V9CM/ref=as_li_qf_sp_asin_il_tl?ie=UTF8&camp=247&creative=1211&creativeASIN=B001B4V9CM&linkCode=as2&tag=maehachi-22',1564744,'10517678','1996-12-21','','UCFDL0NuxUBAvvu1PnIwW2ww',NULL,0),('ul8aqTw8-30','ぱっつん／Goose house（original）','ぱっつん','http://www.youtube.com/watch?v=ul8aqTw8-30','http://i.ytimg.com/vi/ul8aqTw8-30/0.jpg','2012-04-21 12:34:57','2014-05-09 09:59:22','2019-07-14 11:17:01','http://www.amazon.co.jp/gp/product/B005TE156U/ref=as_li_qf_sp_asin_il_tl?ie=UTF8&camp=247&creative=1211&creativeASIN=B005TE156U&linkCode=as2&tag=maehachi-22',301397,'','2011-11-13',NULL,'UCFDL0NuxUBAvvu1PnIwW2ww',NULL,0),('uNHzJG-30Zs','Summer Song ／YUI（Cover）','Summer Song ','http://www.youtube.com/watch?v=uNHzJG-30Zs','http://i.ytimg.com/vi/uNHzJG-30Zs/0.jpg','2010-07-28 08:53:08','2014-05-09 09:59:24','2019-07-14 11:17:01','http://www.amazon.co.jp/gp/product/B001A4MN3W/ref=as_li_qf_sp_asin_il_tl?ie=UTF8&camp=247&creative=1211&creativeASIN=B001A4MN3W&linkCode=as2&tag=maehachi-22',1816919,'8478340','2008-07-02','','UCFDL0NuxUBAvvu1PnIwW2ww',NULL,0),('UNOLELxhYQg','君の知らない物語／Supercell（Cover）','君の知らない物語','http://www.youtube.com/watch?v=UNOLELxhYQg','http://i.ytimg.com/vi/UNOLELxhYQg/0.jpg','2012-06-01 13:42:59','2014-05-09 09:59:22','2019-07-14 11:17:01','http://www.amazon.co.jp/gp/product/B004GJ3346/ref=as_li_qf_sp_asin_il_tl?ie=UTF8&camp=247&creative=1211&creativeASIN=B004GJ3346&linkCode=as2&tag=maehachi-22',8990590,'22861693','2009-08-12','','UCFDL0NuxUBAvvu1PnIwW2ww',NULL,0),('UpqC6wYC14U','今夜はブギーバック／スチャダラパー feat 小沢健二（Cover）','今夜はブギーバック','http://www.youtube.com/watch?v=UpqC6wYC14U','http://i.ytimg.com/vi/UpqC6wYC14U/0.jpg','2012-01-22 17:49:08','2014-05-09 09:59:22','2019-07-14 11:17:01','http://www.amazon.co.jp/gp/product/B00005G61U/ref=as_li_qf_sp_asin_il_tl?ie=UTF8&camp=247&creative=1211&creativeASIN=B00005G61U&linkCode=as2&tag=maehachi-22',2617871,'19904672','1994-03-09','','UCFDL0NuxUBAvvu1PnIwW2ww',NULL,0),('UqNOXP5-qYc','竹澤汀、ソロアルバムを出します！','竹澤汀、ソロアルバムを出します！','https://www.youtube.com/watch?v=UqNOXP5-qYc','https://i.ytimg.com/vi/UqNOXP5-qYc/mqdefault.jpg','2016-01-15 13:08:30','2016-01-23 06:09:48','2019-07-14 11:17:01','http://www.amazon.co.jp/gp/product/B01AAFYRBM/ref=as_li_qf_sp_asin_il_tl?ie=UTF8&camp=247&creative=1211&creativeASIN=B01AAFYRBM&linkCode=as2&tag=maehachi-22',579966,'','2016-02-17','','UCFDL0NuxUBAvvu1PnIwW2ww',NULL,0),('UTmaAW-ZE50','永遠の八月／Goosehouse （2013.7.31 アルバムリリース）','永遠の八月','http://www.youtube.com/watch?v=UTmaAW-ZE50','http://i.ytimg.com/vi/UTmaAW-ZE50/0.jpg','2013-06-29 12:57:20','2014-05-09 09:59:21','2020-04-15 09:05:26','http://www.amazon.co.jp/gp/product/B00D8BJW5W/ref=as_li_qf_sp_asin_il_tl?ie=UTF8&camp=247&creative=1211&creativeASIN=B00D8BJW5W&linkCode=as2&tag=maehachi-22',1656928,'','2013-07-30',NULL,'UCFDL0NuxUBAvvu1PnIwW2ww',NULL,0),('UUzuLx_LLgk','Orion／中島美嘉（Cover）','Orion','http://www.youtube.com/watch?v=UUzuLx_LLgk','http://i.ytimg.com/vi/UUzuLx_LLgk/0.jpg','2014-03-09 09:00:01','2014-05-09 09:59:21','2019-07-14 11:17:01','http://www.amazon.co.jp/gp/product/B001GM7374/ref=as_li_qf_sp_asin_il_tl?ie=UTF8&camp=247&creative=1211&creativeASIN=B001GM7374&linkCode=as2&tag=maehachi-22',908327,'44107451','2008-11-12','','UCFDL0NuxUBAvvu1PnIwW2ww',NULL,0),('uYaSmK6DUkw','Around the world／ Monkey Majik （Cover）','Around the world','http://www.youtube.com/watch?v=uYaSmK6DUkw','http://i.ytimg.com/vi/uYaSmK6DUkw/0.jpg','2010-10-05 07:15:13','2014-05-09 09:59:23','2019-07-14 11:17:01','http://www.amazon.co.jp/gp/product/B000E0VPJQ/ref=as_li_qf_sp_asin_il_tl?ie=UTF8&camp=247&creative=1211&creativeASIN=B000E0VPJQ&linkCode=as2&tag=maehachi-22',423178,'9950624','2006-02-22','','UCFDL0NuxUBAvvu1PnIwW2ww',NULL,0),('UYGtfq-ly1U','No.1／西野カナ（Cover）','No.1','https://www.youtube.com/watch?v=UYGtfq-ly1U','https://i.ytimg.com/vi/UYGtfq-ly1U/mqdefault.jpg','2016-06-22 11:07:52','2016-06-22 13:58:21','2020-04-15 09:05:57','http://www.amazon.co.jp/gp/product/B015I9EV8E/ref=as_li_qf_sp_asin_il_tl?ie=UTF8&camp=247&creative=1211&creativeASIN=B015I9EV8E&linkCode=as2&tag=maehachi-22',1983840,'87467908','2015-11-18','日本テレビ系土曜ドラマ『掟上今日子の備忘録』主題歌','UCFDL0NuxUBAvvu1PnIwW2ww',NULL,0),('UyJ8Qbh_LH0','小さな恋のうた／mongol800（Cover）','小さな恋のうた','http://www.youtube.com/watch?v=UyJ8Qbh_LH0','http://i.ytimg.com/vi/UyJ8Qbh_LH0/0.jpg','2011-05-10 00:17:00','2014-05-09 09:59:22','2019-07-14 11:17:01','http://www.amazon.co.jp/gp/product/B00005OCS5/ref=as_li_qf_sp_asin_il_tl?ie=UTF8&camp=247&creative=1211&creativeASIN=B00005OCS5&linkCode=as2&tag=maehachi-22',18846041,'14539684','2001-09-16','','UCFDL0NuxUBAvvu1PnIwW2ww',NULL,0),('V-KC0sxO0Y8','25時のシンデレラ／マナミ（Goose houseメンバー）','25時のシンデレラ','https://www.youtube.com/watch?v=V-KC0sxO0Y8','https://i.ytimg.com/vi/V-KC0sxO0Y8/mqdefault.jpg','2016-07-05 11:09:41','2016-08-03 10:47:35','2020-04-15 08:05:56','https://www.amazon.co.jp/gp/product/B01G70EH3C/ref=as_li_qf_sp_asin_il_tl?ie=UTF8&camp=247&creative=1211&creativeASIN=B01G70EH3C&linkCode=as2&tag=maehachi-22',234430,'','2016-07-06','','UCFDL0NuxUBAvvu1PnIwW2ww',NULL,0),('V0Er6P8p0T0','泣かないのは、もう／竹渕慶（Goose houseメンバー）','泣かないのは、もう','https://www.youtube.com/watch?v=V0Er6P8p0T0','https://i.ytimg.com/vi/V0Er6P8p0T0/mqdefault.jpg','2016-07-05 11:07:59','2016-08-03 10:47:35','2020-04-15 09:05:57','https://www.amazon.co.jp/gp/product/B01G70EH3C/ref=as_li_qf_sp_asin_il_tl?ie=UTF8&camp=247&creative=1211&creativeASIN=B01G70EH3C&linkCode=as2&tag=maehachi-22',292636,'','2016-07-06','','UCFDL0NuxUBAvvu1PnIwW2ww',NULL,0),('V0I8s5qldHo','さくら／ケツメイシ（Cover）','さくら','http://www.youtube.com/watch?v=V0I8s5qldHo','http://i.ytimg.com/vi/V0I8s5qldHo/0.jpg','2011-04-02 12:12:54','2014-05-09 09:59:22','2019-07-14 11:17:01','http://www.amazon.co.jp/gp/product/B008F4NLPY/ref=as_li_qf_sp_asin_il_tl?ie=UTF8&camp=247&creative=1211&creativeASIN=B008F4NLPY&linkCode=as2&tag=maehachi-22',1563661,'','2005-02-16',NULL,'UCFDL0NuxUBAvvu1PnIwW2ww',NULL,0),('V0J-HfhYvbs','Sleigh Ride（Cover with Goose house）Christmas Song','Sleigh Ride','https://www.youtube.com/watch?v=V0J-HfhYvbs','https://i.ytimg.com/vi/V0J-HfhYvbs/mqdefault.jpg','2017-12-13 11:21:09','2021-05-31 16:08:33','2021-06-04 15:40:15',NULL,431779,NULL,NULL,NULL,NULL,NULL,0),('V1AjaoTspbU','壊れかけのRADIO／徳永英明（Cover）','壊れかけのRADIO','https://www.youtube.com/watch?v=V1AjaoTspbU','https://i.ytimg.com/vi/V1AjaoTspbU/mqdefault.jpg','2017-11-17 11:18:13','2017-11-17 12:14:54','2020-04-15 09:06:07','https://www.amazon.co.jp/gp/product/B000CSUXKC/ref=as_li_qf_sp_asin_il_tl?ie=UTF8&tag=maehachi-22&camp=247&creative=1211&linkCode=as2&creativeASIN=B000CSUXKC&linkId=d95a6a47ad893bcd556e24e90d55108d',581483,'109333557','1990-07-07','TBS系ドラマ『都会の森』','UCFDL0NuxUBAvvu1PnIwW2ww',NULL,0),('v1LVAJYebL0','恋愛レボリューション21／モーニング娘。（Cover）','恋愛レボリューション21','http://www.youtube.com/watch?v=v1LVAJYebL0','http://i.ytimg.com/vi/v1LVAJYebL0/0.jpg','2013-07-10 11:22:44','2014-05-09 09:59:21','2020-04-15 09:05:26','http://www.amazon.co.jp/gp/product/B00005HROX/ref=as_li_qf_sp_asin_il_tl?ie=UTF8&camp=247&creative=1211&creativeASIN=B00005HROX&linkCode=as2&tag=maehachi-22',3543844,'35114691','2000-12-13','','UCFDL0NuxUBAvvu1PnIwW2ww',NULL,0),('V58EqJxODSo','Play You. House 2nd 11/27 08','Play You. House 2nd 11/27 08','http://www.youtube.com/watch?v=V58EqJxODSo','http://i.ytimg.com/vi/V58EqJxODSo/0.jpg','2010-11-30 09:16:14','2014-05-09 09:59:23','2020-04-14 18:04:53','http://www.amazon.co.jp/gp/product/B00AO6LDN8/ref=as_li_qf_sp_asin_il_tl?ie=UTF8&camp=247&creative=1211&creativeASIN=B00AO6LDN8&linkCode=as2&tag=maehachi-22',62526,'11115542','2011-06-26','sing／Play You. House（Original）','UCFDL0NuxUBAvvu1PnIwW2ww',NULL,0),('VAP2AzRxDbs','やさしくなりたい／斉藤和義（Cover）','やさしくなりたい','http://www.youtube.com/watch?v=VAP2AzRxDbs','http://i.ytimg.com/vi/VAP2AzRxDbs/0.jpg','2013-01-30 10:59:35','2014-05-09 09:59:21','2019-07-14 11:17:01','http://www.amazon.co.jp/gp/product/B005LD6SDO/ref=as_li_qf_sp_asin_il_tl?ie=UTF8&camp=247&creative=1211&creativeASIN=B005LD6SDO&linkCode=as2&tag=maehachi-22',3004489,'28627761','2011-11-02','','UCFDL0NuxUBAvvu1PnIwW2ww',NULL,0),('vb5BhEY2Gpw','関白宣言／さだまさし(Cover）','関白宣言','http://www.youtube.com/watch?v=vb5BhEY2Gpw','http://i.ytimg.com/vi/vb5BhEY2Gpw/0.jpg','2010-11-16 05:41:36','2014-05-09 09:59:23','2020-04-15 07:04:55','http://www.amazon.co.jp/gp/product/B00007KKVT/ref=as_li_qf_sp_asin_il_tl?ie=UTF8&camp=247&creative=1211&creativeASIN=B00007KKVT&linkCode=as2&tag=maehachi-22',454020,'10827045','1979-07-10','','UCFDL0NuxUBAvvu1PnIwW2ww',NULL,0),('VBgzGP0ITUc','Play You. House 08/21 17 オリジナル「sing」','Play You. House 08/21 17 オリジナル「sing」','http://www.youtube.com/watch?v=VBgzGP0ITUc','http://i.ytimg.com/vi/VBgzGP0ITUc/0.jpg','2010-08-24 11:55:30','2014-05-09 09:59:23','2019-07-14 11:17:01','http://www.amazon.co.jp/gp/product/B00AO6LDN8/ref=as_li_qf_sp_asin_il_tl?ie=UTF8&camp=247&creative=1211&creativeASIN=B00AO6LDN8&linkCode=as2&tag=maehachi-22',120383,'9061460','2011-06-26','sing／Play You. House（Original）','UCFDL0NuxUBAvvu1PnIwW2ww',NULL,0),('VCIbjEia-oI','ライオン／May’n・中島 愛（Cover）','ライオン','https://www.youtube.com/watch?v=VCIbjEia-oI','https://i.ytimg.com/vi/VCIbjEia-oI/mqdefault.jpg','2018-09-17 08:58:16','2019-03-17 06:30:01','2020-04-15 09:06:15','https://www.amazon.co.jp/gp/product/B001AKCYOY/ref=as_li_qf_asin_il_tl?ie=UTF8&tag=maehachi-22&creative=1211&linkCode=as2&creativeASIN=B001AKCYOY&linkId=656059fe99c1617807104d49e4099c66',919002,NULL,'2008-08-20','テレビアニメ『マクロスF』オープニングテーマ','UCFDL0NuxUBAvvu1PnIwW2ww',NULL,0),('veemHKlHB6Q','Play You. House 2nd 10/09 08','Play You. House 2nd 10/09 08','http://www.youtube.com/watch?v=veemHKlHB6Q','https://i.ytimg.com/vi/veemHKlHB6Q/default.jpg','2010-10-14 08:33:19','2014-05-09 09:59:23','2020-04-14 19:04:53','http://www.amazon.co.jp/gp/product/B00AO6LDN8/ref=as_li_qf_sp_asin_il_tl?ie=UTF8&camp=247&creative=1211&creativeASIN=B00AO6LDN8&linkCode=as2&tag=maehachi-22',70896,'10090001','2011-06-26','sing／Play You. House（Original）','UCFDL0NuxUBAvvu1PnIwW2ww',NULL,0),('VEqmEzRzArw','今宵の月のように／エレファントカシマシ（Cover）','今宵の月のように','https://www.youtube.com/watch?v=VEqmEzRzArw','https://i.ytimg.com/vi/VEqmEzRzArw/mqdefault.jpg','2017-11-17 13:00:15','2017-11-17 13:17:43','2020-04-15 09:06:07','https://www.amazon.co.jp/gp/product/B002HUQ2J4/ref=as_li_qf_sp_asin_il_tl?ie=UTF8&tag=maehachi-22&camp=247&creative=1211&linkCode=as2&creativeASIN=B002HUQ2J4&linkId=f58945d3a7101f69a727fe960191690f',1513354,'109333557','1997-07-30','フジテレビ系ドラマ『月の輝く夜だから』主題歌','UCFDL0NuxUBAvvu1PnIwW2ww',NULL,0),('Vhosr_SjjN0','Rolling In The Deep (Cover）/ David Choi with Goosehouse','Rolling In The Deep/ David Choi with Goosehouse','http://www.youtube.com/watch?v=Vhosr_SjjN0','http://i.ytimg.com/vi/Vhosr_SjjN0/0.jpg','2012-06-23 12:38:32','2014-05-09 09:59:22','2020-04-15 09:05:16','http://www.amazon.co.jp/gp/product/B004AB2JVI/ref=as_li_qf_sp_asin_il_tl?ie=UTF8&camp=247&creative=1211&creativeASIN=B004AB2JVI&linkCode=as2&tag=maehachi-22',351008,'',NULL,NULL,'UCFDL0NuxUBAvvu1PnIwW2ww',NULL,0),('VHvlgpGhlQ8','Def Tech／My Way（Cover）','My Way','https://www.youtube.com/watch?v=VHvlgpGhlQ8','https://i.ytimg.com/vi/VHvlgpGhlQ8/mqdefault.jpg','2021-03-16 11:00:33','2021-05-31 16:08:32','2021-06-08 12:18:11',NULL,759024,NULL,'2005-01-22',NULL,NULL,NULL,0),('VI1gspH68Lg','光るなら／Goose house','光るなら','https://www.youtube.com/watch?v=VI1gspH68Lg','https://i.ytimg.com/vi/VI1gspH68Lg/mqdefault.jpg','2018-06-08 12:04:28','2019-03-17 06:30:00','2020-04-15 09:06:15','https://www.amazon.co.jp/gp/product/B00SLMZNQA/ref=as_li_qf_asin_il_tl?ie=UTF8&tag=maehachi-22&creative=1211&linkCode=as2&creativeASIN=B00SLMZNQA&linkId=9bfb64e0b7041f0c4bf1cd05b4889755',1768779,NULL,'2014-11-29','\"ノイタミナ\"アニメ『四月は君の嘘』オープニングテーマ','UCFDL0NuxUBAvvu1PnIwW2ww',NULL,0),('viEz9OkWdk8','楽園ベイベー／RIP SLYME（Cover）','楽園ベイベー','http://www.youtube.com/watch?v=viEz9OkWdk8','http://i.ytimg.com/vi/viEz9OkWdk8/0.jpg','2013-07-10 11:23:16','2014-05-09 09:59:21','2020-04-15 09:05:26','http://www.amazon.co.jp/gp/product/B0006H2YOM/ref=as_li_qf_sp_asin_il_tl?ie=UTF8&camp=247&creative=1211&creativeASIN=B0006H2YOM&linkCode=as2&tag=maehachi-22',1099992,'35114691','2002-06-26','','UCFDL0NuxUBAvvu1PnIwW2ww',NULL,0),('vIwhKCAyB3I','馬と鹿／米津玄師（Cover）','馬と鹿','https://www.youtube.com/watch?v=vIwhKCAyB3I','https://i.ytimg.com/vi/vIwhKCAyB3I/mqdefault.jpg','2020-03-28 09:00:57','2021-05-30 02:54:55','2021-06-18 10:21:35',NULL,308672,NULL,'2019-08-12','TBSテレビ日曜劇場「ノーサイド・ゲーム」主題歌',NULL,'09VjcF_vp9o',0),('vk2bq8tPe9g','Sky／Goosehouse（original）','Sky','http://www.youtube.com/watch?v=vk2bq8tPe9g','http://i.ytimg.com/vi/vk2bq8tPe9g/0.jpg','2012-06-01 13:48:05','2014-05-09 09:59:22','2019-07-14 11:17:01','http://www.amazon.co.jp/gp/product/B005TE156U/ref=as_li_qf_sp_asin_il_tl?ie=UTF8&camp=247&creative=1211&creativeASIN=B005TE156U&linkCode=as2&tag=maehachi-22',687846,'22862395','2011-11-13','','UCFDL0NuxUBAvvu1PnIwW2ww',NULL,0),('vk9LlFDkCb0','バースデーソング／Goosehouse（original）','バースデーソング','http://www.youtube.com/watch?v=vk9LlFDkCb0','http://i.ytimg.com/vi/vk9LlFDkCb0/0.jpg','2012-04-16 12:20:58','2014-05-09 09:59:22','2019-07-14 11:17:01','http://www.amazon.co.jp/gp/product/B007TGIIVG/ref=as_li_qf_sp_asin_il_tl?ie=UTF8&camp=247&creative=1211&creativeASIN=B007TGIIVG&linkCode=as2&tag=maehachi-22',1066021,'','2012-05-23',NULL,'UCFDL0NuxUBAvvu1PnIwW2ww',NULL,0),('vkH29ILw_Qw','Goose house Live Tour 2015 in OSAKA 12/8','Goose house Live Tour 2015 in OSAKA 12/8','https://www.youtube.com/watch?v=vkH29ILw_Qw','https://i.ytimg.com/vi/vkH29ILw_Qw/mqdefault.jpg','2015-12-09 13:57:12','2015-12-11 14:51:26','2020-04-15 07:05:45',NULL,139460,NULL,NULL,NULL,'UCFDL0NuxUBAvvu1PnIwW2ww',NULL,0),('vkpxsCZo2tk','なごり雪／イルカ（Cover）','なごり雪','http://www.youtube.com/watch?v=vkpxsCZo2tk','http://i.ytimg.com/vi/vkpxsCZo2tk/0.jpg','2012-04-16 12:15:36','2014-05-09 09:59:22','2019-07-14 11:17:01','http://www.amazon.co.jp/gp/product/B00006LEYZ/ref=as_li_qf_sp_asin_il_tl?ie=UTF8&camp=247&creative=1211&creativeASIN=B00006LEYZ&linkCode=as2&tag=maehachi-22',868267,'','1974-03-12',NULL,'UCFDL0NuxUBAvvu1PnIwW2ww',NULL,0),('VNluFrNy_5I','おまえに。／ハジ→（Cover）','おまえに。','http://www.youtube.com/watch?v=VNluFrNy_5I','http://i.ytimg.com/vi/VNluFrNy_5I/0.jpg','2012-09-27 12:05:05','2014-05-09 09:59:22','2020-04-15 07:05:15','http://www.amazon.co.jp/gp/product/B004E981WM/ref=as_li_qf_sp_asin_il_tl?ie=UTF8&camp=247&creative=1211&creativeASIN=B004E981WM&linkCode=as2&tag=maehachi-22',751728,'25604039','2011-12-21','','UCFDL0NuxUBAvvu1PnIwW2ww',NULL,0),('VO7KrhjbrWg','YELL／いきものがかり（Cover）','YELL','http://www.youtube.com/watch?v=VO7KrhjbrWg','http://i.ytimg.com/vi/VO7KrhjbrWg/0.jpg','2011-02-01 06:54:10','2014-05-09 09:59:23','2019-07-14 11:17:01','http://www.amazon.co.jp/gp/product/B0040IN3OI/ref=as_li_qf_sp_asin_il_tl?ie=UTF8&camp=247&creative=1211&creativeASIN=B0040IN3OI&linkCode=as2&tag=maehachi-22',1896351,'12320949','2009-09-23','','UCFDL0NuxUBAvvu1PnIwW2ww',NULL,0),('vqV6y8nH4R8','Love Somebody／織田裕二（Cover）','Love Somebody','http://www.youtube.com/watch?v=vqV6y8nH4R8','http://i.ytimg.com/vi/vqV6y8nH4R8/0.jpg','2010-07-14 13:35:35','2014-05-09 09:59:24','2019-07-14 11:17:01','http://www.amazon.co.jp/gp/product/B008TTP50E/ref=as_li_qf_sp_asin_il_tl?ie=UTF8&camp=247&creative=1211&creativeASIN=B008TTP50E&linkCode=as2&tag=maehachi-22',499744,'9998537','1997-01-29','','UCFDL0NuxUBAvvu1PnIwW2ww',NULL,0),('VsXnhjCfCoE','LOSER / 米津玄師（Cover）','LOSER','https://www.youtube.com/watch?v=VsXnhjCfCoE','https://i.ytimg.com/vi/VsXnhjCfCoE/mqdefault.jpg','2016-11-20 11:25:30','2016-11-24 10:26:16','2020-04-15 09:05:56','https://www.amazon.co.jp/gp/product/B01J7D5PNW/ref=as_li_qf_sp_asin_il_tl?ie=UTF8&camp=247&creative=1211&creativeASIN=B01J7D5PNW&linkCode=as2&tag=maehachi-22',3445797,'92517041','2016-09-28','','UCFDL0NuxUBAvvu1PnIwW2ww',NULL,0),('vtA_DWA6tx4','Time after time／Cyndi Lauper（Cover）','Time after time','http://www.youtube.com/watch?v=vtA_DWA6tx4','http://i.ytimg.com/vi/vtA_DWA6tx4/0.jpg','2011-05-09 16:58:27','2014-05-09 09:59:22','2019-07-14 11:17:01','http://www.amazon.co.jp/gp/product/B0021UDK2M/ref=as_li_qf_sp_asin_il_tl?ie=UTF8&camp=247&creative=1211&creativeASIN=B0021UDK2M&linkCode=as2&tag=maehachi-22',1134345,'14539684','1984-01-27','','UCFDL0NuxUBAvvu1PnIwW2ww',NULL,0),('VTIdPlj449E','決意の朝に／Aqua Timez（Cover）','決意の朝に','https://www.youtube.com/watch?v=VTIdPlj449E','https://i.ytimg.com/vi/VTIdPlj449E/mqdefault.jpg','2017-11-30 11:08:54','2019-03-17 06:30:01','2020-04-15 09:06:07','https://www.amazon.co.jp/gp/product/B00FVV2W86/ref=as_li_qf_asin_il_tl?ie=UTF8&tag=maehachi-22&creative=1211&linkCode=as2&creativeASIN=B00FVV2W86&linkId=bde78d1f17472b1e74783f096095e8ec',952253,'109889306','2006-07-05','映画『ブレイブ ストーリー』主題歌','UCFDL0NuxUBAvvu1PnIwW2ww',NULL,0),('VVn-n2ROQXg','打上花火／DAOKO × 米津玄師（Cover）','打上花火','https://www.youtube.com/watch?v=VVn-n2ROQXg','https://i.ytimg.com/vi/VVn-n2ROQXg/mqdefault.jpg','2017-10-23 10:15:06','2017-10-28 09:33:31','2020-04-15 09:06:07','',6225345,'107969495','2017-08-16','アニメーション映画「打ち上げ花火、下から見るか？横から見るか？」主題歌','UCFDL0NuxUBAvvu1PnIwW2ww',NULL,0),('VWl9W4um-qc','Play this song ／ Play.Goose','Play this song ','https://www.youtube.com/watch?v=VWl9W4um-qc','https://i.ytimg.com/vi/VWl9W4um-qc/mqdefault.jpg','2018-12-25 14:48:57','2019-07-13 14:42:09','2020-04-15 10:04:26',NULL,378118,NULL,'2019-05-31',NULL,'UCx66obAJ42B0XwHIm_iupkw','T_N8CR6PSrI',0),('vWMxlqCN29A','明日はきっといい日になる／高橋優（Cover）','明日はきっといい日になる','https://www.youtube.com/watch?v=vWMxlqCN29A','https://i.ytimg.com/vi/vWMxlqCN29A/mqdefault.jpg','2016-05-22 09:59:39','2016-05-23 13:25:33','2020-03-25 07:05:58','http://www.amazon.co.jp/gp/product/B00VOLX61Y/ref=as_li_qf_sp_asin_il_tl?ie=UTF8&camp=247&creative=1211&creativeASIN=B00VOLX61Y&linkCode=as2&tag=maehachi-22',1229198,'85967694','2015-06-10','ダイハツ『キャスト アクティバ』CMソング','UCFDL0NuxUBAvvu1PnIwW2ww',NULL,0),('vYGje-wCb8g','相棒は瓶のジンジャーエール ／マナミ','相棒は瓶のジンジャーエール ','https://www.youtube.com/watch?v=vYGje-wCb8g','https://i.ytimg.com/vi/vYGje-wCb8g/mqdefault.jpg','2016-04-17 10:44:32','2016-04-18 11:41:02','2019-07-14 11:17:01','',360306,'84909661',NULL,'','UCFDL0NuxUBAvvu1PnIwW2ww',NULL,0),('VZc9nZUbrOk','夜に駆ける／YOASOBI (Cover)','夜に駆ける','https://www.youtube.com/watch?v=VZc9nZUbrOk','https://i.ytimg.com/vi/VZc9nZUbrOk/mqdefault.jpg','2020-11-21 11:00:10','2021-05-30 02:54:51','2021-06-10 14:41:27',NULL,497517,NULL,'2019-12-15',NULL,NULL,NULL,0),('w0f1ojQbKzw','楓／スピッツ（Cover）','楓','http://www.youtube.com/watch?v=w0f1ojQbKzw','http://i.ytimg.com/vi/w0f1ojQbKzw/0.jpg','2011-11-30 17:47:49','2014-05-09 09:59:22','2020-04-15 09:05:05','http://www.amazon.co.jp/gp/product/B00006HBF5/ref=as_li_qf_sp_asin_il_tl?ie=UTF8&camp=247&creative=1211&creativeASIN=B00006HBF5&linkCode=as2&tag=maehachi-22',2051735,'18753965','1998-07-07','','UCFDL0NuxUBAvvu1PnIwW2ww',NULL,0),('w2VIMvIPMtk','Streaming Live Play.Goose #January + 2020 &quot;Count Up!&quot;（200126）','Streaming Live Play.Goose #January + 2020 &quot;Count Up!&quot;（200126）','https://www.youtube.com/watch?v=w2VIMvIPMtk','https://i.ytimg.com/vi/w2VIMvIPMtk/mqdefault.jpg','2020-02-07 08:59:55','2021-05-30 02:54:56','2021-06-19 00:44:31',NULL,41780,NULL,NULL,'1. PGニュースコーナー\n2. Count Up!／Play.Goose\n3. ゲストトークコーナー\n4. 紅蓮華／LiSA\n5. 願い／sumika',NULL,NULL,1),('w40GiK_Cdgc','Santa Claus is Coming to Town - Goose house','Santa Claus is Coming to Town - Goose house','https://www.youtube.com/watch?v=w40GiK_Cdgc','https://i.ytimg.com/vi/w40GiK_Cdgc/mqdefault.jpg','2015-12-22 10:03:45','2016-01-23 06:09:48','2020-04-15 09:05:46',NULL,922493,NULL,NULL,NULL,'UCFDL0NuxUBAvvu1PnIwW2ww',NULL,0),('W6yn0-AhgTM','10.24リリース Goosehouse #04 Beautiful Life  『たとえば、君が死んだら』','10.24リリース','http://www.youtube.com/watch?v=W6yn0-AhgTM','http://i.ytimg.com/vi/W6yn0-AhgTM/0.jpg','2012-09-22 12:55:17','2014-05-09 09:59:22','2020-04-14 07:05:14','http://www.amazon.co.jp/gp/product/B00979RKKI/ref=as_li_qf_sp_asin_il_tl?ie=UTF8&camp=247&creative=1211&creativeASIN=B00979RKKI&linkCode=as2&tag=maehachi-22',70676,'','2012-10-24',NULL,'UCFDL0NuxUBAvvu1PnIwW2ww',NULL,0),('w8e_e6FMRmk','鱗／秦基博（Cover）','鱗','http://www.youtube.com/watch?v=w8e_e6FMRmk','http://i.ytimg.com/vi/w8e_e6FMRmk/0.jpg','2014-02-06 10:09:09','2014-05-09 09:59:21','2019-07-14 11:17:01','http://www.amazon.co.jp/gp/product/B000P12GIS/ref=as_li_qf_sp_asin_il_tl?ie=UTF8&camp=247&creative=1211&creativeASIN=B000P12GIS&linkCode=as2&tag=maehachi-22',1516287,'43068972','2007-06-06','','UCFDL0NuxUBAvvu1PnIwW2ww',NULL,0),('WAd6nqF_VSw','Poppin’ Shakin’ / NiziU ( 니쥬 )  (Cover)','Poppin’ Shakin’','https://www.youtube.com/watch?v=WAd6nqF_VSw','https://i.ytimg.com/vi/WAd6nqF_VSw/mqdefault.jpg','2021-04-10 11:00:17','2021-05-30 02:54:50','2021-06-08 12:10:56',NULL,132129,NULL,'2021-04-07',NULL,NULL,NULL,0),('wasKHC7X4Uw','365日／Mr.Children（Cover）','365日','http://www.youtube.com/watch?v=wasKHC7X4Uw','http://i.ytimg.com/vi/wasKHC7X4Uw/0.jpg','2012-09-27 12:08:01','2014-05-09 09:59:21','2020-04-15 09:05:15','http://www.amazon.co.jp/gp/product/B0047O3XHC/ref=as_li_qf_sp_asin_il_tl?ie=UTF8&camp=247&creative=1211&creativeASIN=B0047O3XHC&linkCode=as2&tag=maehachi-22',3154524,'25604039','2010-12-01','','UCFDL0NuxUBAvvu1PnIwW2ww',NULL,0),('Wb0FT-6OjUE','センチメンタル／平井堅（Cover）','センチメンタル','http://www.youtube.com/watch?v=Wb0FT-6OjUE','http://i.ytimg.com/vi/Wb0FT-6OjUE/0.jpg','2011-10-04 20:52:58','2014-06-20 17:50:33','2020-04-15 09:05:05','http://www.amazon.co.jp/gp/product/B000456XPC/ref=as_li_qf_sp_asin_il_tl?ie=UTF8&camp=247&creative=1211&creativeASIN=B000456XPC&linkCode=as2&tag=maehachi-22',1243707,'17613040','2004-11-24','','UCFDL0NuxUBAvvu1PnIwW2ww',NULL,0),('WccI5RAdzek','YUIカバーアルバム 『SHE LOVES YOU 』~ LIFE／Goosehouse','YUIカバーアルバム 『SHE LOVES YOU 』~ LIFE','http://www.youtube.com/watch?v=WccI5RAdzek','http://i.ytimg.com/vi/WccI5RAdzek/0.jpg','2012-09-27 12:09:09','2014-05-09 09:59:21','2020-04-15 09:05:15','http://www.amazon.co.jp/gp/product/B0090S4F36/ref=as_li_qf_sp_asin_il_tl?ie=UTF8&camp=247&creative=1211&creativeASIN=B0090S4F36&linkCode=as2&tag=maehachi-22',1907659,'25604039','2012-10-24','','UCFDL0NuxUBAvvu1PnIwW2ww',NULL,0),('WcOUxyhDVSY','青い珊瑚礁／松田聖子（Cover）','青い珊瑚礁','http://www.youtube.com/watch?v=WcOUxyhDVSY','http://i.ytimg.com/vi/WcOUxyhDVSY/0.jpg','2010-07-07 06:46:25','2014-05-09 09:59:24','2019-07-14 11:17:01','http://www.amazon.co.jp/gp/product/B00005G3DL/ref=as_li_qf_sp_asin_il_tl?ie=UTF8&camp=247&creative=1211&creativeASIN=B00005G3DL&linkCode=as2&tag=maehachi-22',511243,'8146089','1980-07-01','','UCFDL0NuxUBAvvu1PnIwW2ww',NULL,0),('WD00QxwBTSY','舞花 〜マイ･フラワー ／竹渕慶 （Original）','舞花 〜マイ･フラワー ','http://www.youtube.com/watch?v=WD00QxwBTSY','http://i.ytimg.com/vi/WD00QxwBTSY/0.jpg','2010-07-28 10:00:53','2014-05-09 09:59:23','2019-07-14 11:17:01','http://www.amazon.co.jp/gp/product/B00HHDWGHS/ref=as_li_qf_sp_asin_il_tl?ie=UTF8&camp=247&creative=1211&creativeASIN=B00HHDWGHS&linkCode=as2&tag=maehachi-22',1106108,'8478340',NULL,'','UCFDL0NuxUBAvvu1PnIwW2ww',NULL,0),('WdhLlPWgF4Y','Goosehouse ニュー シングル「サクラへ」 3.13配信スタート！','Goosehouse ニュー シングル「サクラへ」 3.13配信スタート！','http://www.youtube.com/watch?v=WdhLlPWgF4Y','http://i.ytimg.com/vi/WdhLlPWgF4Y/0.jpg','2013-03-09 14:00:56','2014-05-09 09:59:21','2019-07-14 11:17:01','',200932,'','2013-03-20',NULL,'UCFDL0NuxUBAvvu1PnIwW2ww',NULL,0),('weRWZIndnOA','夢で逢えたら／銀杏BOYZ（Cover）','夢で逢えたら','http://www.youtube.com/watch?v=weRWZIndnOA','http://i.ytimg.com/vi/weRWZIndnOA/0.jpg','2013-12-07 03:08:07','2014-05-09 09:59:21','2020-04-15 09:05:25','http://www.amazon.co.jp/gp/product/B0060HZR5A/ref=as_li_qf_sp_asin_il_tl?ie=UTF8&camp=247&creative=1211&creativeASIN=B0060HZR5A&linkCode=as2&tag=maehachi-22',344143,'40817131','2005-01-15','','UCFDL0NuxUBAvvu1PnIwW2ww',NULL,0),('wFojgCbralk','チョコレイト・ディスコ ／Perfume（Cover）','チョコレイト・ディスコ ','http://www.youtube.com/watch?v=wFojgCbralk','http://i.ytimg.com/vi/wFojgCbralk/0.jpg','2011-02-15 02:33:38','2014-05-09 09:59:23','2019-07-14 11:17:01','http://www.amazon.co.jp/gp/product/B00132S3SK/ref=as_li_qf_sp_asin_il_tl?ie=UTF8&camp=247&creative=1211&creativeASIN=B00132S3SK&linkCode=as2&tag=maehachi-22',2737747,'12641553','2007-02-14','','UCFDL0NuxUBAvvu1PnIwW2ww',NULL,0),('wfpPt8z2aEA','僕らが旅に出る理由／小沢健二（Cover）','僕らが旅に出る理由','http://www.youtube.com/watch?v=wfpPt8z2aEA','http://i.ytimg.com/vi/wfpPt8z2aEA/0.jpg','2010-11-02 04:17:00','2014-05-09 09:59:23','2020-04-15 07:04:55','http://www.amazon.co.jp/gp/product/B00005GLJB/ref=as_li_qf_sp_asin_il_tl?ie=UTF8&camp=247&creative=1211&creativeASIN=B00005GLJB&linkCode=as2&tag=maehachi-22',218241,'10517678','1996-05-16','','UCFDL0NuxUBAvvu1PnIwW2ww',NULL,0),('wG2XgJnk2t8','【映画】『えんとつ町のプペル』主題歌／西野亮廣 （Cover）','えんとつ町のプペル','https://www.youtube.com/watch?v=wG2XgJnk2t8','https://i.ytimg.com/vi/wG2XgJnk2t8/mqdefault.jpg','2020-10-18 13:00:12','2021-05-30 02:54:52','2021-05-30 02:54:52',NULL,694624,NULL,'2020-12-16','【映画】『えんとつ町のプペル』主題歌',NULL,'aNJLXRxEw2k',0),('wG6WP2Hqd9w','Fly High,So High.／Goose house','Fly High,So High.','https://www.youtube.com/watch?v=wG6WP2Hqd9w','https://i.ytimg.com/vi/wG6WP2Hqd9w/mqdefault.jpg','2017-06-04 11:10:57','2017-06-04 14:36:04','2020-04-15 09:06:07','https://www.amazon.co.jp/gp/product/B01N1S5ITF/ref=as_li_qf_sp_asin_il_tl?ie=UTF8&tag=maehachi-22&camp=247&creative=1211&linkCode=as2&creativeASIN=B01N1S5ITF&linkId=be15f535d7616dbe1d55914566dace4c',549185,'103475403','2016-08-10','','UCFDL0NuxUBAvvu1PnIwW2ww',NULL,0),('whtiSq7k0Lg','バンザイ ～好きでよかった～／ウルフルズ（Cover）','バンザイ ～好きでよかった～','https://www.youtube.com/watch?v=whtiSq7k0Lg','https://i.ytimg.com/vi/whtiSq7k0Lg/mqdefault.jpg','2015-06-05 11:42:31','2015-06-27 08:53:36','2020-04-15 09:05:47','http://www.amazon.co.jp/gp/product/B009OKEO8G/ref=as_li_qf_sp_asin_il_tl?ie=UTF8&camp=247&creative=1211&creativeASIN=B009OKEO8G&linkCode=as2&tag=maehachi-22',886327,'62588297','1996-02-07','','UCFDL0NuxUBAvvu1PnIwW2ww',NULL,0),('WHZMt-6stQs','少女飛行／ぱすぽ☆（Cover）','少女飛行','http://www.youtube.com/watch?v=WHZMt-6stQs','http://i.ytimg.com/vi/WHZMt-6stQs/0.jpg','2011-09-15 13:37:48','2014-05-09 09:59:22','2020-04-15 09:05:05','http://www.amazon.co.jp/gp/product/B004LJVIUW/ref=as_li_qf_sp_asin_il_tl?ie=UTF8&camp=247&creative=1211&creativeASIN=B004LJVIUW&linkCode=as2&tag=maehachi-22',342631,'17180971','2011-05-11','','UCFDL0NuxUBAvvu1PnIwW2ww',NULL,0),('Wj2wSs-uxhs','Goose house Streaming Live #82','Goose house Streaming Live #82','https://www.youtube.com/watch?v=Wj2wSs-uxhs','https://i.ytimg.com/vi/Wj2wSs-uxhs/mqdefault.jpg','2018-04-21 13:33:32','2019-03-17 06:30:02','2020-04-15 09:06:16',NULL,359541,NULL,NULL,NULL,'UCFDL0NuxUBAvvu1PnIwW2ww',NULL,1),('wj5pVZ2JbVU','キセキ／GReeeeN（Cover）','キセキ','http://www.youtube.com/watch?v=wj5pVZ2JbVU','http://i.ytimg.com/vi/wj5pVZ2JbVU/0.jpg','2014-02-06 10:08:17','2014-05-09 09:59:21','2019-07-14 11:17:01','http://www.amazon.co.jp/gp/product/B002QD2RZA/ref=as_li_qf_sp_asin_il_tl?ie=UTF8&camp=247&creative=1211&creativeASIN=B002QD2RZA&linkCode=as2&tag=maehachi-22',5994745,'43068972','2008-05-28','','UCFDL0NuxUBAvvu1PnIwW2ww',NULL,0),('wQeM-x1mtFk','失くした恋の忘れ方／工藤秀平（Goose houseメンバー）','失くした恋の忘れ方','https://www.youtube.com/watch?v=wQeM-x1mtFk','https://i.ytimg.com/vi/wQeM-x1mtFk/mqdefault.jpg','2016-07-05 11:06:02','2016-08-03 10:47:35','2020-04-15 08:05:56','https://www.amazon.co.jp/gp/product/B01G70EH3C/ref=as_li_qf_sp_asin_il_tl?ie=UTF8&camp=247&creative=1211&creativeASIN=B01G70EH3C&linkCode=as2&tag=maehachi-22',135938,'','2016-07-06','','UCFDL0NuxUBAvvu1PnIwW2ww',NULL,0),('WqlL3YC_Bgg','Winter wonderland','Winter wonderland','http://www.youtube.com/watch?v=WqlL3YC_Bgg','http://i.ytimg.com/vi/WqlL3YC_Bgg/0.jpg','2011-12-21 17:49:27','2014-05-09 09:59:22','2020-04-15 07:05:05','http://www.amazon.co.jp/gp/search/ref=as_li_qf_sp_sr_il_tl?ie=UTF8&camp=247&creative=1211&index=aps&keywords=Winter%20wonderland&linkCode=as2&tag=maehachi-22',351356,'',NULL,NULL,'UCFDL0NuxUBAvvu1PnIwW2ww',NULL,0),('WSVpM0UrQaQ','島唄／THE BOOM（Cover）','島唄','https://www.youtube.com/watch?v=WSVpM0UrQaQ','https://i.ytimg.com/vi/WSVpM0UrQaQ/mqdefault.jpg','2017-10-26 10:59:28','2017-10-28 09:33:31','2020-04-15 09:06:07','https://www.amazon.co.jp/gp/product/B000065VOX/ref=as_li_qf_sp_asin_il_tl?ie=UTF8&tag=maehachi-22&camp=247&creative=1211&linkCode=as2&creativeASIN=B000065VOX&linkId=d66ee8feeb7c13cc0111b828cca68778',1285478,'107969495','1992-01-22','','UCFDL0NuxUBAvvu1PnIwW2ww',NULL,0),('WUFw3IK-qs8','Christmas Songs 2013／Goosehouse','Christmas Songs 2013','http://www.youtube.com/watch?v=WUFw3IK-qs8','http://i.ytimg.com/vi/WUFw3IK-qs8/0.jpg','2013-12-23 09:50:04','2014-05-09 09:59:21','2020-04-15 09:05:25','',1414698,'',NULL,NULL,'UCFDL0NuxUBAvvu1PnIwW2ww',NULL,0),('WVk70BIfxaQ','初日／AKB48（Cover）','初日','http://www.youtube.com/watch?v=WVk70BIfxaQ','http://i.ytimg.com/vi/WVk70BIfxaQ/0.jpg','2013-03-19 11:01:05','2014-05-09 09:59:21','2019-07-14 11:17:01','http://www.amazon.co.jp/gp/product/B00273D4Y2/ref=as_li_qf_sp_asin_il_tl?ie=UTF8&camp=247&creative=1211&creativeASIN=B00273D4Y2&linkCode=as2&tag=maehachi-22',1428431,'29848622','2009-06-24','','UCFDL0NuxUBAvvu1PnIwW2ww',NULL,0),('wZaDIOJKEJA','涙がいっぱい／松室政哉（Original）','涙がいっぱい','http://www.youtube.com/watch?v=wZaDIOJKEJA','http://i.ytimg.com/vi/wZaDIOJKEJA/0.jpg','2010-08-03 12:39:37','2014-05-09 09:59:23','2019-07-14 11:17:01','',78018,'8628820',NULL,'','UCFDL0NuxUBAvvu1PnIwW2ww',NULL,0),('x-THZrQTg5E','Life time Respect／三木道三(Cover）','Life time Respect','http://www.youtube.com/watch?v=x-THZrQTg5E','http://i.ytimg.com/vi/x-THZrQTg5E/0.jpg','2013-04-29 11:18:34','2014-05-09 09:59:21','2019-07-14 11:17:01','http://www.amazon.co.jp/gp/product/B00005J3WF/ref=as_li_qf_sp_asin_il_tl?ie=UTF8&camp=247&creative=1211&creativeASIN=B00005J3WF&linkCode=as2&tag=maehachi-22',997491,'31709859','2001-05-23','','UCFDL0NuxUBAvvu1PnIwW2ww',NULL,0),('x4ivn9pq7Gs','R.Y.U.S.E.I.／三代目 J Soul Brothers（Cover）','R.Y.U.S.E.I.','http://www.youtube.com/watch?v=x4ivn9pq7Gs','http://i.ytimg.com/vi/x4ivn9pq7Gs/0.jpg','2014-09-20 11:46:36','2014-10-29 11:19:58','2020-04-15 09:05:36','http://www.amazon.co.jp/gp/product/B00JOBJH4G/ref=as_li_qf_sp_asin_il_tl?ie=UTF8&camp=247&creative=1211&creativeASIN=B00JOBJH4G&linkCode=as2&tag=maehachi-22',3938571,'52063067','2014-06-25','','UCFDL0NuxUBAvvu1PnIwW2ww',NULL,0),('x5sEDpGMqkU','さよならの前に／AAA（Cover）','さよならの前に','http://www.youtube.com/watch?v=x5sEDpGMqkU','http://i.ytimg.com/vi/x5sEDpGMqkU/0.jpg','2015-04-12 06:46:12','2015-04-12 08:04:25','2019-07-14 11:17:01','http://www.amazon.co.jp/gp/product/B00MIPX976/ref=as_li_qf_sp_asin_il_tl?ie=UTF8&camp=247&creative=1211&creativeASIN=B00MIPX976&linkCode=as2&tag=maehachi-22',3898450,'60451621','2014-09-17','','UCFDL0NuxUBAvvu1PnIwW2ww',NULL,0),('x7CKnBYg0GM','ガラナ／スキマスイッチ（Cover）','ガラナ','https://www.youtube.com/watch?v=x7CKnBYg0GM','https://i.ytimg.com/vi/x7CKnBYg0GM/mqdefault.jpg','2017-06-04 11:09:20','2017-06-04 14:36:04','2020-04-15 09:06:07','https://www.amazon.co.jp/gp/product/B000RG1308/ref=as_li_qf_sp_asin_il_tl?ie=UTF8&tag=maehachi-22&camp=247&creative=1211&linkCode=as2&creativeASIN=B000RG1308&linkId=70d5192449184c7c7b566780bb9fbb87',768977,'103475403','2006-08-16','全国東宝系映画『ラフ ROUGH』主題歌','UCFDL0NuxUBAvvu1PnIwW2ww',NULL,0),('XaCSCOlC2Z8','My Boo／清水翔太（Cover）','My Boo','https://www.youtube.com/watch?v=XaCSCOlC2Z8','https://i.ytimg.com/vi/XaCSCOlC2Z8/mqdefault.jpg','2016-11-20 11:27:15','2016-11-24 10:26:16','2020-04-15 09:05:56','https://www.amazon.co.jp/gp/product/B01J576CW8/ref=as_li_qf_sp_asin_il_tl?ie=UTF8&camp=247&creative=1211&creativeASIN=B01J576CW8&linkCode=as2&tag=maehachi-22',808263,'92517041','2016-10-05','','UCFDL0NuxUBAvvu1PnIwW2ww',NULL,0),('XEu6gZzyx_U','Rough＆Laugh ／クラムボン(Cover)','Rough＆Laugh ','https://www.youtube.com/watch?v=XEu6gZzyx_U','https://i.ytimg.com/vi/XEu6gZzyx_U/mqdefault.jpg','2015-07-15 11:00:14','2015-07-16 13:02:24','2020-04-15 09:05:47','http://www.amazon.co.jp/gp/product/B0095XQOC6/ref=as_li_qf_sp_asin_il_tl?ie=UTF8&camp=247&creative=1211&creativeASIN=B0095XQOC6&linkCode=as2&tag=maehachi-22',538321,'65130840','2012-11-21',NULL,'UCFDL0NuxUBAvvu1PnIwW2ww',NULL,0),('XHHh6mYrYNI','明日も／MUSH&CO.（Cover）','明日も','http://www.youtube.com/watch?v=XHHh6mYrYNI','http://i.ytimg.com/vi/XHHh6mYrYNI/0.jpg','2014-05-03 11:37:04','2014-05-09 09:59:20','2020-04-15 08:05:35','http://www.amazon.co.jp/gp/product/B00FKK5MJO/ref=as_li_qf_sp_asin_il_tl?ie=UTF8&camp=247&creative=1211&creativeASIN=B00FKK5MJO&linkCode=as2&tag=maehachi-22',1353854,'46054780','2013-12-04','','UCFDL0NuxUBAvvu1PnIwW2ww',NULL,0),('XIFkD5J8GjQ','心の旅／チューリップ（Cover）','心の旅','http://www.youtube.com/watch?v=XIFkD5J8GjQ','http://i.ytimg.com/vi/XIFkD5J8GjQ/0.jpg','2010-11-02 04:20:05','2014-05-09 09:59:23','2020-04-15 09:04:54','http://www.amazon.co.jp/gp/product/B0018BXM4Q/ref=as_li_qf_sp_asin_il_tl?ie=UTF8&camp=247&creative=1211&creativeASIN=B0018BXM4Q&linkCode=as2&tag=maehachi-22',748088,'10517678','1973-04-20','','UCFDL0NuxUBAvvu1PnIwW2ww',NULL,0),('xkkgAVzB_pM','Rehearsal #03 打上花火','打上花火','https://www.youtube.com/watch?v=xkkgAVzB_pM','https://i.ytimg.com/vi/xkkgAVzB_pM/mqdefault.jpg','2017-09-09 10:03:41','2017-09-14 15:24:55','2020-04-15 09:06:07','https://www.amazon.co.jp/gp/product/B073D3CM2B/ref=as_li_qf_sp_asin_il_tl?ie=UTF8&tag=maehachi-22&camp=247&creative=1211&linkCode=as2&creativeASIN=B073D3CM2B&linkId=ff8a7000126b83c828ddbe0635efda56',922138,'107969495','2017-08-16','映画『打ち上げ花火、下から見るか?横から見るか?』主題歌','UCFDL0NuxUBAvvu1PnIwW2ww',NULL,0),('XpH_xZaBrzQ','Play You. House 2nd 10/09 05','Play You. House 2nd 10/09 05','http://www.youtube.com/watch?v=XpH_xZaBrzQ','http://i.ytimg.com/vi/XpH_xZaBrzQ/0.jpg','2010-10-14 07:41:13','2014-06-20 17:50:34','2020-04-11 08:04:55','http://www.amazon.co.jp/gp/product/B00000IHBR/ref=as_li_qf_sp_asin_il_tl?ie=UTF8&camp=247&creative=1211&creativeASIN=B00000IHBR&linkCode=as2&tag=maehachi-22',78196,'10090001','1997-04-23','やさしい気持ち／chara（Cover）','UCFDL0NuxUBAvvu1PnIwW2ww',NULL,0),('XQHaWxYjPVw','MR. TAXI／少女時代（Cover）','MR. TAXI','http://www.youtube.com/watch?v=XQHaWxYjPVw','http://i.ytimg.com/vi/XQHaWxYjPVw/0.jpg','2012-04-03 10:25:40','2014-06-20 17:50:33','2019-07-14 11:17:01','http://www.amazon.co.jp/gp/product/B004Q2LE1M/ref=as_li_qf_sp_asin_il_tl?ie=UTF8&camp=247&creative=1211&creativeASIN=B004Q2LE1M&linkCode=as2&tag=maehachi-22',1992988,'21488266','2011-04-27','','UCFDL0NuxUBAvvu1PnIwW2ww',NULL,0),('Xr2JQ3xW-Gc','どんなときも／槇原敬之（Cover）','どんなときも','http://www.youtube.com/watch?v=Xr2JQ3xW-Gc','http://i.ytimg.com/vi/Xr2JQ3xW-Gc/0.jpg','2011-04-02 13:51:32','2014-05-09 09:59:22','2019-07-14 11:17:01','http://www.amazon.co.jp/gp/product/B00AY1NWVE/ref=as_li_qf_sp_asin_il_tl?ie=UTF8&camp=247&creative=1211&creativeASIN=B00AY1NWVE&linkCode=as2&tag=maehachi-22',2850545,'','1991-06-10',NULL,'UCFDL0NuxUBAvvu1PnIwW2ww',NULL,0),('xs6OmSnxlA0','有心論／RADWIMPS（Cover）','有心論','http://www.youtube.com/watch?v=xs6OmSnxlA0','http://i.ytimg.com/vi/xs6OmSnxlA0/0.jpg','2014-11-22 08:42:23','2014-12-11 12:13:11','2020-04-15 09:05:36','http://www.amazon.co.jp/gp/product/B000JLSV6U/ref=as_li_qf_sp_asin_il_tl?ie=UTF8&camp=247&creative=1211&creativeASIN=B000JLSV6U&linkCode=as2&tag=maehachi-22',2888571,'55444987','2006-07-26','','UCFDL0NuxUBAvvu1PnIwW2ww',NULL,0),('XU9_m8Ul7Cg','Planet Home／山田タマル','Planet Home','http://www.youtube.com/watch?v=XU9_m8Ul7Cg','http://i.ytimg.com/vi/XU9_m8Ul7Cg/0.jpg','2010-07-28 09:17:14','2014-05-09 09:59:23','2019-07-14 11:17:01','',28989,'8478340',NULL,'','UCFDL0NuxUBAvvu1PnIwW2ww',NULL,0),('Xv4nXYbQQ34','ブレーメン／くるり（Cover）','ブレーメン','http://www.youtube.com/watch?v=Xv4nXYbQQ34','http://i.ytimg.com/vi/Xv4nXYbQQ34/0.jpg','2010-08-17 04:44:21','2014-05-09 09:59:23','2019-07-14 11:17:01','http://www.amazon.co.jp/gp/product/B004XES1Z0/ref=as_li_qf_sp_asin_il_tl?ie=UTF8&camp=247&creative=1211&creativeASIN=B004XES1Z0&linkCode=as2&tag=maehachi-22',283902,'8919226','2007-06-27','','UCFDL0NuxUBAvvu1PnIwW2ww',NULL,0),('XvO8lFROzMs','Sing / Goose house(Play.Goose #1 ver.)','Sing ','https://www.youtube.com/watch?v=XvO8lFROzMs','https://i.ytimg.com/vi/XvO8lFROzMs/mqdefault.jpg','2018-12-15 11:09:51','2019-07-13 14:42:09','2020-04-15 10:04:26',NULL,629342,NULL,'2011-06-26',NULL,'UCx66obAJ42B0XwHIm_iupkw','bdvoqsZhzGw',0),('XwW5_MFzC6A','魔法の料理 〜君から君へ〜／BUMP OF CHICKEN（Cover）','魔法の料理 〜君から君へ〜','http://www.youtube.com/watch?v=XwW5_MFzC6A','http://i.ytimg.com/vi/XwW5_MFzC6A/0.jpg','2015-02-08 07:35:28','2015-02-09 00:09:43','2019-07-14 11:17:01','http://www.amazon.co.jp/gp/product/B004A15KUK/ref=as_li_qf_sp_asin_il_tl?ie=UTF8&camp=247&creative=1211&creativeASIN=B004A15KUK&linkCode=as2&tag=maehachi-22',1733577,'58273556','2010-04-21','','UCFDL0NuxUBAvvu1PnIwW2ww',NULL,0),('XXCzJK3-iZY','焦燥 ／松尾レミ（Original）','焦燥 ','http://www.youtube.com/watch?v=XXCzJK3-iZY','http://i.ytimg.com/vi/XXCzJK3-iZY/0.jpg','2010-08-03 12:33:23','2014-06-20 17:50:34','2019-07-14 11:17:01','',305984,'8628820',NULL,'','UCFDL0NuxUBAvvu1PnIwW2ww',NULL,0),('xXIm6ba1oxE','春よ来い／松任谷由実（Cover）','春よ来い','http://www.youtube.com/watch?v=xXIm6ba1oxE','http://i.ytimg.com/vi/xXIm6ba1oxE/0.jpg','2013-01-30 10:57:47','2014-05-09 09:59:21','2019-07-14 11:17:01','http://www.amazon.co.jp/gp/product/B00005GLK1/ref=as_li_qf_sp_asin_il_tl?ie=UTF8&camp=247&creative=1211&creativeASIN=B00005GLK1&linkCode=as2&tag=maehachi-22',2434013,'28627761','1994-10-24','','UCFDL0NuxUBAvvu1PnIwW2ww',NULL,0),('XyvwQJnZwMo','Goose house TV【KEI\'s SHOW】#002 ゲスト：工藤秀平','Goose house TV【KEI\'s SHOW】#002 ゲスト：工藤秀平','https://www.youtube.com/watch?v=XyvwQJnZwMo','https://i.ytimg.com/vi/XyvwQJnZwMo/mqdefault.jpg','2016-04-21 11:03:47','2016-05-23 13:25:33','2019-07-14 11:17:01',NULL,421423,NULL,NULL,NULL,'UCFDL0NuxUBAvvu1PnIwW2ww',NULL,0),('xzHGXopIjc0','che.r.ry／yui （Cover）','che.r.ry','http://www.youtube.com/watch?v=xzHGXopIjc0','http://i.ytimg.com/vi/xzHGXopIjc0/0.jpg','2010-07-01 10:03:49','2014-05-09 09:59:24','2019-07-14 11:17:01','http://www.amazon.co.jp/gp/product/B000MZHT7U/ref=as_li_qf_sp_asin_il_tl?ie=UTF8&camp=247&creative=1211&creativeASIN=B000MZHT7U&linkCode=as2&tag=maehachi-22',2016102,'7761148','2007-03-07','','UCFDL0NuxUBAvvu1PnIwW2ww',NULL,0),('y03Xkh0mmC0','やさしさで溢れるように／JUJU （Cover）','やさしさで溢れるように','http://www.youtube.com/watch?v=y03Xkh0mmC0','http://i.ytimg.com/vi/y03Xkh0mmC0/0.jpg','2010-11-16 05:46:29','2014-06-20 17:50:33','2020-04-15 09:04:54','http://www.amazon.co.jp/gp/product/B001LWJZQ6/ref=as_li_qf_sp_asin_il_tl?ie=UTF8&camp=247&creative=1211&creativeASIN=B001LWJZQ6&linkCode=as2&tag=maehachi-22',1102910,'10827045','2009-02-11','','UCFDL0NuxUBAvvu1PnIwW2ww',NULL,0),('Y3Wiwh3M__g','コイスルオトメ／いきものがかり（Cover）','コイスルオトメ','http://www.youtube.com/watch?v=Y3Wiwh3M__g','http://i.ytimg.com/vi/Y3Wiwh3M__g/0.jpg','2011-06-12 10:27:46','2014-05-09 09:59:22','2020-04-15 09:05:05','http://www.amazon.co.jp/gp/product/B000I6BL54/ref=as_li_qf_sp_asin_il_tl?ie=UTF8&camp=247&creative=1211&creativeASIN=B000I6BL54&linkCode=as2&tag=maehachi-22',2353489,'15309614','2006-10-18','','UCFDL0NuxUBAvvu1PnIwW2ww',NULL,0),('Y4XHAEdaoVw','蕾／コブクロ（Cover）','蕾','https://www.youtube.com/watch?v=Y4XHAEdaoVw','https://i.ytimg.com/vi/Y4XHAEdaoVw/mqdefault.jpg','2018-05-24 10:05:02','2019-03-17 06:30:01','2020-04-15 09:06:15','https://www.amazon.co.jp/gp/product/B07H34YMXH/ref=as_li_qf_asin_il_tl?ie=UTF8&tag=maehachi-22&creative=1211&linkCode=as2&creativeASIN=B07H34YMXH&linkId=4418f875da3b5c40e5c1480da7ea6541',770320,NULL,'2007-03-21','フジテレビ系ドラマ『東京タワー 〜オカンとボクと、時々、オトン〜』主題歌','UCFDL0NuxUBAvvu1PnIwW2ww',NULL,0),('Y4XhetPDUO4','【Goose house】竹渕慶 コメントムービー／収録曲「泣かないのは、もう」','【Goose house】竹渕慶 コメントムービー','https://www.youtube.com/watch?v=Y4XhetPDUO4','https://i.ytimg.com/vi/Y4XhetPDUO4/mqdefault.jpg','2016-06-13 10:42:42','2016-06-18 05:30:18','2020-04-15 09:05:57','http://www.amazon.co.jp/gp/product/B01G70EH3C/ref=as_li_qf_sp_asin_il_tl?ie=UTF8&camp=247&creative=1211&creativeASIN=B01G70EH3C&linkCode=as2&tag=maehachi-22',329111,'','2016-07-06','','UCFDL0NuxUBAvvu1PnIwW2ww',NULL,0),('y7Jl81A9rV0','東京／JUJU（Cover）','東京','https://www.youtube.com/watch?v=y7Jl81A9rV0','https://i.ytimg.com/vi/y7Jl81A9rV0/mqdefault.jpg','2018-07-10 10:55:02','2019-03-17 06:30:01','2020-04-15 09:06:15','https://www.amazon.co.jp/gp/product/B077XWWFSQ/ref=as_li_qf_asin_il_tl?ie=UTF8&tag=maehachi-22&creative=1211&linkCode=as2&creativeASIN=B077XWWFSQ&linkId=0d5506c359575334ecfc453db18b3479',306360,NULL,'2018-01-24','映画『祈りの幕が下りる時』主題歌','UCFDL0NuxUBAvvu1PnIwW2ww',NULL,0),('Y7OHmxvuIwE','思いが重なるその前に／平井堅（Cover）','思いが重なるその前に','http://www.youtube.com/watch?v=Y7OHmxvuIwE','http://i.ytimg.com/vi/Y7OHmxvuIwE/0.jpg','2013-11-04 09:01:30','2014-05-09 09:59:21','2020-04-15 09:05:25','http://www.amazon.co.jp/gp/product/B000EBCKX0/ref=as_li_qf_sp_asin_il_tl?ie=UTF8&camp=247&creative=1211&creativeASIN=B000EBCKX0&linkCode=as2&tag=maehachi-22',1058131,'39978673','2004-10-06','','UCFDL0NuxUBAvvu1PnIwW2ww',NULL,0),('y9oJXm3ygOE','無形スピリット／柴咲コウ（Cover）','無形スピリット','http://www.youtube.com/watch?v=y9oJXm3ygOE','http://i.ytimg.com/vi/y9oJXm3ygOE/0.jpg','2011-03-25 14:11:25','2014-05-09 09:59:23','2019-07-14 11:17:01','http://www.amazon.co.jp/gp/product/B004EVW4IM/ref=as_li_qf_sp_asin_il_tl?ie=UTF8&camp=247&creative=1211&creativeASIN=B004EVW4IM&linkCode=as2&tag=maehachi-22',186493,'','2011-02-09',NULL,'UCFDL0NuxUBAvvu1PnIwW2ww',NULL,0),('YavNgBaqHoc','空はまるで／MONKEY MAJIK（cover）','空はまるで','http://www.youtube.com/watch?v=YavNgBaqHoc','http://i.ytimg.com/vi/YavNgBaqHoc/0.jpg','2011-07-17 18:21:11','2014-05-09 09:59:22','2020-04-15 09:05:05','http://www.amazon.co.jp/gp/product/B003JK30M8/ref=as_li_qf_sp_asin_il_tl?ie=UTF8&camp=247&creative=1211&creativeASIN=B003JK30M8&linkCode=as2&tag=maehachi-22',1630040,'','2007-07-25',NULL,'UCFDL0NuxUBAvvu1PnIwW2ww',NULL,0),('YbYH47XuOq0','もんだいガール／きゃりーぱみゅぱみゅ（Cover）','もんだいガール','http://www.youtube.com/watch?v=YbYH47XuOq0','http://i.ytimg.com/vi/YbYH47XuOq0/0.jpg','2015-05-05 06:52:15','2015-05-06 01:15:37','2019-09-03 11:06:42','http://www.amazon.co.jp/gp/product/B00RWMENH0/ref=as_li_qf_sp_asin_il_tl?ie=UTF8&camp=247&creative=1211&creativeASIN=B00RWMENH0&linkCode=as2&tag=maehachi-22',1149932,'61239113','2015-03-18','','UCFDL0NuxUBAvvu1PnIwW2ww',NULL,0),('ybzsKec_cW0','にじいろ／絢香（Cover）','にじいろ','https://www.youtube.com/watch?v=ybzsKec_cW0','https://i.ytimg.com/vi/ybzsKec_cW0/mqdefault.jpg','2016-08-16 10:45:29','2016-08-28 10:38:58','2020-04-15 09:05:57','https://www.amazon.co.jp/gp/product/B00RGHDS1S/ref=as_li_qf_sp_asin_il_tl?ie=UTF8&camp=247&creative=1211&creativeASIN=B00RGHDS1S&linkCode=as2&tag=maehachi-22',3420083,'90113779','2014-06-18','NHK連続テレビ小説『花子とアン』主題歌','UCFDL0NuxUBAvvu1PnIwW2ww',NULL,0),('YC4OsRtCBQs','勿忘 /  Awesome City Club（Cover）','勿忘','https://www.youtube.com/watch?v=YC4OsRtCBQs','https://i.ytimg.com/vi/YC4OsRtCBQs/mqdefault.jpg','2021-03-14 11:00:14','2021-05-30 02:54:51','2021-06-08 12:20:40',NULL,167854,NULL,'2021-01-27','映画『花束みたいな恋をした』のインスパイアソング',NULL,NULL,0),('YEz3J4Ukmtk','1000のバイオリン／the blue hearts（Cover）','1000のバイオリン','http://www.youtube.com/watch?v=YEz3J4Ukmtk','http://i.ytimg.com/vi/YEz3J4Ukmtk/0.jpg','2010-08-03 12:02:08','2014-05-09 09:59:23','2019-07-14 11:17:01','http://www.amazon.co.jp/gp/product/B00003WGCZ/ref=as_li_qf_sp_asin_il_tl?ie=UTF8&camp=247&creative=1211&creativeASIN=B00003WGCZ&linkCode=as2&tag=maehachi-22',815407,'8628820','1993-05-25','','UCFDL0NuxUBAvvu1PnIwW2ww',NULL,0),('YGGc9PUOhhQ','Goose house Live Tour 2015','Goose house Live Tour 2015','https://www.youtube.com/watch?v=YGGc9PUOhhQ','https://i.ytimg.com/vi/YGGc9PUOhhQ/mqdefault.jpg','2015-06-30 11:05:45','2015-06-30 13:09:30','2020-04-15 09:05:47','',1938574,'',NULL,NULL,'UCFDL0NuxUBAvvu1PnIwW2ww',NULL,0),('YgKjqN4mYSg','Play You. House 2nd 10/16 06','Play You. House 2nd 10/16 06','https://www.youtube.com/watch?v=YgKjqN4mYSg','https://i.ytimg.com/vi/YgKjqN4mYSg/mqdefault.jpg','2010-10-20 07:05:36','2015-11-26 10:51:07','2020-04-15 07:04:55','http://www.amazon.co.jp/gp/product/B002R0JZS4/ref=as_li_qf_sp_asin_il_tl?ie=UTF8&camp=247&creative=1211&creativeASIN=B002R0JZS4&linkCode=as2&tag=maehachi-22',56350,'10235778','2010-01-13','いつもの日／阿倍真央（Cover）','UCFDL0NuxUBAvvu1PnIwW2ww',NULL,0),('yJptus8dsKY','Love Forever／加藤ミリヤ×清水翔太（Cover）','Love Forever','http://www.youtube.com/watch?v=yJptus8dsKY','http://i.ytimg.com/vi/yJptus8dsKY/0.jpg','2013-08-31 11:36:19','2014-05-09 09:59:21','2020-04-15 09:05:26','http://www.amazon.co.jp/gp/product/B00I80TN20/ref=as_li_qf_sp_asin_il_tl?ie=UTF8&camp=247&creative=1211&creativeASIN=B00I80TN20&linkCode=as2&tag=maehachi-22',2856048,'37732285','2009-05-13','','UCFDL0NuxUBAvvu1PnIwW2ww',NULL,0),('YK7jRR3BmBU','スーパーマン／k.k.（Original）','スーパーマン','http://www.youtube.com/watch?v=YK7jRR3BmBU','http://i.ytimg.com/vi/YK7jRR3BmBU/0.jpg','2010-08-17 05:00:23','2014-05-09 09:59:23','2019-07-14 11:17:01','',654409,'8919226',NULL,'','UCFDL0NuxUBAvvu1PnIwW2ww',NULL,0),('YKwXix967PI','スパークル／RADWIMPS（Cover)','スパークル','https://www.youtube.com/watch?v=YKwXix967PI','https://i.ytimg.com/vi/YKwXix967PI/mqdefault.jpg','2018-08-11 11:53:01','2019-03-17 06:30:00','2020-04-15 09:06:15','https://www.amazon.co.jp/gp/product/B01GJXSQBG/ref=as_li_qf_asin_il_tl?ie=UTF8&tag=maehachi-22&creative=1211&linkCode=as2&creativeASIN=B01GJXSQBG&linkId=2c1bb2a0dee5f6ac612968980251809a',3131178,NULL,'2016-08-24','新海誠監督 長編アニメーション映画『君の名は。』収録曲','UCFDL0NuxUBAvvu1PnIwW2ww',NULL,0),('yoh1qy0mXM0','僕らの夏の夢／山下達郎（Cover）','僕らの夏の夢','https://www.youtube.com/watch?v=yoh1qy0mXM0','https://i.ytimg.com/vi/yoh1qy0mXM0/mqdefault.jpg','2015-09-07 11:26:34','2015-09-12 07:25:19','2020-04-15 09:05:46','http://www.amazon.co.jp/gp/product/B002BY493W/ref=as_li_qf_sp_asin_il_tl?ie=UTF8&camp=247&creative=1211&creativeASIN=B002BY493W&linkCode=as2&tag=maehachi-22',691026,'71919857','2009-08-19',NULL,'UCFDL0NuxUBAvvu1PnIwW2ww',NULL,0),('YOkxRDaYuDk','雪の華／中島美嘉(Cover)','雪の華','http://www.youtube.com/watch?v=YOkxRDaYuDk','http://i.ytimg.com/vi/YOkxRDaYuDk/0.jpg','2011-01-18 01:53:30','2014-05-09 09:59:23','2019-07-14 11:17:01','http://www.amazon.co.jp/gp/product/B000BHESSM/ref=as_li_qf_sp_asin_il_tl?ie=UTF8&camp=247&creative=1211&creativeASIN=B000BHESSM&linkCode=as2&tag=maehachi-22',380362,'12027283','2003-10-01','','UCFDL0NuxUBAvvu1PnIwW2ww',NULL,0),('yQgZCLGk050','LOVE RAIN～恋の雨～／久保田利伸（Cover）','LOVE RAIN～恋の雨～','https://www.youtube.com/watch?v=yQgZCLGk050','https://i.ytimg.com/vi/yQgZCLGk050/mqdefault.jpg','2015-11-21 07:55:45','2015-11-21 08:16:44','2020-04-15 09:05:46','http://www.amazon.co.jp/gp/product/B0043C3EL8/ref=as_li_qf_sp_asin_il_tl?ie=UTF8&camp=247&creative=1211&creativeASIN=B0043C3EL8&linkCode=as2&tag=maehachi-22',628771,'76692236','2010-06-16','','UCFDL0NuxUBAvvu1PnIwW2ww',NULL,0),('ySC0apNduaQ','Play You. House 2nd 12/27 04','Play You. House 2nd 12/27 04','http://www.youtube.com/watch?v=ySC0apNduaQ','http://i.ytimg.com/vi/ySC0apNduaQ/0.jpg','2011-01-06 02:26:14','2014-05-09 09:59:23','2019-07-14 11:17:01','http://www.amazon.co.jp/gp/product/B00HHDWGHS/ref=as_li_qf_sp_asin_il_tl?ie=UTF8&camp=247&creative=1211&creativeASIN=B00HHDWGHS&linkCode=as2&tag=maehachi-22',121640,'11669158','2014-03-05','舞花～my flower～/竹渕慶','UCFDL0NuxUBAvvu1PnIwW2ww',NULL,0),('ysjEib8E_no','CAN YOU CELEBRATE? ／安室奈美恵（Cover）','CAN YOU CELEBRATE? ','http://www.youtube.com/watch?v=ysjEib8E_no','http://i.ytimg.com/vi/ysjEib8E_no/0.jpg','2010-11-16 05:49:29','2014-05-09 09:59:23','2020-04-15 09:04:54','http://www.amazon.co.jp/gp/product/B00005EC9Q/ref=as_li_qf_sp_asin_il_tl?ie=UTF8&camp=247&creative=1211&creativeASIN=B00005EC9Q&linkCode=as2&tag=maehachi-22',1333560,'10827045','1997-02-19','','UCFDL0NuxUBAvvu1PnIwW2ww',NULL,0),('yTzc2VnjkQw','これが私の生きる道／puffy（Cover）','これが私の生きる道','http://www.youtube.com/watch?v=yTzc2VnjkQw','http://i.ytimg.com/vi/yTzc2VnjkQw/0.jpg','2010-07-07 07:31:23','2014-05-09 09:59:24','2019-07-14 11:17:01','http://www.amazon.co.jp/gp/product/B000055X10/ref=as_li_qf_sp_asin_il_tl?ie=UTF8&camp=247&creative=1211&creativeASIN=B000055X10&linkCode=as2&tag=maehachi-22',732248,'8146089','1996-10-07','','UCFDL0NuxUBAvvu1PnIwW2ww',NULL,0),('Yv2mnchq6LY','やさしさに包まれたなら／荒井由実（Cover）','やさしさに包まれたなら','http://www.youtube.com/watch?v=Yv2mnchq6LY','http://i.ytimg.com/vi/Yv2mnchq6LY/0.jpg','2010-07-20 16:57:39','2014-05-09 09:59:24','2019-07-14 11:17:01','http://www.amazon.co.jp/gp/product/B0002RN9A4/ref=as_li_qf_sp_asin_il_tl?ie=UTF8&camp=247&creative=1211&creativeASIN=B0002RN9A4&linkCode=as2&tag=maehachi-22',994017,'8331022','1992-09-21','','UCFDL0NuxUBAvvu1PnIwW2ww',NULL,0),('yVGC5KMKgqw','Cling Cling／Perfume（Cover）','Cling Cling','http://www.youtube.com/watch?v=yVGC5KMKgqw','http://i.ytimg.com/vi/yVGC5KMKgqw/0.jpg','2015-04-12 06:46:52','2015-04-12 08:04:25','2019-07-14 11:17:01','http://www.amazon.co.jp/gp/product/B00KGROYD6/ref=as_li_qf_sp_asin_il_tl?ie=UTF8&camp=247&creative=1211&creativeASIN=B00KGROYD6&linkCode=as2&tag=maehachi-22',457838,'60451621','2014-07-16','','UCFDL0NuxUBAvvu1PnIwW2ww',NULL,0),('YWrIiJt_UOU','Lemon／米津玄師（Cover）','Lemon','https://www.youtube.com/watch?v=YWrIiJt_UOU','https://i.ytimg.com/vi/YWrIiJt_UOU/mqdefault.jpg','2018-08-20 10:09:04','2019-03-17 06:30:01','2020-04-15 09:06:15','https://www.amazon.co.jp/gp/product/B0794PMLCQ/ref=as_li_qf_asin_il_tl?ie=UTF8&tag=maehachi-22&creative=1211&linkCode=as2&creativeASIN=B0794PMLCQ&linkId=2d62bf3d552855c845c14bad2b8de997',5409231,NULL,'2018-02-12','TBSテレビドラマ『アンナチュラル』主題歌','UCFDL0NuxUBAvvu1PnIwW2ww',NULL,0),('yY9O-V0DDqk','中央フリーウェイ／荒井由実（Cover）','中央フリーウェイ','http://www.youtube.com/watch?v=yY9O-V0DDqk','http://i.ytimg.com/vi/yY9O-V0DDqk/0.jpg','2010-10-20 06:50:22','2014-05-09 09:59:23','2020-04-15 09:04:54','http://www.amazon.co.jp/gp/product/B00005GMFP/ref=as_li_qf_sp_asin_il_tl?ie=UTF8&camp=247&creative=1211&creativeASIN=B00005GMFP&linkCode=as2&tag=maehachi-22',107710,'10235778','1976-11-20','','UCFDL0NuxUBAvvu1PnIwW2ww',NULL,0),('yZKzGehDxmo','風が吹いている／いきものがかり（Cover）','風が吹いている','http://www.youtube.com/watch?v=yZKzGehDxmo','http://i.ytimg.com/vi/yZKzGehDxmo/0.jpg','2012-09-27 12:08:33','2014-05-09 09:59:21','2020-04-15 09:05:15','http://www.amazon.co.jp/gp/product/B007W4DZ0E/ref=as_li_qf_sp_asin_il_tl?ie=UTF8&camp=247&creative=1211&creativeASIN=B007W4DZ0E&linkCode=as2&tag=maehachi-22',1535655,'25604039','2012-07-18','','UCFDL0NuxUBAvvu1PnIwW2ww',NULL,0),('z__B_djrJc4','高嶺の花子さん／back number （Cover）','高嶺の花子さん','http://www.youtube.com/watch?v=z__B_djrJc4','http://i.ytimg.com/vi/z__B_djrJc4/0.jpg','2013-10-05 08:46:27','2014-05-09 09:59:21','2020-04-15 09:05:25','http://www.amazon.co.jp/gp/product/B00CHIY6Q2/ref=as_li_qf_sp_asin_il_tl?ie=UTF8&camp=247&creative=1211&creativeASIN=B00CHIY6Q2&linkCode=as2&tag=maehachi-22',24810689,'39315898','2013-06-26','','UCFDL0NuxUBAvvu1PnIwW2ww',NULL,0),('z_PB3Jfo03o','サヨナラCOLOR／SUPER BUTTER DOG （Cover）','サヨナラCOLOR','http://www.youtube.com/watch?v=z_PB3Jfo03o','http://i.ytimg.com/vi/z_PB3Jfo03o/0.jpg','2011-10-04 17:39:18','2014-05-09 09:59:22','2020-04-15 09:05:05','http://www.amazon.co.jp/gp/product/B0009OAVBU/ref=as_li_qf_sp_asin_il_tl?ie=UTF8&camp=247&creative=1211&creativeASIN=B0009OAVBU&linkCode=as2&tag=maehachi-22',253069,'17613040','2001-10-06','','UCFDL0NuxUBAvvu1PnIwW2ww',NULL,0),('Z-kO6n23Ydg','等身大のラブソング／Aqua Timez（Cover）','等身大のラブソング','http://www.youtube.com/watch?v=Z-kO6n23Ydg','http://i.ytimg.com/vi/Z-kO6n23Ydg/0.jpg','2012-02-25 14:06:22','2014-05-09 09:59:22','2019-07-14 11:17:01','http://www.amazon.co.jp/gp/product/B002LE4AOA/ref=as_li_qf_sp_asin_il_tl?ie=UTF8&camp=247&creative=1211&creativeASIN=B002LE4AOA&linkCode=as2&tag=maehachi-22',2171619,'20525627','2005-08-24','','UCFDL0NuxUBAvvu1PnIwW2ww',NULL,0),('Z5PM0FhFkoQ','Play You. House 08/21 09','Play You. House 08/21 09','http://www.youtube.com/watch?v=Z5PM0FhFkoQ','http://i.ytimg.com/vi/Z5PM0FhFkoQ/0.jpg','2010-08-24 10:19:17','2014-05-09 09:59:23','2019-07-14 11:17:01','http://www.amazon.co.jp/gp/product/B00AO6LDN8/ref=as_li_qf_sp_asin_il_tl?ie=UTF8&camp=247&creative=1211&creativeASIN=B00AO6LDN8&linkCode=as2&tag=maehachi-22',44346,'9059475','2011-06-26','sing／Play You. House（Original）','UCFDL0NuxUBAvvu1PnIwW2ww',NULL,0),('Z7ixtC4ntOw','接吻／ORIGINAL LOVE（Cover）','接吻','https://www.youtube.com/watch?v=Z7ixtC4ntOw','https://i.ytimg.com/vi/Z7ixtC4ntOw/mqdefault.jpg','2015-09-07 11:21:26','2015-09-12 07:25:19','2020-04-15 09:05:46','http://www.amazon.co.jp/gp/product/B00005FQFB/ref=as_li_qf_sp_asin_il_tl?ie=UTF8&camp=247&creative=1211&creativeASIN=B00005FQFB&linkCode=as2&tag=maehachi-22',619369,'71919857','1993-11-10',NULL,'UCFDL0NuxUBAvvu1PnIwW2ww',NULL,0),('z7XlZlaykxk','time will tell／宇多田ヒカル（Cover）','time will tell','https://www.youtube.com/watch?v=z7XlZlaykxk','https://i.ytimg.com/vi/z7XlZlaykxk/mqdefault.jpg','2017-11-29 10:30:35','2019-03-17 06:30:00','2020-04-15 09:06:07','https://www.amazon.co.jp/gp/product/B077VDTL4R/ref=as_li_qf_asin_il_tl?ie=UTF8&tag=maehachi-22&creative=1211&linkCode=as2&creativeASIN=B077VDTL4R&linkId=c533633566fc33ab79d2d46000d03ca2',489482,'109889306','1998-12-09',NULL,'UCFDL0NuxUBAvvu1PnIwW2ww',NULL,0),('zaKqtd4ZwsY','Goose house 『LOVE & LIFE』Music Video','Goose house 『LOVE & LIFE』Music Video','https://www.youtube.com/watch?v=zaKqtd4ZwsY','https://i.ytimg.com/vi/zaKqtd4ZwsY/mqdefault.jpg','2015-11-28 13:05:03','2015-11-29 07:48:24','2020-04-15 09:05:46','http://www.amazon.co.jp/gp/product/B017F4MUUG/ref=as_li_qf_sp_asin_il_tl?ie=UTF8&camp=247&creative=1211&creativeASIN=B017F4MUUG&linkCode=as2&tag=maehachi-22',567419,'','2015-12-09','','UCFDL0NuxUBAvvu1PnIwW2ww',NULL,0),('ZbhW_GDuk0c','笑顔／いきものがかり（Cover）','笑顔','http://www.youtube.com/watch?v=ZbhW_GDuk0c','http://i.ytimg.com/vi/ZbhW_GDuk0c/0.jpg','2014-02-06 10:21:20','2014-05-09 09:59:21','2019-07-14 11:17:02','http://www.amazon.co.jp/gp/product/B00CIXE5IK/ref=as_li_qf_sp_asin_il_tl?ie=UTF8&camp=247&creative=1211&creativeASIN=B00CIXE5IK&linkCode=as2&tag=maehachi-22',8762048,'43068972','2013-07-10','','UCFDL0NuxUBAvvu1PnIwW2ww',NULL,0),('zCtE0PgptNs','Sing','Sing','https://www.youtube.com/watch?v=zCtE0PgptNs','https://i.ytimg.com/vi/zCtE0PgptNs/mqdefault.jpg','2011-03-01 03:11:13','2015-11-26 10:51:07','2019-07-14 11:17:02',NULL,117368,NULL,NULL,NULL,'UCFDL0NuxUBAvvu1PnIwW2ww',NULL,0),('ZDlXM8anXtE','俺ら東京さ行ぐだ／吉幾三（Cover）','俺ら東京さ行ぐだ','http://www.youtube.com/watch?v=ZDlXM8anXtE','http://i.ytimg.com/vi/ZDlXM8anXtE/0.jpg','2014-11-02 10:03:56','2014-12-11 12:13:11','2020-04-15 09:05:36','http://www.amazon.co.jp/gp/product/B000JGCMB0/ref=as_li_qf_sp_asin_il_tl?ie=UTF8&camp=247&creative=1211&creativeASIN=B000JGCMB0&linkCode=as2&tag=maehachi-22',1140339,'54137147','1984-11-25','','UCFDL0NuxUBAvvu1PnIwW2ww',NULL,0),('ZFWu2q04NtM','津軽海峡・冬景色／石川さゆり（Cover）','津軽海峡・冬景色','http://www.youtube.com/watch?v=ZFWu2q04NtM','http://i.ytimg.com/vi/ZFWu2q04NtM/0.jpg','2011-01-18 02:01:11','2014-05-09 09:59:23','2019-07-14 11:17:02','http://www.amazon.co.jp/gp/product/B003GZ67TO/ref=as_li_qf_sp_asin_il_tl?ie=UTF8&camp=247&creative=1211&creativeASIN=B003GZ67TO&linkCode=as2&tag=maehachi-22',351748,'12027283','1977-01-01','','UCFDL0NuxUBAvvu1PnIwW2ww',NULL,0),('zgnH_MNzlqs','Play You. House 2nd 12/27 01','Play You. House 2nd 12/27 01','http://www.youtube.com/watch?v=zgnH_MNzlqs','http://i.ytimg.com/vi/zgnH_MNzlqs/0.jpg','2011-01-06 02:15:08','2014-05-09 09:59:23','2019-07-14 11:17:02','http://www.amazon.co.jp/gp/product/B0006ZJCA8/ref=as_li_qf_sp_asin_il_tl?ie=UTF8&camp=247&creative=1211&creativeASIN=B0006ZJCA8&linkCode=as2&tag=maehachi-22',181161,'11669158','2005-01-22','My Way／Def Tech（Cover）','UCFDL0NuxUBAvvu1PnIwW2ww',NULL,0),('ZhOXImVuD2w','丸の内サディスティック／椎名林檎（Cover）','丸の内サディスティック','https://www.youtube.com/watch?v=ZhOXImVuD2w','https://i.ytimg.com/vi/ZhOXImVuD2w/mqdefault.jpg','2017-05-16 10:07:40','2017-05-31 14:18:43','2019-09-01 12:07:00','https://www.amazon.co.jp/gp/product/B00000JD1I/ref=as_li_qf_sp_asin_il_tl?ie=UTF8&tag=maehachi-22&camp=247&creative=1211&linkCode=as2&creativeASIN=B00000JD1I&linkId=ab0edba287ab66789040acc40ade16a0',1631567,'102383704','1999-02-24','タイトルの「丸の内」とは、当時の営団地下鉄（現在の東京メトロ）丸ノ内線のことであり、主要駅が歌詞に登場する','UCFDL0NuxUBAvvu1PnIwW2ww',NULL,0),('Zjr_-7O43C4','Sing／Goosehouse','Sing','http://www.youtube.com/watch?v=Zjr_-7O43C4','http://i.ytimg.com/vi/Zjr_-7O43C4/0.jpg','2011-08-01 11:11:27','2014-05-09 09:59:22','2020-04-15 09:05:05','http://www.amazon.co.jp/gp/product/B00AO6LDN8/ref=as_li_qf_sp_asin_il_tl?ie=UTF8&camp=247&creative=1211&creativeASIN=B00AO6LDN8&linkCode=as2&tag=maehachi-22',1290883,'16329822','2011-06-26','','UCFDL0NuxUBAvvu1PnIwW2ww',NULL,0),('zkLCprHkqYY','天体観測／BUMP OF CHICKEN（Cover）','天体観測','http://www.youtube.com/watch?v=zkLCprHkqYY','http://i.ytimg.com/vi/zkLCprHkqYY/0.jpg','2012-02-24 15:37:30','2014-05-09 09:59:22','2019-07-14 11:17:02','http://www.amazon.co.jp/gp/product/B00005V4Z6/ref=as_li_qf_sp_asin_il_tl?ie=UTF8&camp=247&creative=1211&creativeASIN=B00005V4Z6&linkCode=as2&tag=maehachi-22',4993308,'20525627','2001-03-14','','UCFDL0NuxUBAvvu1PnIwW2ww',NULL,0),('ZmJD-7A6H2A','ドミノエフェクト／Goose house','ドミノエフェクト','http://www.youtube.com/watch?v=ZmJD-7A6H2A','http://i.ytimg.com/vi/ZmJD-7A6H2A/0.jpg','2015-03-09 11:42:58','2015-03-09 14:43:13','2019-07-14 11:17:02','http://www.amazon.co.jp/gp/product/B00SLMZMVG/ref=as_li_qf_sp_asin_il_tl?ie=UTF8&camp=247&creative=1211&creativeASIN=B00SLMZMVG&linkCode=as2&tag=maehachi-22',2234544,'59355651','2015-02-25','','UCFDL0NuxUBAvvu1PnIwW2ww',NULL,0),('ZnGymLjQXLc','この闇を照らす光のむこうに／Anly＋スキマスイッチ（Cover）','この闇を照らす光のむこうに','https://www.youtube.com/watch?v=ZnGymLjQXLc','https://i.ytimg.com/vi/ZnGymLjQXLc/mqdefault.jpg','2017-04-17 11:00:52','2017-04-29 04:01:09','2019-07-14 11:17:02','https://www.amazon.co.jp/gp/product/B01MTBYSWR/ref=as_li_qf_sp_asin_il_tl?ie=UTF8&tag=maehachi-22&camp=247&creative=1211&linkCode=as2&creativeASIN=B01MTBYSWR&linkId=22ca11b45891093109b98eed3653c79c',621099,'101374925','2017-03-01','日本テレビ系ドラマ「視覚探偵 日暮旅人」エンディングテーマ','UCFDL0NuxUBAvvu1PnIwW2ww',NULL,0),('zo3pwwZCEcg','課題曲『永遠の八月』／Goosehouse (コーラスレッスン)','課題曲『永遠の八月』','http://www.youtube.com/watch?v=zo3pwwZCEcg','http://i.ytimg.com/vi/zo3pwwZCEcg/0.jpg','2013-07-23 11:14:40','2014-05-09 09:59:21','2020-04-15 09:05:26','http://www.amazon.co.jp/gp/product/B00D8BJW5W/ref=as_li_qf_sp_asin_il_tl?ie=UTF8&camp=247&creative=1211&creativeASIN=B00D8BJW5W&linkCode=as2&tag=maehachi-22',981348,'','2013-07-30',NULL,'UCFDL0NuxUBAvvu1PnIwW2ww',NULL,0),('ZrTKdUhsREk','サザンカ／SEKAI NO OWARI（Cover）','サザンカ','https://www.youtube.com/watch?v=ZrTKdUhsREk','https://i.ytimg.com/vi/ZrTKdUhsREk/mqdefault.jpg','2018-05-18 11:00:49','2019-03-17 06:30:01','2020-04-15 09:06:15','https://www.amazon.co.jp/gp/product/B07L4YWZV6/ref=as_li_qf_asin_il_tl?ie=UTF8&tag=maehachi-22&creative=1211&linkCode=as2&creativeASIN=B07L4YWZV6&linkId=2e381b331f66b740147b0a7875df54f9',426042,NULL,'2018-02-28','2018年平昌オリンピックおよび平昌パラリンピックのテーマソング(NHK）','UCFDL0NuxUBAvvu1PnIwW2ww',NULL,0),('zs5NEaHNNu0','Gee／少女時代（Cover）','Gee','http://www.youtube.com/watch?v=zs5NEaHNNu0','http://i.ytimg.com/vi/zs5NEaHNNu0/0.jpg','2011-02-01 06:37:05','2014-05-09 09:59:23','2019-07-14 11:17:02','http://www.amazon.co.jp/gp/product/B0041UOQ1O/ref=as_li_qf_sp_asin_il_tl?ie=UTF8&camp=247&creative=1211&creativeASIN=B0041UOQ1O&linkCode=as2&tag=maehachi-22',2119736,'12320949','2009-01-05','','UCFDL0NuxUBAvvu1PnIwW2ww',NULL,0),('zTuBeNrUU9I','let go 〜maison de m-flo〜／清水翔太（Cover）','let go 〜maison de m-flo〜','http://www.youtube.com/watch?v=zTuBeNrUU9I','http://i.ytimg.com/vi/zTuBeNrUU9I/0.jpg','2012-06-01 13:45:32','2014-05-09 09:59:22','2019-07-14 11:17:02','http://www.amazon.co.jp/gp/product/B004GJ34HM/ref=as_li_qf_sp_asin_il_tl?ie=UTF8&camp=247&creative=1211&creativeASIN=B004GJ34HM&linkCode=as2&tag=maehachi-22',807989,'22862395','2009-09-16','','UCFDL0NuxUBAvvu1PnIwW2ww',NULL,0),('ZUTqVx49NAQ','Garden／Sugar Soul feat.Kenji （Cover）','Garden','http://www.youtube.com/watch?v=ZUTqVx49NAQ','http://i.ytimg.com/vi/ZUTqVx49NAQ/0.jpg','2010-10-05 07:06:59','2014-05-09 09:59:23','2020-03-26 07:04:55','http://www.amazon.co.jp/gp/product/B00005HIVP/ref=as_li_qf_sp_asin_il_tl?ie=UTF8&camp=247&creative=1211&creativeASIN=B00005HIVP&linkCode=as2&tag=maehachi-22',1183537,'9950624','1999-09-08','','UCFDL0NuxUBAvvu1PnIwW2ww',NULL,0),('ZV2jhl2OWMo','100万回の「I love you」／Rake（Cover）','100万回の「I love you」','http://www.youtube.com/watch?v=ZV2jhl2OWMo','http://i.ytimg.com/vi/ZV2jhl2OWMo/0.jpg','2011-06-12 16:43:43','2014-05-09 09:59:22','2020-04-15 09:05:05','http://www.amazon.co.jp/gp/product/B004P0A1HS/ref=as_li_qf_sp_asin_il_tl?ie=UTF8&camp=247&creative=1211&creativeASIN=B004P0A1HS&linkCode=as2&tag=maehachi-22',9617670,'15309614','2011-03-09','','UCFDL0NuxUBAvvu1PnIwW2ww',NULL,0),('zvmlcwyHR5Q','Teens／Original','Teens','http://www.youtube.com/watch?v=zvmlcwyHR5Q','http://i.ytimg.com/vi/zvmlcwyHR5Q/0.jpg','2011-04-14 13:38:25','2014-05-09 09:59:22','2019-07-14 11:17:02','http://www.amazon.co.jp/gp/product/B00AO6LDN8/ref=as_li_qf_sp_asin_il_tl?ie=UTF8&camp=247&creative=1211&creativeASIN=B00AO6LDN8&linkCode=as2&tag=maehachi-22',147040,'','2011-06-26',NULL,'UCFDL0NuxUBAvvu1PnIwW2ww',NULL,0),('Zw100vOIk5c','ウエディング・ベル／Sugar（Cover）','ウエディング・ベル','http://www.youtube.com/watch?v=Zw100vOIk5c','http://i.ytimg.com/vi/Zw100vOIk5c/0.jpg','2010-11-16 04:45:33','2014-05-09 09:59:23','2020-04-15 09:04:54','http://www.amazon.co.jp/gp/product/B0002YD7UE/ref=as_li_qf_sp_asin_il_tl?ie=UTF8&camp=247&creative=1211&creativeASIN=B0002YD7UE&linkCode=as2&tag=maehachi-22',351863,'10826515','1981-11-21','','UCFDL0NuxUBAvvu1PnIwW2ww',NULL,0),('zWXFyRHolHA','Play You. House 08/07 04','Play You. House 08/07 04','http://www.youtube.com/watch?v=zWXFyRHolHA','http://i.ytimg.com/vi/zWXFyRHolHA/0.jpg','2010-08-09 04:15:01','2014-05-09 09:59:23','2019-07-14 11:17:02','http://www.amazon.co.jp/gp/product/B000ALMV1K/ref=as_li_qf_sp_asin_il_tl?ie=UTF8&camp=247&creative=1211&creativeASIN=B000ALMV1K&linkCode=as2&tag=maehachi-22',49311,'8772569','1999-09-08','ポルノグラフティ／アポロ（Cover）','UCFDL0NuxUBAvvu1PnIwW2ww',NULL,0),('Zy46FW5heU0','Life goes on／Dragon Ash（Cover）','Life goes on','http://www.youtube.com/watch?v=Zy46FW5heU0','http://i.ytimg.com/vi/Zy46FW5heU0/0.jpg','2010-11-02 04:31:48','2014-05-09 09:59:23','2020-04-15 09:04:54','http://www.amazon.co.jp/gp/product/B000SQKV4G/ref=as_li_qf_sp_asin_il_tl?ie=UTF8&camp=247&creative=1211&creativeASIN=B000SQKV4G&linkCode=as2&tag=maehachi-22',1994048,'10517678','2002-01-23','','UCFDL0NuxUBAvvu1PnIwW2ww',NULL,0),('zZ1g2tAXqWQ','この指とまれ／Goose house（Original）','この指とまれ','http://www.youtube.com/watch?v=zZ1g2tAXqWQ','http://i.ytimg.com/vi/zZ1g2tAXqWQ/0.jpg','2013-03-19 11:01:13','2014-05-09 09:59:21','2019-07-14 11:17:02','',4380978,'29848622','2013-03-20','','UCFDL0NuxUBAvvu1PnIwW2ww',NULL,0);
/*!40000 ALTER TABLE `youtubes` ENABLE KEYS */;
UNLOCK TABLES;
/*!40103 SET TIME_ZONE=@OLD_TIME_ZONE */;

/*!40101 SET SQL_MODE=@OLD_SQL_MODE */;
/*!40014 SET FOREIGN_KEY_CHECKS=@OLD_FOREIGN_KEY_CHECKS */;
/*!40014 SET UNIQUE_CHECKS=@OLD_UNIQUE_CHECKS */;
/*!40101 SET CHARACTER_SET_CLIENT=@OLD_CHARACTER_SET_CLIENT */;
/*!40101 SET CHARACTER_SET_RESULTS=@OLD_CHARACTER_SET_RESULTS */;
/*!40101 SET COLLATION_CONNECTION=@OLD_COLLATION_CONNECTION */;
/*!40111 SET SQL_NOTES=@OLD_SQL_NOTES */;

-- Dump completed on 2023-01-08 11:56:02
